name,matched_name
chris morris,CH Morris
dirk nannes,DP Nannes
ben laughlin,B Laughlin
akila dananjaya,A Dananjaya
jason holder,JO Holder
johan botha,J Botha
manpreet gony,MS Gony
luke pomersbach,LA Pomersbach
sachithra senanayake,SMSM Senanayake
ryan mclaren,R McLaren
nathan coulter-nile,NM Coulter-Nile
ricky ponting,RT Ponting
jacob oram,JDP Oram
kane richardson,KW Richardson
abhishek nayar,AM Nayar
james faulkner,JP Faulkner
jaydev unadkat,JD Unadkat
moises henriques,MC Henriques
pankaj singh,P Simran Singh
daniel christian,DT Christian
thisara perera,NLTC Perera
daren sammy,DJG Sammy
sudeep tyagi,Kartik Tyagi
nathan mccullum,BB McCullum
quinton de kock,Q de Kock
faf du plessis,F du Plessis
dwayne smith,DR Smith
ashish nehra,A Nehra
mohit sharma,MM Sharma
ishwar pandey,IC Pandey
ben hilfenhaus,BW Hilfenhaus
john hastings,JW Hastings
samuel badree,S Badree
matt henry,MJ Henry
mithun manhas,M Manhas
vijay shankar,V Shankar
ronit more,RG More
pawan negi,P Negi
dinesh karthik,KD Karthik
kevin pietersen,KP Pietersen
murali vijay,M Vijay
mohammed shami,Mohammed Shami
nathan coulter-nile,NM Coulter-Nile
quinton de kock,Q de Kock
manoj tiwary,MK Tiwary
jaydev unadkat,JD Unadkat
jean-paul duminy,JP Duminy
ross taylor,LRPL Taylor
rahul sharma,RG Sharma
mayank agarawal,MA Agarwal
laxmi shukla,LR Shukla
james neesham,JDS Neesham
wayne parnell,WD Parnell
shahbaz nadeem,S Nadeem
siddarth kaul,S Kaul
rahul shukla,R Shukla
jayant yadav,J Yadav
hs sharath,BR Sharath
milind kumar,Mukesh Kumar
mitchell johnson,MG Johnson
george bailey,GJ Bailey
virender sehwag,V Sehwag
rishi dhawan,R Dhawan
wriddhiman saha,WP Saha
cheteshwar pujara,CA Pujara
beuran hendricks,BE Hendricks
lakshmipathy balaji,L Balaji
sandeep sharma,Sandeep Sharma
mandeep singh,Mandeep Singh
axar patel,AR Patel
shardul thakur,SN Thakur
anureet singh,Arshdeep Singh
shivam sharma,Sandeep Sharma
jacques kallis,JH Kallis
robin uthappa,RV Uthappa
yusuf pathan,YK Pathan
shakib al hasan,Shakib Al Hasan
morne morkel,M Morkel
vinay kumar,Ashwani Kumar
umesh yadav,UT Yadav
chris lynn,CA Lynn
pat cummins,PJ Cummins
ryan ten doeschate,RN ten Doeschate
suryakumar yadav,SA Yadav
andre russell,AD Russell
manvinder bisla,MS Bisla
veer pratap singh,Virat Singh
kuldip yadav,Kuldeep Yadav
debabrata das,DB Das
michael hussey,MEK Hussey
corey anderson,CJ Anderson
pragyan ojha,PP Ojha
zaheer khan,Z Khan
jasprit bumrah,JJ Bumrah
jalaj saxena,Jalaj S Saxena
josh hazlewood,JR Hazlewood
marchant de lange,M de Lange
krishmar santokie,K Santokie
ben dunk,BR Dunk
cm gautam,CM Gautam
pawan suyal,P Suyal
shreyas gopal,S Gopal
steven smith,SPD Smith
brad hodge,BJ Hodge
rajat bhatia,R Bhatia
tim southee,TG Southee
dhawal kulkarni,DS Kulkarni
abhishek nayar,AM Nayar
kane richardson,KW Richardson
ben cutting,BCJ Cutting
karun nair,KK Nair
iqbal abdulla,Iqbal Abdulla
dishant yagnik,DH Yagnik
kevon cooper,KK Cooper
vikramjeet singh malik,VS Malik
ankit sharma,Abhishek Sharma
rahul tewatia,R Tewatia
amit mishra,A Mishra
pravin tambe,PV Tambe
yuvraj singh,Yudhvir Singh
varun aaron,VR Aaron
ashok dinda,AB Dinda
parthiv patel,PA Patel
muttiah muralitharan,M Muralitharan
ravi rampaul,R Rampaul
nic maddinson,NJ Maddinson
harshal patel,HV Patel
sachin rana,S Rana
shadab jakati,SB Jakati
sandeep warrier,S Sandeep Warrier
tanmay mishra,A Mishra
yogesh takawale,YV Takawale
yuzvendra chahal,YS Chahal
david warner,DA Warner
amit mishra,A Mishra
bhuvneshwar kumar,B Kumar
aaron finch,AJ Finch
karn sharma,KV Sharma
daren sammy,DJG Sammy
ishant sharma,I Sharma
irfan pathan,IK Pathan
moises henriques,MC Henriques
kl rahul,KL Rahul
parvez rasool,Parvez Rasool
jason holder,JO Holder
venugopal rao,Y Venugopal Rao
naman ojha,NV Ojha
brendan taylor,LRPL Taylor
ashish reddy,A Ashish Reddy
srikkanth anirudha,S Anirudha
ricky bhui,RK Bhui
manprit juneja,MC Juneja
michael hussey,MEK Hussey
irfan pathan,IK Pathan
rahul sharma,RG Sharma
kyle abbott,KJ Abbott
andrew tye,AJ Tye
pratyush singh,P Simran Singh
eklavya dwivedi,ER Dwivedi
yuvraj singh,Yudhvir Singh
angelo mathews,AD Mathews
zaheer khan,Z Khan
amit mishra,A Mishra
gurinder sandhu,GS Sandhu
jaydev unadkat,JD Unadkat
domnic muthuswami,DJ Muthuswami
travis head,TM Head
marcus stoinis,MP Stoinis
cm gautam,CM Gautam
srikar bharat,KS Bharat
murali vijay,M Vijay
nikhil naik,NS Naik
kc cariappa,KC Cariappa
james neesham,JDS Neesham
brad hogg,GB Hogg
sheldon jackson,SP Jackson
sumit narwal,S Narwal
aaron finch,AJ Finch
pragyan ojha,PP Ojha
abhimanyu mithun,A Mithun
mitchell mcclenaghan,MJ McClenaghan
hardik pandya,HH Pandya
nitish rana,N Rana
siddhesh lad,SD Lad
jagadeesha suchith,J Suchith
chris morris,CH Morris
rusty theron,J Theron
sagar trivedi,SK Trivedi
pardeep sahu,P Sahu
daren sammy,DJG Sammy
david wiese,D Wiese
sean abbott,SA Abbott
adam milne,AF Milne
sarfaraz khan,SN Khan
jalaj saxena,Jalaj S Saxena
praveen kumar,P Kumar
kevin pietersen,KP Pietersen
eoin morgan,EJG Morgan
ravi bopara,RS Bopara
laxmi shukla,LR Shukla
hanuma vihari,GH Vihari
siddarth kaul,S Kaul
pawan negi,P Negi
chris morris,CH Morris
sanju samson,SV Samson
carlos brathwaite,CR Brathwaite
karun nair,KK Nair
rishabh pant,RR Pant
sam billings,SW Billings
pratyush singh,P Simran Singh
mahipal lomror,MK Lomror
khaleel ahmed,KK Ahmed
pawan suyal,P Suyal
praveen kumar,P Kumar
dale steyn,DW Steyn
dwayne smith,DR Smith
dhawal kulkarni,DS Kulkarni
aaron finch,AJ Finch
eklavya dwivedi,ER Dwivedi
andrew tye,AJ Tye
ishan kishan,Ishan Kishan
jaydev shah,OA Shah
shadab jakati,SB Jakati
pravin tambe,PV Tambe
pradeep sangwan,PJ Sangwan
amit mishra,A Mishra
akshdeep nath,AD Nath
sarabjit ladda,S Ladda
umang sharma,MM Sharma
paras dogra,P Dogra
mohit sharma,MM Sharma
kyle abbott,KJ Abbott
kc cariappa,KC Cariappa
marcus stoinis,MP Stoinis
farhaan behardien,F Behardien
pardeep sahu,P Sahu
swapnil singh,Simarjeet Singh
jaydev unadkat,JD Unadkat
ankit singh,Arshdeep Singh
john hastings,JW Hastings
jason holder,JO Holder
rajagopal sathish,R Sathish
manan sharma,MM Sharma
jos buttler,JC Buttler
nathu singh,NB Singh
tim southee,TG Southee
krunal pandya,KH Pandya
jitesh sharma,JM Sharma
mitchell marsh,MR Marsh
murugan ashwin,M Ashwin
ishant sharma,I Sharma
kevin pietersen,KP Pietersen
irfan pathan,IK Pathan
rajat bhatia,R Bhatia
ashok dinda,AB Dinda
scott boland,SM Boland
peter handscomb,PSP Handscomb
adam zampa,A Zampa
ishwar pandey,IC Pandey
deepak chahar,DL Chahar
jaskaran singh,Arshdeep Singh
ankit sharma,Abhishek Sharma
shane watson,SR Watson
stuart binny,STR Binny
kane richardson,KW Richardson
samuel badree,S Badree
travis head,TM Head
praveen dubey,P Dubey
vikramjeet singh malik,VS Malik
iqbal abdulla,Iqbal Abdulla
sachin baby,Sachin Baby
yuvraj singh,Yudhvir Singh
ashish nehra,A Nehra
mustafizur rahman,Mujeeb Ur Rahman
ben cutting,BCJ Cutting
vijay shankar,V Shankar
abhimanyu mithun,A Mithun
tirumalsetti suman,TL Suman
kagiso rabada,K Rabada
pat cummins,PJ Cummins
angelo mathews,AD Mathews
corey anderson,CJ Anderson
murugan ashwin,M Ashwin
ankit bawne,AR Bawne
navdeep saini,NA Saini
shashank singh,Simarjeet Singh
jason roy,JJ Roy
basil thampi,Basil Thampi
manpreet gony,MS Gony
nathu singh,NB Singh
munaf patel,MM Patel
akshdeep nath,AD Nath
shubham agarwal,SS Agarwal
pratham singh,P Simran Singh
varun aaron,VR Aaron
eoin morgan,EJG Morgan
matt henry,MJ Henry
daren sammy,DJG Sammy
rahul tewatia,R Tewatia
rinku singh,RK Singh
chris woakes,CR Woakes
nathan coulter-nile,NM Coulter-Nile
rishi dhawan,R Dhawan
darren bravo,DM Bravo
rovman powell,R Powell
sanjay yadav,SA Yadav
ishank jaggi,IR Jaggi
karn sharma,KV Sharma
krishnappa gowtham,K Gowtham
mitchell johnson,MG Johnson
nicholas pooran,N Pooran
kulwant khejroliya,K Khejroliya
ben stokes,BA Stokes
daniel christian,DT Christian
manoj tiwary,MK Tiwary
lockie ferguson,LH Ferguson
jaydev unadkat,JD Unadkat
rahul chahar,RD Chahar
saurabh kumar,Sumit Kumar
rahul tripathi,RA Tripathi
tymal mills,TS Mills
aniket choudhary,A Choudhary
pawan negi,P Negi
praveen dubey,P Dubey
rashid khan,Rashid Khan
eklavya dwivedi,ER Dwivedi
chris jordan,CJ Jordan
mohammad nabi,Mohammad Nabi
ben laughlin,B Laughlin
pravin tambe,PV Tambe
tanmay agarwal,MA Agarwal
dwayne bravo,DM Bravo
karn sharma,KV Sharma
shane watson,SR Watson
shardul thakur,SN Thakur
murali vijay,M Vijay
harbhajan singh,Harmeet Singh
faf du plessis,F du Plessis
sam billings,SW Billings
imran tahir,Imran Tahir
deepak chahar,DL Chahar
mitchell santner,MJ Santner
lungi ngidi,L Ngidi
km asif,KM Asif
n jagadeesan,N Jagadeesan
manoj singh,Mandeep Singh
dhruv shorey,DR Shorey
kshitiz sharma,KV Sharma
chaitanya bishnoi,Ravi Bishnoi
kagiso rabada,K Rabada
amit mishra,A Mishra
shahbaz nadeem,S Nadeem
vijay shankar,V Shankar
rahul tewatia,R Tewatia
mohammed shami,Mohammed Shami
gautam gambhir,G Gambhir
colin munro,C Munro
daniel christian,DT Christian
jason roy,JJ Roy
naman ojha,NV Ojha
prithvi shaw,PP Shaw
avesh khan,Arshad Khan
jayant yadav,J Yadav
harshal patel,HV Patel
sandeep lamichhane,S Lamichhane
kl rahul,KL Rahul
ravichandran ashwin,R Ashwin
andrew tye,AJ Tye
aaron finch,AJ Finch
marcus stoinis,MP Stoinis
karun nair,KK Nair
mujeeb ur rahman,Mujeeb Ur Rahman
ankit singh,Arshdeep Singh
david miller,DA Miller
mohit sharma,MM Sharma
yuvraj singh,Yudhvir Singh
chris gayle,CH Gayle
akshdeep nath,AD Nath
manoj tiwary,MK Tiwary
manzoor dar,RM Patidar
pardeep sahu,P Sahu
mayank dagar,Mayank Dagar
chris lynn,CA Lynn
robin uthappa,RV Uthappa
kuldip yadav,Kuldeep Yadav
nitish rana,N Rana
kamlesh nagarkoti,KL Nagarkoti
shivam mavi,Shivam Mavi
mitchell johnson,MG Johnson
shubman gill,Shubman Gill
vinay kumar,Ashwani Kumar
rinku singh,RK Singh
javon searles,JPR Scantlebury-Searles
ishank jaggi,IR Jaggi
krunal pandya,KH Pandya
ishan kishan,Ishan Kishan
kieron pollard,KA Pollard
pat cummins,PJ Cummins
evin lewis,E Lewis
suryakumar yadav,SA Yadav
ben cutting,BCJ Cutting
mustafizur rahman,Mujeeb Ur Rahman
rahul chahar,RD Chahar
pradeep sangwan,PJ Sangwan
jason behrendorff,JP Behrendorff
jean-paul duminy,JP Duminy
akila dananjaya,A Dananjaya
siddhesh lad,SD Lad
mayank markande,M Markande
anukul roy,AS Roy
mohsin khan,M Shahrukh Khan
ben stokes,BA Stokes
jaydev unadkat,JD Unadkat
sanju samson,SV Samson
krishnappa gowtham,K Gowtham
jos buttler,JC Buttler
ajinkya rahane,AM Rahane
d arcy short,DJM Short
rahul tripathi,RA Tripathi
dhawal kulkarni,DS Kulkarni
zahir khan,Z Khan
ben laughlin,B Laughlin
stuart binny,STR Binny
dushmantha chameera,PVD Chameera
anureet singh,Arshdeep Singh
aryaman birla,UA Birla
sudhesan midhun,S Midhun
shreyas gopal,S Gopal
prashant chopra,P Chopra
jatin saxena,Jalaj S Saxena
ankit sharma,Abhishek Sharma
mahipal lomror,MK Lomror
chris woakes,CR Woakes
yuzvendra chahal,YS Chahal
umesh yadav,UT Yadav
washington sundar,Washington Sundar
navdeep saini,NA Saini
quinton de kock,Q de Kock
nathan coulter-nile,NM Coulter-Nile
colin de grandhomme,C de Grandhomme
murugan ashwin,M Ashwin
parthiv patel,PA Patel
moeen ali,MM Ali
mandeep singh,Mandeep Singh
manan vohra,M Vohra
pawan negi,P Negi
tim southee,TG Southee
kulwant khejroliya,K Khejroliya
aniket choudhary,A Choudhary
pavan deshpande,TU Deshpande
rashid khan,Rashid Khan
wriddhiman saha,WP Saha
siddarth kaul,S Kaul
khaleel ahmed,KK Ahmed
sandeep sharma,Sandeep Sharma
carlos brathwaite,CR Brathwaite
shakib al hasan,Shakib Al Hasan
yusuf pathan,YK Pathan
shreevats goswami,SP Goswami
mohammad nabi,Mohammad Nabi
chris jordan,CJ Jordan
basil thampi,Basil Thampi
sachin baby,Sachin Baby
bipul sharma,Bipul Sharma
mahedi hasan,Shakib Al Hasan
ricky bhui,RK Bhui
tanmay agarwal,MA Agarwal
mohit sharma,MM Sharma
ruturaj gaikwad,RD Gaikwad
colin ingram,CA Ingram
axar patel,AR Patel
hanuma vihari,GH Vihari
sherfane rutherford,SE Rutherford
ishant sharma,I Sharma
keemo paul,KMA Paul
jalaj saxena,Jalaj S Saxena
nathu singh,NB Singh
varun chakravarthy,CV Varun
sam curran,SM Curran
mohammed shami,Mohammed Shami
nicholas pooran,N Pooran
moises henriques,MC Henriques
hardus viljoen,GC Viljoen
darshan nalkande,DG Nalkande
sarfaraz khan,SN Khan
arshdeep singh,Arshdeep Singh
murugan ashwin,M Ashwin
carlos brathwaite,CR Brathwaite
lockie ferguson,LH Ferguson
joe denly,JL Denly
harry gurney,HF Gurney
nikhil naik,NS Naik
anrich nortje,A Nortje
lasith malinga,SL Malinga
yuvraj singh,Yudhvir Singh
anmolpreet singh,Arshdeep Singh
rasikh dar salam,Rasikh Salam
jaydev unadkat,JD Unadkat
varun aaron,VR Aaron
ashton turner,AJ Turner
liam livingstone,LS Livingstone
shashank singh,Simarjeet Singh
riyan parag,R Parag
manan vohra,M Vohra
shimron hetmyer,SO Hetmyer
akshdeep nath,AD Nath
prayas barman,P Ray Barman
himmat singh,Harmeet Singh
heinrich klaasen,H Klaasen
devdutt padikkal,D Padikkal
milind kumar,Mukesh Kumar
jonny bairstow,JM Bairstow
wriddhiman saha,WP Saha
sam curran,SM Curran
josh hazlewood,JR Hazlewood
ravisrinivasan sai kishore,R Sai Kishore
shimron hetmyer,SO Hetmyer
marcus stoinis,MP Stoinis
alex carey,AT Carey
jason roy,JJ Roy
chris woakes,CR Woakes
mohit sharma,MM Sharma
tushar deshpande,TU Deshpande
lalit yadav,Lalit Yadav
sheldon cottrell,SS Cottrell
chris jordan,CJ Jordan
james neesham,JDS Neesham
ishan porel,IC Porel
pat cummins,PJ Cummins
eoin morgan,EJG Morgan
rahul tripathi,RA Tripathi
chris green,CJ Green
nikhil naik,NS Naik
pravin tambe,PV Tambe
manimaran siddharth,M Siddharth
nathan coulter-nile,NM Coulter-Nile
chris lynn,CA Lynn
mohsin khan,M Shahrukh Khan
robin uthappa,RV Uthappa
jaydev unadkat,JD Unadkat
yashasvi jaiswal,YBK Jaiswal
kartik tyagi,Kartik Tyagi
tom curran,TK Curran
andrew tye,AJ Tye
anuj rawat,Anuj Rawat
david miller,DA Miller
akash maharaj singh,Arshdeep Singh
chris morris,CH Morris
aaron finch,AJ Finch
kane richardson,KW Richardson
dale steyn,DW Steyn
isuru udana,I Udana
shahbaz ahmed,Shahbaz Ahmed
josh philippe,JR Philippe
pavan deshpande,TU Deshpande
mitchell marsh,MR Marsh
priyam garg,PK Garg
virat singh,Virat Singh
fabian allen,FA Allen
sanjay yadav,SA Yadav
abdul samad,Abdul Samad
krishnappa gowtham,K Gowtham
moeen ali,MM Ali
cheteshwar pujara,CA Pujara
bhagath varma,Tilak Varma
harishankar reddy,A Ashish Reddy
tom curran,TK Curran
steven smith,SPD Smith
sam billings,SW Billings
umesh yadav,UT Yadav
ripal patel,RV Patel
vishnu vinod,Vishnu Vinod
manimaran siddharth,M Siddharth
shakib al hasan,Shakib Al Hasan
harbhajan singh,Harmeet Singh
ben cutting,BCJ Cutting
karun nair,KK Nair
pawan negi,P Negi
venkatesh iyer,VR Iyer
sheldon jackson,SP Jackson
vaibhav arora,VG Arora
nathan coulter-nile,NM Coulter-Nile
adam milne,AF Milne
james neesham,JDS Neesham
marco jansen,M Jansen
arjun tendulkar,Arjun Tendulkar
jhye richardson,JA Richardson
riley meredith,RP Meredith
shahrukh khan,SN Khan
moises henriques,MC Henriques
dawid malan,DJ Malan
fabian allen,FA Allen
jalaj saxena,Jalaj S Saxena
saurabh kumar,Sumit Kumar
utkarsh singh,Karanveer Singh
chris morris,CH Morris
chetan sakariya,C Sakariya
mustafizur rahman,Mujeeb Ur Rahman
liam livingstone,LS Livingstone
kc cariappa,KC Cariappa
akash maharaj singh,Arshdeep Singh
kuldeep yadav,Kuldeep Yadav
kyle jamieson,KA Jamieson
daniel christian,DT Christian
sachin baby,Sachin Baby
rajat patidar,RM Patidar
suyash prabhudessai,SS Prabhudessai
srikar bharat,KS Bharat
mujeeb ur rahman,Mujeeb Ur Rahman
jagadeesha suchith,J Suchith
robin uthappa,RV Uthappa
dwayne bravo,DM Bravo
deepak chahar,DL Chahar
n jagadeesan,N Jagadeesan
km asif,KM Asif
tushar deshpande,TU Deshpande
chris jordan,CJ Jordan
maheesh theekshana,M Theekshana
rs hangargekar,RS Hangargekar
simarjeet singh,Simarjeet Singh
devon conway,DP Conway
dwaine pretorius,D Pretorius
mitchell santner,MJ Santner
adam milne,AF Milne
mukesh choudhary,Mukesh Choudhary
prashant solanki,PH Solanki
bhagath varma,Tilak Varma
david warner,DA Warner
mitchell marsh,MR Marsh
mustafizur rahman,Mujeeb Ur Rahman
shardul thakur,SN Thakur
kuldeep yadav,Kuldeep Yadav
sarfaraz khan,SN Khan
kamlesh nagarkoti,KL Nagarkoti
srikar bharat,KS Bharat
mandeep singh,Mandeep Singh
khaleel ahmed,KK Ahmed
lungi ngidi,L Ngidi
chetan sakariya,C Sakariya
yash dhull,YV Dhull
ripal patel,RV Patel
lalit yadav,Lalit Yadav
rovman powell,R Powell
tim seifert,TL Seifert
praveen dubey,P Dubey
mohammed shami,Mohammed Shami
david miller,DA Miller
jason roy,JJ Roy
wriddhiman saha,WP Saha
matthew wade,MS Wade
lockie ferguson,LH Ferguson
abhinav manohar,A Manohar
rahul tewatia,R Tewatia
ravisrinivasan sai kishore,R Sai Kishore
vijay shankar,V Shankar
jayant yadav,J Yadav
darshan nalkande,DG Nalkande
yash dayal,Yash Dayal
sai sudharsan,B Sai Sudharsan
alzarri joseph,AS Joseph
varun aaron,VR Aaron
pradeep sangwan,PJ Sangwan
pat cummins,PJ Cummins
mohammad nabi,Mohammad Nabi
nitish rana,N Rana
sam billings,SW Billings
umesh yadav,UT Yadav
shivam mavi,Shivam Mavi
sheldon jackson,SP Jackson
ajinkya rahane,AM Rahane
rinku singh,RK Singh
anukul roy,AS Roy
alex hales,AD Hales
rasikh dar salam,Rasikh Salam
tim southee,TG Southee
baba indrajith,B Indrajith
abhijeet tomar,A Tomar
aman hakim khan,Arshad Khan
ramesh kumar,R Vinay Kumar
pratham singh,P Simran Singh
ashok sharma,Abhishek Sharma
quinton de kock,Q de Kock
krunal pandya,KH Pandya
avesh khan,Arshad Khan
ankit singh,Arshdeep Singh
krishnappa gowtham,K Gowtham
dushmantha chameera,PVD Chameera
shahbaz nadeem,S Nadeem
manan vohra,M Vohra
evin lewis,E Lewis
mohsin khan,M Shahrukh Khan
mayank yadav,MP Yadav
ayush badoni,A Badoni
kyle mayers,KR Mayers
karn sharma,KV Sharma
jason holder,JO Holder
ishan kishan,Ishan Kishan
dewald brevis,D Brevis
anmolpreet singh,Arshdeep Singh
basil thampi,Basil Thampi
murugan ashwin,M Ashwin
jaydev unadkat,JD Unadkat
mayank markande,M Markande
sanjay yadav,SA Yadav
daniel sams,DR Sams
tymal mills,TS Mills
tim david,TH David
ramandeep singh,RK Singh
fabian allen,FA Allen
riley meredith,RP Meredith
hrithik shokeen,HR Shokeen
arshad khan,Arshad Khan
arjun tendulkar,Arjun Tendulkar
kagiso rabada,K Rabada
jonny bairstow,JM Bairstow
rahul chahar,RD Chahar
shahrukh khan,SN Khan
jitesh sharma,JM Sharma
ishan porel,IC Porel
liam livingstone,LS Livingstone
odean smith,OF Smith
sandeep sharma,Sandeep Sharma
raj bawa,RA Bawa
rishi dhawan,R Dhawan
nathan ellis,NT Ellis
prerak mankad,PN Mankad
atharva taide,Atharva Taide
vaibhav arora,VG Arora
bhanuka rajapaksa,PBB Rajapaksa
ansh patel,AR Patel
ravichandran ashwin,R Ashwin
shimron hetmyer,SO Hetmyer
devdutt padikkal,D Padikkal
prasidh krishna,M Prasidh Krishna
yuzvendra chahal,YS Chahal
riyan parag,R Parag
kc cariappa,KC Cariappa
james neesham,JDS Neesham
nathan coulter-nile,NM Coulter-Nile
navdeep saini,NA Saini
karun nair,KK Nair
rassie van der dussen,HE van der Dussen
daryl mitchell,DJ Mitchell
obed mccoy,OC McCoy
dhruv jurel,Dhruv Jurel
tejas baroka,Tejas Baroka
kuldeep yadav,Kuldeep Yadav
anunay singh,Arshdeep Singh
faf du plessis,F du Plessis
wanindu hasaranga,PWH de Silva
harshal patel,HV Patel
josh hazlewood,JR Hazlewood
shahbaz ahmed,Shahbaz Ahmed
anuj rawat,Anuj Rawat
akash deep,Akash Deep
karn sharma,KV Sharma
mahipal lomror,MK Lomror
sherfane rutherford,SE Rutherford
jason behrendorff,JP Behrendorff
siddarth kaul,S Kaul
suyash prabhudessai,SS Prabhudessai
aneeshwar gautam,CM Gautam
david willey,DJ Willey
washington sundar,Washington Sundar
nicholas pooran,N Pooran
bhuvneshwar kumar,B Kumar
priyam garg,PK Garg
rahul tripathi,RA Tripathi
vishnu vinod,Vishnu Vinod
kartik tyagi,Kartik Tyagi
shreyas gopal,S Gopal
jagadeesha suchith,J Suchith
aiden markram,AK Markram
marco jansen,M Jansen
romario shepherd,R Shepherd
glenn phillips,GD Phillips
fazalhaq farooqi,Fazalhaq Farooqi
sean abbott,SA Abbott
shashank singh,Simarjeet Singh
saurabh dubey,SB Dubey
ajinkya rahane,AM Rahane
bhagath varma,Tilak Varma
kyle jamieson,KA Jamieson
shaik rasheed,SK Rasheed
ben stokes,BA Stokes
philip salt,PD Salt
ishant sharma,I Sharma
rilee rossouw,RR Rossouw
mukesh kumar,Mukesh Kumar
shivam mavi,Shivam Mavi
srikar bharat,KS Bharat
urvil patel,Urvil Patel
mohit sharma,MM Sharma
joshua little,J Little
odean smith,OF Smith
kulwant khejroliya,K Khejroliya
shakib al hasan,Shakib Al Hasan
vaibhav arora,VG Arora
n jagadeesan,N Jagadeesan
david wiese,D Wiese
mandeep singh,Mandeep Singh
litton das,Liton Das
suyash sharma,Sandeep Sharma
amit mishra,A Mishra
nicholas pooran,N Pooran
romario shepherd,R Shepherd
daniel sams,DR Sams
swapnil singh,Simarjeet Singh
prerak mankad,PN Mankad
yash thakur,Yash Thakur
naveen-ul-haq,naveen-ul-haq
jaydev unadkat,JD Unadkat
jhye richardson,JA Richardson
raghav goyal,R Goyal
cameron green,CJ Green
vishnu vinod,Vishnu Vinod
duan jansen,D Jansen
shams mulani,SZ Mulani
harpreet singh bhatia,R Bhatia
shivam singh,Simarjeet Singh
vidhwath kaverappa,V Kaverappa
mohit rathee,Mohit Rathee
sam curran,SM Curran
sikandar raza,Sikandar Raza
jason holder,JO Holder
adam zampa,A Zampa
donovan ferreira,D Ferreira
kunal singh rathore,KS Rathore
murugan ashwin,M Ashwin
km asif,KM Asif
sonu yadav,SA Yadav
himanshu sharma,H Sharma
avinash singh,Arshdeep Singh
manoj bhandage,MS Bhandage
will jacks,WG Jacks
reece topley,RJW Topley
rajan kumar,R Vinay Kumar
sanvir singh,Simarjeet Singh
harry brook,HC Brook
heinrich klaasen,H Klaasen
akeal hosein,AJ Hosein
mayank markande,M Markande
adil rashid,AU Rashid
anmolpreet singh,Arshdeep Singh
vivrant sharma,Vivrant Sharma
nitish kumar reddy,Nithish Kumar Reddy
mayank dagar,Mayank Dagar
mustafizur rahman,Mujeeb Ur Rahman
daryl mitchell,DJ Mitchell
sameer rizvi,Sameer Rizvi
rachin ravindra,R Ravindra
shardul thakur,SN Thakur
ricky bhui,RK Bhui
sumit kumar,Sumit Kumar
jhye richardson,JA Richardson
shai hope,SD Hope
rasikh dar salam,Rasikh Salam
kumar kushagra,Kumar Kushagra
tristan stubbs,T Stubbs
harry brook,HC Brook
kartik tyagi,Kartik Tyagi
spencer johnson,SH Johnson
manav suthar,MJ Suthar
robin minz,R Minz
sushant mishra,A Mishra
azmatullah omarzai,Azmatullah Omarzai
shahrukh khan,SN Khan
umesh yadav,UT Yadav
mujeeb ur rahman,Mujeeb Ur Rahman
angkrish raghuvanshi,A Raghuvanshi
sherfane rutherford,SE Rutherford
ramandeep singh,RK Singh
srikar bharat,KS Bharat
chetan sakariya,C Sakariya
ashton turner,AJ Turner
david willey,DJ Willey
manimaran siddharth,M Siddharth
shivam mavi,Shivam Mavi
arshin kulkarni,AA Kulkarni
arshad khan,Arshad Khan
shreyas gopal,S Gopal
shivalik sharma,Sandeep Sharma
anshul kamboj,A Kamboj
mohammad nabi,Mohammad Nabi
naman dhir,Naman Dhir
nuwan thushara,N Thushara
gerald coetzee,G Coetzee
chris woakes,CR Woakes
vishwanath singh,Virat Singh
ashutosh sharma,Abhishek Sharma
shashank singh,Simarjeet Singh
rilee rossouw,RR Rossouw
harshal patel,HV Patel
shubham dubey,SB Dubey
rovman powell,R Powell
nandre burger,N Burger
tom kohler-cadmore,T Kohler-Cadmore
lockie ferguson,LH Ferguson
tom curran,TK Curran
saurav chauhan,Saurav Chauhan
alzarri joseph,AS Joseph
swapnil singh,Simarjeet Singh
yash dayal,Yash Dayal
akash maharaj singh,Arshdeep Singh
jaydev unadkat,JD Unadkat
pat cummins,PJ Cummins
travis head,TM Head
ravichandran ashwin,R Ashwin
devon conway,DP Conway
khaleel ahmed,KK Ahmed
rachin ravindra,R Ravindra
anshul kamboj,A Kamboj
rahul tripathi,RA Tripathi
sam curran,SM Curran
gurjapneet singh,Gurkeerat Singh
nathan ellis,NT Ellis
jamie overton,J Overton
vijay shankar,V Shankar
andre siddarth c,MA Starc
shreyas gopal,S Gopal
kamlesh nagarkoti,KL Nagarkoti
mukesh choudhary,Mukesh Choudhary
shaik rasheed,SK Rasheed
kl rahul,KL Rahul
jake fraser-mcgurk,J Fraser-McGurk
mukesh kumar,Mukesh Kumar
harry brook,HC Brook
ashutosh sharma,Abhishek Sharma
mohit sharma,MM Sharma
faf du plessis,F du Plessis
sameer rizvi,Sameer Rizvi
donovan ferreira,D Ferreira
dushmantha chameera,PVD Chameera
vipraj nigam,V Nigam
karun nair,KK Nair
madhav tiwari,M Tiwari
tripurana vijay,M Vijay
manvanth kumar l,MJ Guptill
darshan nalkande,DG Nalkande
jos buttler,JC Buttler
kagiso rabada,K Rabada
prasidh krishna,M Prasidh Krishna
washington sundar,Washington Sundar
sherfane rutherford,SE Rutherford
gerald coetzee,G Coetzee
glenn phillips,GD Phillips
ravisrinivasan sai kishore,R Sai Kishore
mahipal lomror,MK Lomror
gurnoor brar,Gurnoor Brar
arshad khan,Arshad Khan
karim janat,Karim Janat
jayant yadav,J Yadav
ishant sharma,I Sharma
kumar kushagra,Kumar Kushagra
kulwant khejroliya,K Khejroliya
manav suthar,MJ Suthar
anuj rawat,Anuj Rawat
venkatesh iyer,VR Iyer
anrich nortje,A Nortje
quinton de kock,Q de Kock
angkrish raghuvanshi,A Raghuvanshi
spencer johnson,SH Johnson
moeen ali,MM Ali
rahmanullah gurbaz,Rahmanullah Gurbaz
vaibhav arora,VG Arora
ajinkya rahane,AM Rahane
rovman powell,R Powell
umran malik,Umran Malik
anukul roy,AS Roy
mayank markande,M Markande
rishabh pant,RR Pant
avesh khan,Arshad Khan
akash deep,Akash Deep
david miller,DA Miller
abdul samad,Abdul Samad
mitchell marsh,MR Marsh
shahbaz ahmed,Shahbaz Ahmed
aiden markram,AK Markram
matthew breetzke,MP Breetzke
shamar joseph,S Joseph
manimaran siddharth,M Siddharth
arshin kulkarni,AA Kulkarni
rs hangargekar,RS Hangargekar
prince yadav,Prince Yadav
akash maharaj singh,Arshdeep Singh
digvesh singh,Gurkeerat Singh
himmat singh,Harmeet Singh
deepak chahar,DL Chahar
will jacks,WG Jacks
naman dhir,Naman Dhir
mitchell santner,MJ Santner
ryan rickelton,RD Rickelton
lizaad williams,LB Williams
reece topley,RJW Topley
robin minz,R Minz
karn sharma,KV Sharma
vignesh puthur,V Puthur
arjun tendulkar,Arjun Tendulkar
penmetsa raju,PVSN Raju
raj bawa,RA Bawa
ashwani kumar,Ashwani Kumar
yuzvendra chahal,YS Chahal
arshdeep singh,Arshdeep Singh
marcus stoinis,MP Stoinis
marco jansen,M Jansen
priyansh arya,Priyansh Arya
josh inglis,JP Inglis
azmatullah omarzai,Azmatullah Omarzai
lockie ferguson,LH Ferguson
vijaykumar vyshak,Vijaykumar Vyshak
yash thakur,Yash Thakur
vishnu vinod,Vishnu Vinod
xavier bartlett,XC Bartlett
praveen dubey,P Dubey
suryansh shedge,Suryansh Shedge
musheer khan,M Shahrukh Khan
tushar deshpande,TU Deshpande
maheesh theekshana,M Theekshana
nitish rana,N Rana
fazalhaq farooqi,Fazalhaq Farooqi
kwena maphaka,KT Maphaka
akash madhwal,Akash Madhwal
vaibhav suryavanshi,V Suryavanshi
shubham dubey,SB Dubey
ashok sharma,Abhishek Sharma
kunal singh rathore,KS Rathore
josh hazlewood,JR Hazlewood
philip salt,PD Salt
jitesh sharma,JM Sharma
bhuvneshwar kumar,B Kumar
liam livingstone,LS Livingstone
rasikh dar salam,Rasikh Salam
krunal pandya,KH Pandya
tim david,TH David
jacob bethell,JG Bethell
suyash sharma,Sandeep Sharma
devdutt padikkal,D Padikkal
nuwan thushara,N Thushara
romario shepherd,R Shepherd
lungi ngidi,L Ngidi
swapnil singh,Simarjeet Singh
mohit rathee,Mohit Rathee
abhinandan singh,Arshdeep Singh
manoj bhandage,MS Bhandage
ishan kishan,Ishan Kishan
mohammed shami,Mohammed Shami
harshal patel,HV Patel
abhinav manohar,A Manohar
rahul chahar,RD Chahar
adam zampa,A Zampa
simarjeet singh,Simarjeet Singh
eshan malinga,E Malinga
jaydev unadkat,JD Unadkat
zeeshan ansari,Zeeshan Ansari
sachin baby,Sachin Baby
aniket verma,Aniket Verma
atharva taide,Atharva Taide
