season,player,team,runs,balls,strike_rate,fours,sixes,boundary_pct,dot_balls,dot_pct,runs_z,strike_rate_z,boundary_pct_z,dot_pct_z,impact_score,impact_score_pos,phase,name,year,adj_price,ROI
2024,A Raghuvanshi,Kolkata Knight Riders,74,46,160.87,6,4,21.74,10,21.74,0.14743477606185595,0.3303267556770255,0.3524630303900254,0.31544933868448355,0.22444858589370076,0.304173848995694,middle,A Raghuvanshi,2024,2217593.5,13.716393423578035
2023,Vivrant Sharma,Sunrisers Hyderabad,40,21,190.48,4,2,28.57,4,19.05,0.07626047134869608,0.5198086089302529,0.526699255894174,0.23383999845347384,0.2755228112461728,0.3552480743481661,middle,Vivrant Sharma,2023,30760239.439799998,1.1548937226038574
2022,Lalit Yadav,Delhi Capitals,113,93,121.51,7,5,12.9,33,35.48,0.2220696123327697,0.23530798065992825,0.24121491361804426,0.5383038654407851,0.1888302936996461,0.26855555680163934,middle,Lalit Yadav,2022,8084559.9302,3.3218327171828594
2017,P Negi,Royal Challengers Bengaluru,61,56,108.93,5,2,12.5,20,35.71,0.10859466520871924,0.18563502091237927,0.2500619316601183,0.5771828657310529,0.07714205162650228,0.15686731472849555,middle,P Negi,2017,15598002.096,1.005688509099015
2014,Yuvraj Singh,Royal Challengers Bengaluru,240,191,125.65,17,14,16.23,77,40.31,0.4653294269639539,0.26515450859537704,0.3315716345010314,0.6847288314545574,0.3811784547590711,0.4609037178610643,middle,Yuvraj Singh,2014,271182573.718,0.16996066950096633
2014,AJ Finch,Sunrisers Hyderabad,98,78,125.64,7,3,12.82,23,29.49,0.1698705123862521,0.2651048008260039,0.26071309370891477,0.4266528158727654,0.1822399057240327,0.26196516882602594,middle,AJ Finch,2014,77480735.34799999,0.33810361717583787
2016,Yuvraj Singh,Sunrisers Hyderabad,182,143,127.27,16,10,18.18,64,44.76,0.3856502370927004,0.26084386037434565,0.34909801560001924,0.7557268259859111,0.30544758570928565,0.3851728488112789,middle,Yuvraj Singh,2016,114547047.99299999,0.33625733317441486
2013,MC Henriques,Royal Challengers Bengaluru,68,73,93.15,5,1,8.22,29,39.73,0.13801990449403542,0.14172620574502054,0.18882420546013065,0.6098610194301073,0.06872642252473916,0.14845168562673244,middle,MC Henriques,2013,36939715.38564,0.4018755533900019
2018,SW Billings,Chennai Super Kings,41,36,113.89,2,2,11.11,14,38.89,0.08194056338435819,0.17373801957796192,0.2029951773841295,0.6460829877157128,0.029056294514558434,0.1087815576165517,middle,SW Billings,2018,14923461.629999999,0.7289297906450389
2025,M Shahrukh Khan,Gujarat Titans,113,60,188.33,9,8,28.33,15,25.0,0.2143886636130349,0.4338282784338827,0.44396891012312406,0.4132873200359164,0.3077957324380343,0.3875209955400276,middle,M Shahrukh Khan,2025,3148500.0000000005,12.308114833731223
2018,CA Lynn,Kolkata Knight Riders,175,135,129.63,14,6,14.81,43,31.85,0.3288111857562108,0.24691680998072926,0.2709725989491558,0.5012714355260758,0.29106422428380346,0.37078948738579676,middle,CA Lynn,2018,143265231.648,0.258813309496347
2016,MP Stoinis,Punjab Kings,58,44,131.82,3,2,11.36,11,25.0,0.12082427760644071,0.27943904168428635,0.22888938974791279,0.37427080957860814,0.15141485062429938,0.23114011372629265,middle,MP Stoinis,2016,9000125.19945,2.5681877596593625
2025,LS Livingstone,Royal Challengers Bengaluru,71,61,116.39,2,4,9.84,20,32.79,0.13564003325252558,0.13123368515742817,0.12538024123991828,0.5667110117375327,0.05961597804972603,0.1393412411517193,middle,LS Livingstone,2025,91831250.00000001,0.1517361912766289
2020,MP Stoinis,Delhi Capitals,178,124,143.55,12,9,16.94,33,26.61,0.3791322807782212,0.3632269141494027,0.361850537287486,0.38088804594361236,0.40846639713617255,0.48819166023816585,middle,MP Stoinis,2020,66689872.5744,0.7320326781154568
2014,KK Nair,Rajasthan Royals,147,99,148.48,16,4,20.2,28,28.28,0.27182464488137453,0.3786373460742788,0.4140667685024106,0.3977921893613081,0.3343058355556037,0.414031098657597,middle,KK Nair,2014,14527637.87775,2.849954701112918
2022,Q de Kock,Lucknow Super Giants,177,120,147.5,16,6,18.33,30,25.0,0.3574066293731333,0.3211842524464487,0.32074016006541894,0.3394525418821964,0.37853810286908574,0.458263365971079,middle,Q de Kock,2022,83955045.429,0.5458437472452182
2017,BA Stokes,Lucknow Super Giants,247,168,147.02,17,12,17.26,46,27.38,0.5476260232358661,0.3575168341811774,0.3438712176681842,0.41843054607292474,0.5304440031620979,0.6101692662640912,middle,BA Stokes,2017,226171030.39200002,0.2697822374539059
2015,KD Karthik,Royal Challengers Bengaluru,92,80,115.0,10,2,15.0,30,37.5,0.16990506240562067,0.19335749841400462,0.28267627773913506,0.5967355010974069,0.13111945477704354,0.2108447178790368,middle,KD Karthik,2015,183281004.1335,0.11503904557695442
2015,Yuvraj Singh,Delhi Capitals,176,158,111.39,14,7,13.29,66,41.77,0.38314465965964445,0.17552672336235836,0.24762169697472927,0.68780271302328,0.2711375415267129,0.3508628046287061,middle,Yuvraj Singh,2015,279285339.63199997,0.1256287942256547
2018,KL Rahul,Punjab Kings,156,122,127.87,9,6,12.3,32,26.23,0.293807142285575,0.23873417522158885,0.2248581859415299,0.3856690316474165,0.27450379725375934,0.35422906035575263,middle,KL Rahul,2018,164158077.92999998,0.2157853361969811
2016,CH Morris,Delhi Capitals,70,43,162.79,5,5,23.26,14,32.56,0.14645259626640134,0.4060088801829379,0.43863757855144164,0.5202124838720905,0.22264976000387265,0.30237502310586595,middle,CH Morris,2016,114547047.99299999,0.2639745226121796
2025,Sameer Rizvi,Delhi Capitals,75,50,150.0,6,4,20.0,13,26.0,0.14313990281066932,0.2726043312516961,0.3004403210589216,0.43298227404125866,0.16978483102757685,0.24951009412957012,middle,Sameer Rizvi,2025,9970250.000000002,2.5025460156923858
2018,Yuvraj Singh,Punjab Kings,50,49,102.04,3,2,10.2,22,44.9,0.09852142608097514,0.11864471168261292,0.1862764061343528,0.7697076224685139,-0.0022756888972682576,0.07744957420472501,middle,Yuvraj Singh,2018,29846923.259999998,0.25948930658631986
2025,MP Stoinis,Punjab Kings,45,32,140.63,2,4,18.75,13,40.63,0.0868908811245912,0.23319216362589154,0.2789024175378828,0.7211194511394163,0.05102694726713372,0.130752210369127,middle,MP Stoinis,2025,115445000.00000001,0.11325930994770407
2018,CH Gayle,Punjab Kings,104,72,144.44,2,10,16.67,25,34.72,0.19800660226067693,0.31577182178917806,0.30514503249265557,0.5603068268306578,0.20210446947769448,0.28182973257968774,middle,CH Gayle,2018,29846923.259999998,0.9442505350539363
2018,AJ Finch,Punjab Kings,94,67,140.3,3,6,13.43,15,22.39,0.17958342148665812,0.29652403320801823,0.24561885793301086,0.30668091227125077,0.220411536284084,0.3001367993860773,middle,AJ Finch,2018,92525462.10599999,0.32438292395906265
2025,AK Markram,Lucknow Super Giants,146,100,146.0,6,9,15.0,25,25.0,0.2762625874677208,0.2557794998212566,0.21428870697476643,0.4132873200359164,0.25794419730832363,0.33766946041031687,middle,AK Markram,2025,20990000.000000004,1.6087158666522954
2023,PD Salt,Delhi Capitals,66,41,160.98,6,3,21.95,9,21.95,0.1266610411310694,0.37790855695616576,0.3929536067181313,0.2990587107595576,0.23348037918342004,0.3132056422854133,middle,PD Salt,2023,23661722.645999998,1.3236806422391254
2018,V Shankar,Delhi Capitals,100,84,119.05,7,3,11.9,25,29.76,0.1906373299510694,0.1977280169399873,0.21750927550206758,0.45828050596977715,0.16367402294930977,0.24339928605130304,middle,V Shankar,2018,47755077.216,0.5096825306142607
2022,KD Karthik,Royal Challengers Bengaluru,88,68,129.41,8,3,16.18,23,33.82,0.1692035900513777,0.2614111952468275,0.289252263221615,0.5068064229687187,0.1702753986657297,0.25000066176772295,middle,KD Karthik,2022,68407814.794,0.36545628963673654
2015,RS Bopara,Sunrisers Hyderabad,86,72,119.44,3,4,9.72,23,31.94,0.15467366260176182,0.2152878699456693,0.1744375722209699,0.4781561806506028,0.12758156937918366,0.20730683248117693,middle,RS Bopara,2015,17455333.726999998,1.1876417588081611
2025,PD Salt,Royal Challengers Bengaluru,66,33,200.0,5,5,30.3,8,24.24,0.1262651963048459,0.4829147241321899,0.47791264607228123,0.3983191549918563,0.2618052724996187,0.34153053560161195,middle,PD Salt,2025,120692500.00000001,0.2829757736409569
2025,A Raghuvanshi,Kolkata Knight Riders,161,126,127.78,14,3,13.49,29,23.02,0.3043870983107599,0.17914239265560464,0.18827091952135158,0.3742913111053387,0.26004831812849194,0.3397735812304852,middle,A Raghuvanshi,2025,31485000.000000004,1.0791601754184061
2021,VR Iyer,Kolkata Knight Riders,128,98,130.61,10,6,16.33,32,32.65,0.2895343614748125,0.2892428150173288,0.3312951720688455,0.4871581142320988,0.28722774525239797,0.36695300835439126,middle,VR Iyer,2021,2652233.1686,13.835623982792207
2014,DR Smith,Chennai Super Kings,189,122,154.92,10,15,20.49,41,33.61,0.35921390130576525,0.41064914955058746,0.4200928614143501,0.5249220565564052,0.3896000268813774,0.46932528998337064,middle,DR Smith,2014,87165827.2665,0.5384280797891814
2017,MK Tiwary,Lucknow Super Giants,122,101,120.79,10,3,12.87,29,28.71,0.25257806757246093,0.23915348521712976,0.25735382994225786,0.44377755509397043,0.23652375459276515,0.31624901769475844,middle,MK Tiwary,2017,7799001.048,4.054993912019774
2025,V Shankar,Chennai Super Kings,63,52,121.15,4,1,9.62,13,25.0,0.12064029413623807,0.15125523455965117,0.12158957022021544,0.4132873200359164,0.08354925571374562,0.1632745188157389,middle,V Shankar,2025,12594000.000000002,1.296446870063037
2025,SM Curran,Chennai Super Kings,78,44,177.27,8,3,25.0,9,20.45,0.14876480497927713,0.38730761952871745,0.3865919351430767,0.32367527931160905,0.24778746100833043,0.3275127241103237,middle,SM Curran,2025,25188000.000000004,1.3002728446495302
2016,KP Pietersen,Lucknow Super Giants,42,37,113.51,1,2,8.11,12,32.43,0.08665318605982655,0.20460876261065677,0.171605220536865,0.5177029048167793,0.0614856407750754,0.14121090387706867,middle,KP Pietersen,2016,57273523.99649999,0.24655529121221545
2025,JC Buttler,Gujarat Titans,333,205,162.44,33,13,22.44,49,23.9,0.626881489310941,0.3249295570003629,0.3424823087319893,0.39162287063003987,0.5891559461692516,0.6688812092712448,middle,JC Buttler,2025,165296250.00000003,0.4046560096016968
2014,PA Patel,Royal Challengers Bengaluru,48,42,114.29,5,0,11.9,10,23.81,0.0658356833095965,0.2086864825874785,0.24159583343655483,0.29117483357104834,0.10535869139702206,0.18508395449901532,middle,PA Patel,2014,27118257.371799998,0.6825068143629401
2023,AM Rahane,Chennai Super Kings,150,104,144.23,8,6,13.46,22,21.15,0.2894936511971986,0.2973381884624044,0.22142784214039687,0.28106734184753446,0.30886847755505265,0.3885937406570459,middle,AM Rahane,2023,5915430.661499999,6.569153843458435
2022,JM Sharma,Punjab Kings,157,104,150.96,14,8,21.15,39,37.5,0.31511381154801965,0.332616799594635,0.3620405642977572,0.5766320785694445,0.3089577862624688,0.3886830493644621,middle,JM Sharma,2022,2487556.9016,15.625091796471494
2025,D Padikkal,Royal Challengers Bengaluru,141,97,145.36,12,7,19.59,29,29.9,0.26688775052004116,0.2530875267923863,0.29337588870402087,0.5097925946620935,0.2461531172621343,0.32587838036412753,middle,D Padikkal,2025,20990000.000000004,1.5525411165513459
2014,RG Sharma,Mumbai Indians,231,194,119.07,18,6,12.37,63,32.47,0.4466031577301559,0.2324467963478442,0.251362259880043,0.49773105306627186,0.37774280645123226,0.4574680695532255,middle,RG Sharma,2014,36803349.2903,1.2430066240568958
2018,DA Miller,Punjab Kings,46,42,109.52,1,1,4.76,10,23.81,0.09115215377136762,0.15342090940895978,0.08633122415766549,0.33589006058222876,0.06903622855486938,0.14876149165686264,middle,DA Miller,2018,44770384.88999999,0.3322765529542953
2025,KK Nair,Delhi Capitals,83,45,184.44,10,4,31.11,11,24.44,0.15813964192695681,0.41746612986778026,0.4918692075539144,0.4022581457929248,0.26967376485409744,0.3493990279560907,middle,KK Nair,2025,5247500.000000001,6.658390242136076
2014,KL Rahul,Sunrisers Hyderabad,91,98,92.86,6,1,7.14,33,33.67,0.1553056363155203,0.1021627328208177,0.1426847911578231,0.5263531620032544,0.0781596547295753,0.15788491783156855,middle,KL Rahul,2014,19370183.836999997,0.8150925110477494
2022,Ishan Kishan,Mumbai Indians,126,101,124.75,7,5,11.88,25,24.75,0.24955994391909356,0.246013602844935,0.22627646953400704,0.33470895114845145,0.25176553966586646,0.3314908027678597,middle,Ishan Kishan,2022,189676213.747,0.17476667011606387
2022,M Shahrukh Khan,Punjab Kings,68,78,87.18,1,5,7.69,40,51.28,0.1269107722262641,0.1218746443601496,0.16491168452212857,0.8380987998134669,0.0034535880307884903,0.08317885113278176,middle,M Shahrukh Khan,2022,2487556.9016,3.343796922968114
2016,SW Billings,Delhi Capitals,78,54,144.44,4,3,12.96,10,18.52,0.16353814203970843,0.3310151269879022,0.25709082689796714,0.2491779458984804,0.23171762792803477,0.31144289103002804,middle,SW Billings,2016,4909159.1997,6.344118786146931
2018,KH Pandya,Mumbai Indians,120,91,131.87,13,4,18.68,35,38.46,0.22748369149910713,0.2573310724014535,0.3420733074509536,0.6372379639314025,0.20015334362363194,0.2798786067256252,middle,KH Pandya,2018,131326462.344,0.2131166877795762
2018,RA Tripathi,Rajasthan Royals,107,87,122.99,8,2,11.49,26,29.89,0.2035335564928826,0.21604596066215395,0.20997664230161872,0.4609545829278245,0.1774450452677111,0.25717030836970434,middle,RA Tripathi,2018,50739769.541999996,0.5068416957566804
2014,SA Yadav,Kolkata Knight Riders,62,46,134.78,4,2,13.04,13,28.26,0.09496543545106008,0.31053770203306313,0.2652846124696964,0.3973151542123584,0.14272755062223458,0.22245281372422784,middle,SA Yadav,2014,13559128.685899999,1.6406128953961052
2016,RR Pant,Delhi Capitals,118,90,131.11,10,4,15.56,30,33.33,0.2489658709062438,0.27653737602932865,0.30291816226680535,0.5350769136612414,0.2357021592549064,0.3154274223568997,middle,RR Pant,2016,31091341.5981,1.0145185319895478
2014,SPD Smith,Rajasthan Royals,71,68,104.41,3,2,7.35,23,33.82,0.11369170468485806,0.15957520644680612,0.14704851361129656,0.5299309256203772,0.06224944328011214,0.1419747063821054,middle,SPD Smith,2014,77480735.34799999,0.18323871830131025
2018,SV Samson,Rajasthan Royals,239,191,125.13,14,8,11.52,51,26.7,0.44671954270993147,0.22599530065338153,0.2105278105845784,0.39533684834189514,0.38821241681249635,0.46793767991448965,middle,SV Samson,2018,119387693.03999999,0.39194800401889873
2022,SO Hetmyer,Rajasthan Royals,96,98,97.96,8,2,10.2,42,42.86,0.18612071718142315,0.15749396755594372,0.20167197339559273,0.6783346639009366,0.10081222591085287,0.18053748901284614,middle,SO Hetmyer,2022,105721168.318,0.17076758787777033
2022,SS Prabhudessai,Royal Challengers Bengaluru,46,34,135.29,6,1,20.59,13,38.24,0.08038867261863912,0.28083991698998795,0.3538390655849525,0.5906731071413297,0.10119610488063221,0.18092136798262548,middle,SS Prabhudessai,2022,3731335.3524,4.8487029681279274
2020,SA Yadav,Mumbai Indians,256,190,134.74,28,5,17.37,57,30.0,0.5573332224421436,0.32008169877760817,0.371046066229514,0.4437832765276271,0.5273436455273747,0.6070689086293679,middle,SA Yadav,2020,2778744.6906,21.84687606180497
2018,AM Rahane,Rajasthan Royals,105,97,108.25,8,0,8.25,21,21.65,0.19984892033807886,0.14751639455435275,0.1504504677419741,0.29145924343313545,0.17593229949853664,0.2556575626005299,middle,AM Rahane,2018,59693846.519999996,0.42828126767618113
2025,MR Marsh,Lucknow Super Giants,270,157,171.97,27,13,25.48,34,21.66,0.5087585437701769,0.3650147178833851,0.39486249009515567,0.3475061736580732,0.5259825136685736,0.6057077767705669,middle,MR Marsh,2025,35683000.0,1.6974687575892355
2014,F du Plessis,Chennai Super Kings,160,149,107.38,8,1,6.04,38,25.5,0.29887370044130496,0.1743384139506317,0.11982719735391455,0.3314843036572987,0.24906906327755662,0.32879432637954986,middle,F du Plessis,2014,92008373.22575,0.35735261352010467
2020,TK Curran,Rajasthan Royals,41,41,100.0,2,0,4.88,12,29.27,0.06613831913774222,0.1499494874250382,0.10394802789014244,0.4302394658118953,0.03263721395335466,0.11236247705534792,middle,TK Curran,2020,13893723.453,0.8087283256749008
2018,Mandeep Singh,Royal Challengers Bengaluru,105,107,98.13,5,3,7.48,37,34.58,0.19984892033807886,0.10046624468929519,0.13630381514600914,0.5574270516450684,0.10579436237743979,0.18551962547943307,middle,Mandeep Singh,2018,20892846.281999998,0.8879576433741605
2018,Mandeep Singh,Royal Challengers Bengaluru,105,107,98.13,5,3,7.48,37,34.58,0.19984892033807886,0.10046624468929519,0.13630381514600914,0.5574270516450684,0.10579436237743979,0.18551962547943307,middle,Mandeep Singh,2018,2984692.326,6.215703503619123
2014,Y Venugopal Rao,Sunrisers Hyderabad,40,41,97.56,4,0,9.76,13,31.71,0.0491901106573316,0.1255253844261983,0.1971274236725872,0.479603717406183,0.020514445107005605,0.10023970820899887,middle,Y Venugopal Rao,2014,10653601.11035,0.9408997687328067
2024,Azmatullah Omarzai,Gujarat Titans,42,33,127.27,2,2,12.12,10,30.3,0.08127480882148448,0.19150958167716065,0.17771008886480838,0.5169574413657616,0.05462325106014514,0.1343485141621384,middle,Azmatullah Omarzai,2024,5543983.75,2.423320850501021
2025,Abhishek Sharma,Sunrisers Hyderabad,129,57,226.32,10,10,35.09,13,22.81,0.24438814184560992,0.5936221149444818,0.5604458923649019,0.3701553707642168,0.41165525227996946,0.4913805153819627,middle,Abhishek Sharma,2025,3148500.0000000005,15.60681325653367
2025,Abhishek Sharma,Sunrisers Hyderabad,129,57,226.32,10,10,35.09,13,22.81,0.24438814184560992,0.5936221149444818,0.5604458923649019,0.3701553707642168,0.41165525227996946,0.4913805153819627,middle,Abhishek Sharma,2025,39881000.00000001,1.232116836042132
2022,A Badoni,Lucknow Super Giants,75,72,104.17,6,2,11.11,29,40.28,0.14171325846505384,0.17801307674387343,0.21499940880390048,0.6293808075286884,0.08389825005024751,0.16362351315224077,middle,A Badoni,2022,2487556.9016,6.577679209950852
2025,Ishan Kishan,Sunrisers Hyderabad,166,105,158.1,12,9,20.0,24,22.86,0.31376193525843954,0.3066746148983361,0.3004403210589216,0.3711401184644839,0.32887197319514,0.4085972362971333,middle,Ishan Kishan,2025,118068750.00000001,0.34606721617458747
2022,RK Singh,Kolkata Knight Riders,61,58,105.17,5,1,10.34,22,37.93,0.11210828598747433,0.1813172811219619,0.20372234807379394,0.5847910546314858,0.06786807181502967,0.14759333491702292,middle,RK Singh,2022,6840781.479400001,2.1575507909655993
2022,RK Singh,Kolkata Knight Riders,61,58,105.17,5,1,10.34,22,37.93,0.11210828598747433,0.1813172811219619,0.20372234807379394,0.5847910546314858,0.06786807181502967,0.14759333491702292,middle,RK Singh,2022,2487556.9016,5.933264675155398
2018,PP Shaw,Delhi Capitals,56,32,175.0,4,3,21.88,6,18.75,0.10957533454538645,0.457852116243344,0.400864590966652,0.23180675744592705,0.25882746921345734,0.3385527323154506,middle,PP Shaw,2018,17908153.956,1.8904948725997572
2025,DA Miller,Lucknow Super Giants,80,66,121.21,8,1,13.64,20,30.3,0.152514739758349,0.15150760703110774,0.19085546794387623,0.5176705762642305,0.10210105225194066,0.18182631535393393,middle,DA Miller,2025,78712500.00000001,0.23100055944600145
2023,Tilak Varma,Mumbai Indians,200,147,136.05,12,13,17.01,54,36.73,0.38641782385560886,0.2579909876099288,0.2931494515928065,0.6314492514091845,0.3188715954041902,0.3985968585061834,middle,Tilak Varma,2023,2366172.2646,16.845639874557737
2025,DP Conway,Chennai Super Kings,71,46,154.35,4,4,17.39,9,19.57,0.13564003325252558,0.290901335432299,0.2554691785069926,0.30634371978690783,0.18560751897572714,0.2653327820777204,middle,DP Conway,2025,65593750.00000001,0.40450924375831593
2019,R Parag,Rajasthan Royals,99,90,110.0,12,1,14.44,35,38.89,0.14405010292817427,0.167261250092853,0.2752204698836746,0.6362999383700387,0.09320256367312249,0.17292782677511576,middle,R Parag,2019,2888505.106,5.98675856296429
2023,RR Rossouw,Delhi Capitals,131,91,143.96,9,7,17.58,33,36.26,0.2526624655870027,0.29603944222399753,0.3046653156457285,0.6208793221733709,0.22769900383127295,0.3074242669332662,middle,RR Rossouw,2023,54421962.0858,0.5648900832509318
2025,N Rana,Rajasthan Royals,115,74,155.41,13,4,22.97,20,27.03,0.2181385983921068,0.2953599157613655,0.35161437982490973,0.4532680766667613,0.24278811407372475,0.32251337717571804,middle,N Rana,2025,44079000.00000001,0.7316712656269834
2016,Sachin Baby,Royal Challengers Bengaluru,46,36,127.78,3,1,11.11,10,27.78,0.09519595894648011,0.26292815542227305,0.22448291519321678,0.4279371924537247,0.11434435833176441,0.19406962143375767,middle,Sachin Baby,2016,1636386.3998999998,11.859645218612016
2018,BA Stokes,Rajasthan Royals,146,115,126.96,10,4,12.17,29,25.22,0.27538396151155614,0.23450338111316957,0.22246979004870462,0.3648935106656646,0.26217343941980376,0.341898702521797,middle,BA Stokes,2018,186543270.375,0.1832811775168799
2022,DP Conway,Chennai Super Kings,129,72,179.17,12,7,26.39,16,22.22,0.2559038665928606,0.4258284051005119,0.43878315939614465,0.2867038129229524,0.3628874840990805,0.4426127472010738,middle,DP Conway,2022,12437784.508000001,3.558614051532929
2015,AD Mathews,Delhi Capitals,40,44,90.91,3,1,9.09,19,43.18,0.03789959743884403,0.07437041503612112,0.16152272667618883,0.7178740874531351,-0.05863946969347772,0.021085793408515546,middle,AD Mathews,2015,130915002.9525,0.016106475906482714
2025,Abdul Samad,Lucknow Super Giants,87,50,174.0,4,8,24.0,15,30.0,0.16563951148510056,0.37355331983433315,0.3693616123262457,0.5117620900626279,0.21609750959110396,0.2958227726930972,middle,Abdul Samad,2025,44079000.00000001,0.6711195188028248
2025,KL Rahul,Delhi Capitals,271,172,157.56,21,11,18.6,35,20.35,0.5106335111597129,0.30440326265522677,0.27631786911535816,0.3217057839110748,0.49075020476519504,0.5704754678671883,middle,KL Rahul,2025,146930000.0,0.3882634369204303
2025,RD Rickelton,Mumbai Indians,64,42,152.38,5,4,21.43,14,33.33,0.12251526152577402,0.28261510595280753,0.32507968268698995,0.5773462869004176,0.13234342016377598,0.21206868326576925,middle,RD Rickelton,2025,10495000.000000002,2.0206639663246233
2022,N Rana,Kolkata Knight Riders,221,142,155.63,14,14,19.72,40,28.17,0.4504508285883832,0.3480474340403083,0.34109745151327364,0.39960127238608256,0.4530741289082373,0.5327993920102305,middle,N Rana,2022,99502276.06400001,0.5354645271305485
2022,N Pooran,Sunrisers Hyderabad,197,145,135.86,8,13,14.48,41,28.28,0.3996994471982469,0.28272331348549845,0.26435485641488626,0.4016884523089303,0.37710983262543823,0.45683509572743153,middle,N Pooran,2022,133706183.46100001,0.34167088155700975
2019,CA Ingram,Delhi Capitals,122,107,114.02,13,3,14.95,45,42.06,0.2077645715310206,0.18757794461950775,0.2856951649179627,0.6988169877172851,0.13986067605080432,0.2195859391527976,middle,CA Ingram,2019,92432163.392,0.23756442681271564
2018,YK Pathan,Sunrisers Hyderabad,107,100,107.0,9,3,12.0,40,40.0,0.2035335564928826,0.14170486418564507,0.21934650311193318,0.6689154909728857,0.11542450687780911,0.19514976997980238,middle,YK Pathan,2018,28354577.097,0.6882478596390345
2016,KK Nair,Delhi Capitals,171,149,114.77,16,1,11.41,41,27.52,0.36215761165440324,0.20975819743494803,0.229770684658852,0.42291803434310227,0.314024078617157,0.3937493417191502,middle,KK Nair,2016,65455455.996,0.6015531260575319
2021,MM Ali,Chennai Super Kings,224,160,140.0,16,12,17.5,56,35.0,0.5232855472004591,0.3301788893322253,0.35342304074696923,0.5376227831793247,0.48084215607356373,0.560567419175557,middle,MM Ali,2021,92828160.90100001,0.6038764678031213
2024,PJ Cummins,Sunrisers Hyderabad,47,32,146.88,3,3,18.75,10,31.25,0.09161230370279251,0.27252758114553416,0.29814792694299846,0.5393210742567913,0.10681348784313566,0.18653875094512892,middle,PJ Cummins,2024,227303333.75,0.08206599871090933
2015,SN Khan,Royal Challengers Bengaluru,47,34,138.24,4,1,14.71,9,26.47,0.05566956387667934,0.3081461998545199,0.2767313488375692,0.36149630963549134,0.12002651889811501,0.1997517820001083,middle,SN Khan,2015,8727666.863499999,2.288719140226248
2018,DL Chahar,Chennai Super Kings,49,26,188.46,1,4,19.23,4,15.38,0.09667910800357327,0.5204306752535885,0.35217805930521423,0.16248645476423998,0.27141080988713007,0.3511360729891233,middle,DL Chahar,2018,11938769.304,2.941141285571853
2025,Washington Sundar,Gujarat Titans,76,50,152.0,7,3,20.0,13,26.0,0.14501487020020526,0.2810167469669158,0.3004403210589216,0.43298227404125866,0.17380852965377153,0.2535337927557648,middle,Washington Sundar,2025,33584000.0,0.7549243471765269
2013,AM Nayar,Lucknow Super Giants,44,45,97.78,3,0,6.67,13,28.89,0.08594546768891105,0.16769242799256598,0.15276116011982507,0.3801919117212323,0.07357795222861717,0.15330321533061042,middle,AM Nayar,2013,83114359.61769001,0.1844485309587604
2020,PJ Cummins,Kolkata Knight Riders,48,62,77.42,3,1,6.45,34,54.84,0.08213071133835063,0.039368447346136946,0.13752240100405863,0.904643904169788,-0.0759091973586243,0.003816065743368971,middle,PJ Cummins,2020,215352713.5215,0.0017720072716836185
2019,N Pooran,Punjab Kings,120,67,179.1,7,12,28.36,27,40.3,0.20222418295686,0.5164860241704262,0.5611180284665981,0.6641072063762271,0.2961273180346901,0.3758525811366834,middle,N Pooran,2019,60658607.226,0.6196195368224384
2014,KD Karthik,Delhi Capitals,224,172,130.23,16,9,14.53,51,29.65,0.4320382816594241,0.2879206669682797,0.2962462622586272,0.43046909706436304,0.40516225845687603,0.48488752155886927,middle,KD Karthik,2014,242127297.96249998,0.2002614020142278
2025,JP Inglis,Punjab Kings,107,63,169.84,10,5,23.81,14,22.22,0.20313885927581932,0.356055495146676,0.3660878509910478,0.35853534790106484,0.2708382365826548,0.35056349968464806,middle,JP Inglis,2025,27287000.000000004,1.2847271582975335
2018,SR Watson,Chennai Super Kings,221,110,200.91,17,14,28.18,16,14.55,0.4135578173166975,0.5783135177259171,0.5166099303881833,0.1454135018782458,0.5785795948731206,0.6583048579751138,middle,SR Watson,2018,59693846.519999996,1.1028018738155088
2013,DJG Sammy,Sunrisers Hyderabad,107,93,115.05,5,6,11.83,34,36.56,0.22264086430236252,0.26454699780144497,0.27281620138174545,0.5426976364562021,0.2035005037674322,0.28322576686942547,middle,DJG Sammy,2013,52331263.46299,0.5412171389091913
2023,SM Curran,Punjab Kings,140,125,112.0,10,4,11.2,47,37.6,0.27010881666551656,0.14230636896664745,0.17576845133407412,0.6510148651010097,0.16372968126902038,0.24345494437101364,middle,SM Curran,2023,218870934.4755,0.11123219487979366
2014,AR Patel,Punjab Kings,42,36,116.67,6,0,16.67,13,36.11,0.05335150382039782,0.22051693169828823,0.3407146720225948,0.5845514501751188,0.06006892693529994,0.1397941900372932,middle,AR Patel,2014,14527637.87775,0.9622637294077717
2020,RV Uthappa,Rajasthan Royals,63,59,106.78,4,2,10.17,20,33.9,0.11640012319679725,0.18315318325032387,0.21707441882811485,0.51614062144729,0.08825281300869993,0.1679780761106932,middle,RV Uthappa,2020,41681170.359,0.4030071004818188
2022,B Sai Sudharsan,Gujarat Titans,91,75,121.33,9,1,13.33,21,28.0,0.1755475127251447,0.2347132238718723,0.24751249298680508,0.39637563068713594,0.18107934980161128,0.26080461290360457,middle,B Sai Sudharsan,2022,2487556.9016,10.484367723844013
2020,SO Hetmyer,Delhi Capitals,90,60,150.0,4,6,16.67,17,28.33,0.17808506454200115,0.394814500885847,0.35607660050993356,0.4127994903697201,0.24956782392739774,0.329293087029391,middle,SO Hetmyer,2020,107676356.76075,0.30581744863550614
2022,Abhishek Sharma,Sunrisers Hyderabad,144,92,156.52,7,9,17.39,23,25.0,0.2876234799616958,0.3509881759368071,0.3069733586546396,0.3394525418821964,0.32889940010488744,0.40862466320688073,middle,Abhishek Sharma,2022,6840781.479400001,5.973362318872389
2019,JM Bairstow,Sunrisers Hyderabad,217,125,173.6,15,13,22.4,30,24.0,0.47093302880364657,0.48868955155933136,0.4387078668894267,0.34264729963802015,0.542565401960998,0.6222906650629912,middle,JM Bairstow,2019,31773556.166,1.9585175225959983
2024,DJ Mitchell,Chennai Super Kings,149,104,143.27,11,6,16.35,27,25.96,0.3024971992814766,0.2576129978675725,0.25455051949387997,0.4147909500530576,0.2872335726736175,0.3669588357756107,middle,DJ Mitchell,2024,155231545.0,0.23639450072832213
2022,SA Yadav,Mumbai Indians,162,134,120.9,10,7,12.69,44,32.84,0.32568701600429806,0.2332924159892943,0.23813935160074248,0.4882115472924385,0.2805228984618875,0.36024816156388073,middle,SA Yadav,2022,6218892.254000001,5.79280275087848
2022,AR Patel,Delhi Capitals,75,65,115.38,5,3,12.31,26,40.0,0.14171325846505384,0.21505320782224563,0.23257404890276784,0.6240679859068942,0.09958778171789147,0.17931304481988475,middle,AR Patel,2022,2487556.9016,7.208399723622416
2022,Tilak Varma,Mumbai Indians,288,215,133.95,21,12,15.35,58,26.98,0.5921317683025138,0.2764122831233493,0.27709647048656505,0.3770217804934565,0.5366440375776376,0.6163693006796308,middle,Tilak Varma,2022,2487556.9016,24.77809855457703
2018,Q de Kock,Royal Challengers Bengaluru,57,42,135.71,4,3,16.67,16,38.1,0.11141765262278835,0.27518409369412355,0.30514503249265557,0.6298328277398871,0.10675179115702141,0.18647705425901467,middle,Q de Kock,2018,41785692.563999996,0.4462701054275978
2024,RR Rossouw,Punjab Kings,118,54,218.52,7,10,31.48,10,18.52,0.23840473101736676,0.5685056271381032,0.5293958422876983,0.23964839351699355,0.4192249627094653,0.49895022581145854,middle,RR Rossouw,2024,88703740.0,0.5624906298330359
2013,NLTC Perera,Sunrisers Hyderabad,112,85,131.76,6,6,14.12,25,29.41,0.23348970530343008,0.35826094461710034,0.32609644256193876,0.3912092489913997,0.28124748634198193,0.36097274944397517,middle,NLTC Perera,2013,83114359.61769001,0.43430852515062385
2014,DA Warner,Sunrisers Hyderabad,271,205,132.2,14,13,13.17,59,28.78,0.5298310209914804,0.29771309753479036,0.26798596446470385,0.40971806808505085,0.484832325329552,0.5645575884315452,middle,DA Warner,2014,106536011.1035,0.5299218382440433
2017,K Rabada,Delhi Capitals,48,52,92.31,5,1,11.54,25,48.08,0.07790967781972512,0.11063697059661592,0.2311424117929453,0.8129291075282972,-0.020838505712305527,0.05888675738968774,middle,K Rabada,2017,77990010.48,0.07550551285640465
2025,Q de Kock,Kolkata Knight Riders,43,27,159.26,3,2,18.52,3,11.11,0.08314094634551934,0.3115538160131635,0.27493944329001163,0.13972440890171217,0.1870219087580244,0.2667471718600177,middle,Q de Kock,2025,37782000.0,0.7060165471918313
2019,SO Hetmyer,Royal Challengers Bengaluru,47,38,123.68,1,4,13.16,15,39.47,0.0,0.2363986583328125,0.2489310392093828,0.647738389039251,-0.008841872466129885,0.07088339063586338,middle,SO Hetmyer,2019,60658607.226,0.11685627790919792
2014,RV Uthappa,Kolkata Knight Riders,288,205,140.49,25,9,16.59,50,24.39,0.5652028628775433,0.3389208383451319,0.33905230156412874,0.30500885289058993,0.5606472315402821,0.6403724946422753,middle,RV Uthappa,2014,96850919.185,0.661194028958121
2025,JM Sharma,Royal Challengers Bengaluru,138,76,181.58,15,7,28.95,21,27.63,0.2612628483514333,0.405436375395016,0.45465171026955936,0.4650850490699666,0.32855452353956993,0.40827978664156317,middle,JM Sharma,2025,115445000.00000001,0.35365740104947213
2014,M Vijay,Delhi Capitals,97,56,173.21,9,4,23.21,10,17.86,0.16778981580471897,0.5015646597340792,0.47661345700219687,0.14925687675851024,0.3501725666127362,0.42989782971472945,middle,M Vijay,2014,96850919.185,0.4438758385901936
2018,E Lewis,Mumbai Indians,126,93,135.48,4,11,16.13,36,38.71,0.23853759996351842,0.27411477210628127,0.2952240033993814,0.6423804196199551,0.20363322835858438,0.2833584914605777,middle,E Lewis,2018,56709154.194,0.4996697543596195
2015,RG Sharma,Mumbai Indians,292,215,135.81,22,11,15.35,57,26.51,0.6776183892009154,0.2961437667865142,0.28985119193068015,0.36234939827179935,0.6164382001284627,0.696163463230456,middle,RG Sharma,2015,5236600.1181,13.294187975595234
2014,DJG Sammy,Sunrisers Hyderabad,49,49,100.0,1,4,10.2,24,48.98,0.06791637989112961,0.1376540801532469,0.20627046119415063,0.8915235685242557,-0.04142129350714327,0.038303969594849996,middle,DJG Sammy,2014,67795643.4295,0.05649916079737764
2023,SA Yadav,Mumbai Indians,457,244,187.3,50,22,29.51,66,27.05,0.8846080713198374,0.5045122643445717,0.5456903299463612,0.413753687573705,0.8854274648337727,0.9651527279357659,middle,SA Yadav,2023,2366172.2646,40.78962222553667
2022,R Powell,Delhi Capitals,137,119,115.13,5,9,11.76,48,40.34,0.272820993722906,0.21422715672772352,0.22451900552412027,0.6305192693047873,0.2013248892405085,0.28105015234250175,middle,R Powell,2022,34825796.6224,0.807017152801409
2025,Priyansh Arya,Punjab Kings,138,65,212.31,8,13,32.31,17,26.15,0.2612628483514333,0.5346931428593675,0.5125455949341117,0.43593651714206,0.38474003709736726,0.4644653001993605,middle,Priyansh Arya,2025,39881000.00000001,1.1646280188544933
2018,N Rana,Kolkata Knight Riders,150,120,125.0,10,7,14.17,39,32.5,0.2827532338211637,0.22539090149503593,0.25921434224601614,0.5146418203163121,0.24273436189138253,0.32245962499337577,middle,N Rana,2018,50739769.541999996,0.6355165344739275
2014,MK Tiwary,Delhi Capitals,76,66,115.15,6,2,12.12,20,30.3,0.12409518759252362,0.21296135075356942,0.24616735219733654,0.4459727394052286,0.1232034778585113,0.20292874096050456,middle,MK Tiwary,2014,54236514.743599996,0.37415520138017444
2018,DJM Short,Rajasthan Royals,58,31,187.1,4,5,29.03,12,38.71,0.11325997070019024,0.5141077302124345,0.5322263650720407,0.6423804196199551,0.22280948471429968,0.30253474781629297,middle,DJM Short,2018,59693846.519999996,0.506810610227523
2024,R Ravindra,Chennai Super Kings,42,20,210.0,1,4,25.0,3,15.0,0.08127480882148448,0.5333055580167088,0.4116828421750782,0.15678524848917835,0.2759910331993802,0.35571629630137347,middle,R Ravindra,2024,19958341.5,1.7822938659576173
2019,Yuvraj Singh,Mumbai Indians,90,65,138.46,6,6,18.46,24,36.92,0.1191183543444518,0.31109536109499103,0.3577857130951223,0.5974486490280592,0.14069070461747135,0.22041596771946462,middle,Yuvraj Singh,2019,14442525.530000001,1.526159446709073
2014,YK Pathan,Kolkata Knight Riders,196,117,167.52,10,17,23.08,42,35.9,0.373778777376497,0.4732809389607568,0.4739121050071894,0.5795425811111468,0.41988120836863313,0.4996064714706264,middle,YK Pathan,2014,62953097.470249996,0.7936169808113532
2025,AM Rahane,Kolkata Knight Riders,124,106,116.98,5,5,9.43,29,27.36,0.2350133048979302,0.133715347793418,0.11831580888501755,0.4597674114885241,0.15983492773566826,0.23956019083766153,middle,AM Rahane,2025,15742500.000000002,1.521741723599565
2022,R Parag,Rajasthan Royals,63,53,118.87,3,3,11.32,17,32.08,0.11633756776998568,0.2265848811017746,0.21807497082120225,0.47379103146185375,0.10990230641839063,0.1896275695203839,middle,R Parag,2022,47263581.1304,0.4012128683122896
2014,V Sehwag,Punjab Kings,134,86,155.81,12,6,20.93,22,25.58,0.2447755893214441,0.4150731410247979,0.4292358989359136,0.3333924442530975,0.3395111047011579,0.4192363678031512,middle,V Sehwag,2014,61984588.2784,0.67635581593311
2018,JC Buttler,Rajasthan Royals,207,161,128.57,15,4,11.8,39,24.22,0.3877653642330712,0.24198863222806508,0.215672047892202,0.3443236879114548,0.3570785530510259,0.4368038161530192,middle,JC Buttler,2018,65663231.172,0.6652182787180299
2014,WP Saha,Punjab Kings,168,121,138.84,12,9,17.36,39,32.23,0.31551927309356986,0.3307190563985621,0.3550526172268647,0.49200663127887534,0.32424033258402235,0.40396559568601564,middle,WP Saha,2014,42614404.4414,0.9479555117132227
2022,SW Billings,Kolkata Knight Riders,138,109,126.61,7,8,13.76,37,33.94,0.2749356346141617,0.2521594229881796,0.25381007235556585,0.5090833465209162,0.24454167975471314,0.32426694285670643,middle,SW Billings,2022,24875569.016000003,1.303555881066027
2023,HC Brook,Sunrisers Hyderabad,60,41,146.34,6,2,19.51,14,34.15,0.11503014041206018,0.30748764980699167,0.34365762726351745,0.57342708666791,0.13831651539086715,0.2180417784928604,middle,HC Brook,2023,156758912.52975,0.13909370444980604
2014,GJ Bailey,Punjab Kings,68,88,77.27,4,0,4.55,39,44.32,0.10744961494025873,0.024668320368076636,0.08886554756498376,0.7803743788189739,-0.044941578188168047,0.03478368491382522,middle,GJ Bailey,2014,62953097.470249996,0.05525333353178227
2014,NV Ojha,Sunrisers Hyderabad,107,80,133.75,3,9,15.0,29,36.25,0.18859678162005009,0.3054178017876287,0.30601268870211545,0.5878906962177667,0.18612716432919843,0.2658524274311917,middle,NV Ojha,2014,9685091.918499999,2.744965454828293
2016,NLTC Perera,Lucknow Super Giants,57,43,132.56,3,3,13.95,15,34.88,0.11868858438477732,0.28246331293029875,0.2745404661345632,0.5649988177822597,0.12159819105737218,0.20132345415936545,middle,NLTC Perera,2016,16363863.999,1.230292882974757
2025,SE Rutherford,Gujarat Titans,194,119,163.03,15,12,22.69,34,28.57,0.3662610221654458,0.3274112196363528,0.3467898894361971,0.4835983058349883,0.36387050034350427,0.44359576344549756,middle,SE Rutherford,2025,27287000.000000004,1.6256670335525982
2015,EJG Morgan,Sunrisers Hyderabad,118,91,129.67,6,8,15.38,35,38.46,0.23590779488900898,0.26581663138011297,0.2904661845756697,0.6172096283687976,0.20312253656661555,0.28284779966860885,middle,EJG Morgan,2015,26183000.5905,1.0802726703952898
2025,R Ravindra,Chennai Super Kings,44,39,112.82,2,1,7.69,9,23.08,0.08501591373505528,0.11621752310576088,0.08833504718373159,0.37547300834565916,0.04545039568738696,0.12517565878938022,middle,R Ravindra,2025,41980000.00000001,0.29817927296183944
2022,WP Saha,Gujarat Titans,75,72,104.17,7,0,9.72,21,29.17,0.14171325846505384,0.17801307674387343,0.1946421173560458,0.4185756353210624,0.12198782620220179,0.20171308930419507,middle,WP Saha,2022,23631790.5652,0.8535666764127313
2017,SA Yadav,Kolkata Knight Riders,66,60,110.0,5,1,10.0,17,28.33,0.12039658343525546,0.1904634152467876,0.20079234867268872,0.43653555251652876,0.10630765055347263,0.1860329136554659,middle,SA Yadav,2017,1559800.2096000002,11.926714236252907
2015,MEK Hussey,Chennai Super Kings,42,29,144.83,2,2,13.79,7,24.14,0.04297673070679696,0.3406960080512926,0.2578715743912222,0.31180389657055363,0.12580372254495908,0.20552898564695235,middle,MEK Hussey,2015,26183000.5905,0.7849710919745562
2020,SM Curran,Chennai Super Kings,70,54,129.63,3,5,14.81,21,38.89,0.13239251539740568,0.29505649440191345,0.3163005915979054,0.6087209166137306,0.13594689563533352,0.21567215873732679,middle,SM Curran,2020,76415478.9915,0.28223621913214314
2025,V Nigam,Delhi Capitals,65,39,166.67,7,3,25.64,11,28.21,0.12439022891530996,0.34272181623805265,0.3976193417458486,0.47650812239306517,0.18655097187422046,0.2662762349762137,middle,V Nigam,2025,5247500.000000001,5.074344639851619
2016,SV Samson,Delhi Capitals,162,123,131.71,10,5,12.2,30,24.39,0.3429363726594328,0.2789894878504197,0.2436951442516913,0.3624950924729171,0.33428595483842694,0.4140112179404202,middle,SV Samson,2016,68728228.7958,0.602388894918998
2024,TM Head,Sunrisers Hyderabad,110,77,142.86,8,6,18.18,25,32.47,0.22186473920727387,0.25591909782769323,0.28779354267383284,0.5680406870221136,0.19821809184447092,0.27794335494646416,middle,TM Head,2024,75398179.0,0.36863404213842377
2022,JM Bairstow,Punjab Kings,64,60,106.67,8,0,13.33,20,33.33,0.11845220866124137,0.1862735876890947,0.24751249298680508,0.4975089851305785,0.10064454480696682,0.18036980790896007,middle,JM Bairstow,2022,83955045.429,0.21484093896595782
2022,D Brevis,Mumbai Indians,85,56,151.79,4,8,21.43,24,42.86,0.16285966737761065,0.3353592892284484,0.36614131365415964,0.6783346639009366,0.16845685062126764,0.2481821137232609,middle,D Brevis,2022,37313353.524000004,0.6651294785488252
2022,R Tewatia,Gujarat Titans,59,59,100.0,6,1,11.86,23,38.98,0.10787900420496295,0.1642345444872443,0.22598355886569255,0.6047141357132146,0.059827451340639215,0.13955271444263248,middle,R Tewatia,2022,111940060.572,0.12466735655629917
2022,F du Plessis,Royal Challengers Bengaluru,189,123,153.66,12,10,17.89,33,26.83,0.38278232006820145,0.34153815141547395,0.31429612536250096,0.3741756260532095,0.3967114013410617,0.476436664443055,middle,F du Plessis,2022,87064491.55600001,0.5472227034561044
2014,KP Pietersen,Delhi Capitals,93,81,114.81,9,2,13.58,29,35.8,0.15946702947858651,0.21127128659488228,0.2765056130643425,0.5771574053663981,0.13082465110092278,0.21054991420291605,middle,KP Pietersen,2014,174331654.533,0.12077549241813691
2025,Aniket Verma,Sunrisers Hyderabad,149,89,167.42,5,15,22.47,33,37.08,0.28188748963632865,0.3458764721312601,0.34299921841649417,0.6512023644204511,0.2676323041476496,0.34735756724964284,middle,Aniket Verma,2025,3148500.0000000005,11.03247791804487
2024,Naman Dhir,Mumbai Indians,46,23,200.0,4,3,30.43,6,26.09,0.08954480472653092,0.4919909228977014,0.510321976528709,0.4178512366591985,0.23772726862443727,0.3174525317264305,middle,Naman Dhir,2024,2217593.5,14.315181376858765
2024,T Stubbs,Delhi Capitals,144,114,126.32,6,8,12.28,33,28.95,0.2921597044001686,0.18758469134085493,0.18061658269474962,0.48517754199429836,0.2290909790624816,0.3088162421644749,middle,T Stubbs,2024,5543983.75,5.5702948653930475
2016,DR Smith,Gujarat Titans,113,72,156.94,10,7,23.61,24,33.33,0.23828740479792687,0.38210078992729984,0.444806642928016,0.5350769136612414,0.28720610666988633,0.36693136977187957,middle,DR Smith,2016,37636887.1977,0.974924859870725
2022,RA Tripathi,Sunrisers Hyderabad,208,128,162.5,16,11,21.09,32,25.0,0.4229604970020593,0.3707473181177764,0.3611618322928139,0.3394525418821964,0.4539344511191038,0.533659714221097,middle,RA Tripathi,2022,105721168.318,0.5047803790967343
2016,JC Buttler,Mumbai Indians,167,114,146.49,14,7,18.42,31,27.19,0.3536148387677497,0.33939317570996347,0.3533282311725274,0.41654756443346613,0.37206595707500106,0.45179122017699436,middle,JC Buttler,2016,62182683.1962,0.7265547206309738
2022,HR Shokeen,Mumbai Indians,42,40,105.0,5,0,12.5,18,45.0,0.07193010905361638,0.18075556637768686,0.23535670025175515,0.7189398005817934,0.015054137090191488,0.09477940019218475,middle,HR Shokeen,2022,2487556.9016,3.810139986394784
2022,AK Markram,Sunrisers Hyderabad,249,180,138.33,16,12,15.56,49,27.22,0.5096607735435422,0.2908846982993771,0.2801720325038669,0.3815756275978516,0.47471330930585,0.5544385724078432,middle,AK Markram,2022,32338239.7208,1.7144983066324033
2016,KH Pandya,Mumbai Indians,165,79,208.86,14,11,31.65,20,25.32,0.34934345232442293,0.5942901995123818,0.5865188646070388,0.38044823494552804,0.4989759476455551,0.5787012107475483,middle,KH Pandya,2016,32727727.998,1.768229101582954
2022,DA Miller,Gujarat Titans,289,222,130.18,14,15,13.06,61,27.48,0.5942464091937695,0.2639554326179557,0.24355819896455994,0.3865089619609465,0.5259936045411251,0.6057188676431183,middle,DA Miller,2022,37313353.524000004,1.6233300157637107
2020,EJG Morgan,Kolkata Knight Riders,200,178,112.36,13,10,12.92,68,38.2,0.42939408483727626,0.21048011875255013,0.2758830341550382,0.5959192325125595,0.34265206382408175,0.422377326926075,middle,EJG Morgan,2020,72942048.12825,0.5790587703041079
2014,CJ Anderson,Mumbai Indians,203,120,169.17,17,11,23.33,36,30.0,0.3883436534472288,0.4814827209073264,0.47910701268989586,0.43881721217098296,0.46317769913376355,0.5429029622357568,middle,CJ Anderson,2014,87165827.2665,0.6228392241100292
2014,JP Duminy,Delhi Capitals,192,190,101.05,5,6,5.79,53,27.89,0.3654559910503646,0.14287339593742768,0.11463228967120805,0.3884900039567888,0.2804552687644038,0.3601805318663971,middle,JP Duminy,2014,42614404.4414,0.8452084138866454
2022,Shahbaz Ahmed,Royal Challengers Bengaluru,171,143,119.58,11,6,11.89,48,33.57,0.3447187840255992,0.2289308662102174,0.22642292486816426,0.5020628322349737,0.2893263056101827,0.3690515687121759,middle,Shahbaz Ahmed,2022,29850682.8192,1.2363253830656142
2018,Shubman Gill,Kolkata Knight Riders,117,82,142.68,9,4,15.85,19,23.17,0.22195673726690143,0.3075891870300377,0.2900797660917578,0.3227253740195345,0.2633130243369771,0.34303828743897036,middle,Shubman Gill,2018,26862230.933999997,1.277028286599907
2018,SA Yadav,Mumbai Indians,187,141,132.62,21,3,17.02,43,30.5,0.35091900268503345,0.2608179906226781,0.311575329127185,0.4735021748078925,0.3265952301986887,0.406320493300682,middle,SA Yadav,2018,47755077.216,0.8508425009195613
2016,AJ Finch,Gujarat Titans,213,151,141.06,21,8,19.21,46,30.46,0.4518567269642653,0.31720156372908914,0.3672526907653667,0.4796731299016787,0.43416176286287667,0.5138870259648699,middle,AJ Finch,2016,16363863.999,3.1403770282879013
2014,Shakib Al Hasan,Kolkata Knight Riders,122,90,135.56,9,5,15.56,29,32.22,0.21980723034304675,0.31441490804416883,0.317649281911378,0.4917681137044005,0.23534649032908356,0.31507175343107685,middle,Shakib Al Hasan,2014,54236514.743599996,0.5809218289939175
2022,PBB Rajapaksa,Punjab Kings,124,79,156.96,7,8,18.99,23,29.11,0.2453306621365822,0.35244202586316603,0.33040621211979604,0.41743717354496357,0.2845909451831821,0.3643162082851754,middle,PBB Rajapaksa,2022,6218892.254000001,5.858217081198773
2015,M Vijay,Punjab Kings,40,35,114.29,3,1,11.43,13,37.14,0.03789959743884403,0.1898506146780853,0.20949215298537566,0.5890577033706355,0.011361752277448858,0.09108701537944212,middle,M Vijay,2015,52366001.181,0.17394304190729634
2018,F du Plessis,Chennai Super Kings,43,37,116.22,2,2,10.81,13,35.14,0.08562519953916198,0.18457071218523305,0.19748349455453282,0.5689461523874261,0.04957884172032086,0.12930410482231414,middle,F du Plessis,2018,23877538.608,0.5415302931558938
2025,RR Pant,Lucknow Super Giants,108,92,117.39,9,5,15.22,38,41.3,0.20501382666535525,0.13543989301503803,0.21807937799446925,0.7343150703229955,0.10139589077109037,0.18112115387308364,middle,RR Pant,2025,283365000.0,0.06391796935863062
2022,R Ashwin,Rajasthan Royals,69,61,113.11,1,4,8.2,18,29.51,0.12902541311751975,0.20755266388398472,0.17238090656414715,0.4250269187189556,0.11495692722824952,0.19468219033024278,middle,R Ashwin,2022,62188922.54,0.31304962745579473
2020,RA Tripathi,Kolkata Knight Riders,62,60,103.33,3,1,6.67,16,26.67,0.11411549573956747,0.16625749732152806,0.1422270902302125,0.3820012358654534,0.09321481666106424,0.1729400797630575,middle,RA Tripathi,2020,8336234.0718,2.0745588268458426
2022,A Manohar,Gujarat Titans,58,38,152.63,7,2,23.68,12,31.58,0.10576436331370728,0.3381348209060428,0.39909376383953593,0.4643038499943638,0.17300991969181306,0.25273518279380636,middle,A Manohar,2022,32338239.7208,0.7815366110705363
2024,RK Singh,Kolkata Knight Riders,79,61,129.51,5,3,13.11,18,29.51,0.15777227094316398,0.20076405994381827,0.19569401943756978,0.49836031506690537,0.12591377561180955,0.20563903871380282,middle,RK Singh,2024,2217593.5,9.27307185531536
2025,KH Pandya,Royal Challengers Bengaluru,68,49,138.78,3,4,14.29,17,34.69,0.13001513108391777,0.22541067908931328,0.20205517777481635,0.6041314243476831,0.09122005927935486,0.17094532238134813,middle,KH Pandya,2025,60346250.00000001,0.28327414277001156
2022,RV Uthappa,Chennai Super Kings,63,38,165.79,2,6,21.05,13,34.21,0.11633756776998568,0.38161815052168757,0.36057601095618497,0.5142064245133608,0.1768294166610596,0.2565546797630529,middle,RV Uthappa,2022,24875569.016000003,1.0313520048447398
2022,MR Marsh,Delhi Capitals,71,69,102.9,3,3,8.7,23,33.33,0.13325469490003114,0.17381673718370103,0.17970367327200856,0.4975089851305785,0.0951877147034212,0.17491297780541448,middle,MR Marsh,2022,80845599.302,0.21635435857432922
2024,Abhishek Sharma,Sunrisers Hyderabad,99,50,198.0,8,8,32.0,16,32.0,0.19912225046839618,0.4837279958738999,0.5388419472350074,0.5569765739076042,0.3007892738023676,0.3805145369043609,middle,Abhishek Sharma,2024,2217593.5,17.15889485175533
2018,RV Uthappa,Kolkata Knight Riders,161,109,147.71,14,10,22.02,42,38.53,0.3030187326725844,0.3309747852337175,0.4034367096204638,0.6386778515241974,0.29465919332743606,0.3743844564294293,middle,RV Uthappa,2018,95510154.432,0.39198392951607924
2017,CJ Anderson,Delhi Capitals,54,72,75.0,2,2,5.56,39,54.17,0.09207197969156856,0.032525282812869614,0.11328956928701385,0.9289917277825589,-0.07972526310199327,0.0,middle,CJ Anderson,2017,15598002.096,0.0
2020,PK Garg,Sunrisers Hyderabad,60,65,92.31,3,0,4.62,24,36.92,0.10954624082510793,0.11228924835476582,0.09838794062286967,0.5721711808466188,0.026567119121766278,0.10629238222375954,middle,PK Garg,2020,26398074.5607,0.40265202668228617
2021,SPD Smith,Delhi Capitals,78,68,114.71,7,0,10.29,17,25.0,0.16778895224270485,0.2199261396598362,0.21706241410656588,0.32287951106347024,0.1790455843007339,0.25877084740272716,middle,SPD Smith,2021,29174564.8546,0.8869741457752243
2023,N Pooran,Lucknow Super Giants,219,129,169.77,15,18,25.58,47,36.43,0.42324900946580474,0.42018996227319044,0.4662914777920036,0.6247024880671759,0.4329739941995665,0.5126992573015597,middle,N Pooran,2023,189293781.16799998,0.2708484421083725
2019,SN Khan,Punjab Kings,103,83,124.1,12,2,16.87,28,33.73,0.15513088007649536,0.23852129805947792,0.3251293109294005,0.5345371703473915,0.15377952159544145,0.23350478469743471,middle,SN Khan,2019,3610631.3825000003,6.467145492314313
2025,WG Jacks,Mumbai Indians,98,75,130.67,8,5,17.33,27,36.0,0.18626415276999586,0.19129833336409713,0.25443535913798265,0.6299318140946815,0.13130153123388608,0.21102679433587934,middle,WG Jacks,2025,55098750.00000001,0.3829974261410274
2022,LS Livingstone,Punjab Kings,288,163,176.69,17,23,24.54,46,28.22,0.5921317683025138,0.41763397824285237,0.41168892257705747,0.40054999053283147,0.601223394523712,0.6809486576257052,middle,LS Livingstone,2022,143034521.842,0.4760729429905743
2023,Sikandar Raza,Punjab Kings,91,59,154.24,7,5,20.34,21,35.59,0.17512312746027453,0.3454880027085269,0.36042634158619347,0.6058115507095517,0.19466786095610605,0.27439312405809935,middle,Sikandar Raza,2023,5915430.661499999,4.638599279744079
2018,MM Ali,Royal Challengers Bengaluru,72,35,205.71,4,6,28.57,7,20.0,0.13905242378381663,0.6006297943417549,0.523775118066659,0.2575190358886893,0.3446820937651738,0.424407356867167,middle,MM Ali,2018,25369884.770999998,1.672878535705065
2022,KH Pandya,Lucknow Super Giants,96,90,106.67,8,2,11.11,35,38.89,0.18612071718142315,0.1862735876890947,0.21499940880390048,0.6030064430490666,0.1271772432028337,0.20690250630482696,middle,KH Pandya,2022,102611722.191,0.20163632564289444
2014,MEK Hussey,Mumbai Indians,69,60,115.0,1,4,8.33,17,28.33,0.10953031152179184,0.21221573421297213,0.16741255172750602,0.39898477723368236,0.10497452438008983,0.1846997874820831,middle,MEK Hussey,2014,96850919.185,0.19070524992052826
2023,H Klaasen,Sunrisers Hyderabad,293,164,178.66,17,18,21.34,29,17.68,0.5666967850002519,0.46295238471555095,0.3806296118544778,0.20302977919163426,0.6277631099474354,0.7074883730494287,middle,H Klaasen,2023,62112021.94575,1.1390522331850097
2016,KD Karthik,Gujarat Titans,240,185,129.73,25,2,14.59,52,28.11,0.5095204439491767,0.2708975188408191,0.2858210409945849,0.4343076623633608,0.45918828653783195,0.5389135496398252,middle,KD Karthik,2016,37636887.1977,1.431875985941681
2025,TH David,Royal Challengers Bengaluru,56,34,164.71,6,3,26.47,15,44.12,0.10751552240948652,0.33447764883713743,0.4119205096838183,0.7898548406180608,0.11076884639188195,0.1904941094938752,middle,TH David,2025,31485000.000000004,0.6050313148924097
2018,MA Agarwal,Punjab Kings,64,51,125.49,3,3,11.76,14,27.45,0.12431387916460156,0.22766902139956935,0.2149371568482558,0.4107642154075525,0.12858639803969274,0.208311661141686,middle,MA Agarwal,2018,14923461.629999999,1.3958668994258407
2018,MA Agarwal,Punjab Kings,64,51,125.49,3,3,11.76,14,27.45,0.12431387916460156,0.22766902139956935,0.2149371568482558,0.4107642154075525,0.12858639803969274,0.208311661141686,middle,MA Agarwal,2018,2984692.326,6.979334497129203
2014,JH Kallis,Kolkata Knight Riders,87,61,142.62,6,3,14.75,16,26.23,0.14698284998938785,0.3495085932216128,0.3008177810194089,0.348896086593963,0.21282319684308332,0.2925484599450766,middle,JH Kallis,2014,106536011.1035,0.27460053827326525
2022,PJ Cummins,Kolkata Knight Riders,60,17,352.94,5,6,64.71,4,23.53,0.10999364509621863,0.9999999998809529,0.9999999998866418,0.311560228367776,0.5256828703450339,0.6054081334470272,middle,PJ Cummins,2022,90173937.683,0.6713781709026571
2021,RM Patidar,Royal Challengers Bengaluru,48,35,137.14,1,3,11.43,7,20.0,0.0947417067034403,0.31771060684653785,0.23862290153653254,0.21550787500554305,0.1757295527229115,0.25545481582490476,middle,RM Patidar,2021,2652233.1686,9.63168769809739
2018,Ishan Kishan,Mumbai Indians,215,113,190.27,18,14,28.32,32,28.32,0.4025039088522862,0.5288457712274772,0.519182049041995,0.428659961203715,0.49876127601772813,0.5784865391197214,middle,Ishan Kishan,2018,92525462.10599999,0.625218751630756
2021,KS Bharat,Royal Challengers Bengaluru,87,70,124.29,5,3,11.43,18,25.71,0.18970312590448424,0.2616905264475582,0.23862290153653254,0.33812628338369594,0.2103689822884222,0.2900942453904155,middle,KS Bharat,2021,2652233.1686,10.937735370512081
2018,KD Karthik,Kolkata Knight Riders,284,216,131.48,26,6,14.81,59,27.31,0.5296238561930163,0.25551787492641664,0.2709725989491558,0.40788444022196313,0.47297207917777667,0.55269734227977,middle,KD Karthik,2018,110433616.06199999,0.5004792580272595
2022,D Padikkal,Rajasthan Royals,239,182,131.32,21,12,18.13,70,38.46,0.48851436463098546,0.2677222256089765,0.3178110533822744,0.5948474669870252,0.41572087666653124,0.4954461397685245,middle,D Padikkal,2022,96392829.937,0.5139865071835072
2025,V Suryavanshi,Rajasthan Royals,101,40,252.5,6,10,40.0,8,20.0,0.1918890549386037,0.7037406366567084,0.6450467773955423,0.31481255000920505,0.43068028042516293,0.5104055435271562,middle,V Suryavanshi,2025,11544500.000000002,4.421200948738846
2018,KK Nair,Punjab Kings,196,151,129.8,12,8,13.25,43,28.48,0.36749986538165036,0.24770717811087356,0.24231184823525287,0.43195113284438863,0.33038418881675524,0.4101094519187485,middle,KK Nair,2018,83571385.12799999,0.49072951380501206
2022,TH David,Mumbai Indians,72,40,180.0,8,3,27.5,11,27.5,0.1353693357912868,0.4285708947343254,0.455039701487597,0.386888449219646,0.2504969875069173,0.33022225060891053,middle,TH David,2022,102611722.191,0.32181727736158594
2024,SD Hope,Delhi Capitals,79,45,175.56,2,7,20.0,12,26.67,0.15777227094316398,0.39101795466684736,0.3208549099894144,0.43150482305582716,0.22139322054130284,0.3011184836432961,middle,SD Hope,2024,8315975.625,3.6209640001595855
2018,Shakib Al Hasan,Sunrisers Hyderabad,150,132,113.64,15,2,12.88,45,34.09,0.2827532338211637,0.17257571350422035,0.23551410607875026,0.5473478384955057,0.21560855462484596,0.2953338177268392,middle,Shakib Al Hasan,2018,29846923.259999998,0.989495014793157
2018,Shakib Al Hasan,Sunrisers Hyderabad,150,132,113.64,15,2,12.88,45,34.09,0.2827532338211637,0.17257571350422035,0.23551410607875026,0.5473478384955057,0.21560855462484596,0.2953338177268392,middle,Shakib Al Hasan,2018,2984692.326,9.89495014793157
2017,RA Tripathi,Lucknow Super Giants,79,62,127.42,6,4,16.13,22,35.48,0.15108157082424958,0.2690714800181834,0.32160136615786594,0.5727995483815487,0.15134706422011812,0.2310723273221114,middle,RA Tripathi,2017,1559800.2096000002,14.8142259438065
2023,MA Agarwal,Sunrisers Hyderabad,110,82,134.15,7,4,13.41,17,20.73,0.21195431307047044,0.24885166222854682,0.22041767862698264,0.2716218731687224,0.23397811021659246,0.3137033733185857,middle,MA Agarwal,2023,97604605.91475,0.321402223162072
2016,SR Watson,Royal Challengers Bengaluru,123,97,126.8,9,8,17.53,43,44.33,0.25964433701456074,0.25892303944782424,0.3376411817578097,0.7474259106491127,0.2034354356677353,0.2831606987697286,middle,SR Watson,2016,155456707.9905,0.18214762323863995
2022,SN Thakur,Delhi Capitals,51,41,124.39,4,2,14.63,14,34.15,0.09096187707491751,0.24482408926882313,0.2665516864272447,0.5130679627372621,0.09691347317857749,0.17663873628057075,middle,SN Thakur,2022,133706183.46100001,0.13210962403402496
2025,VR Iyer,Kolkata Knight Riders,91,70,130.0,9,2,15.71,25,35.71,0.1731393810432443,0.18848017409949858,0.22652223617471645,0.6242202774331322,0.11551594881276185,0.19524121191475513,middle,VR Iyer,2025,249256250.00000003,0.07832951507324494
2022,MK Lomror,Royal Challengers Bengaluru,44,33,133.33,4,1,15.15,7,21.21,0.07615939083612773,0.2743636764089345,0.2741673638034205,0.2675397063586228,0.14456214708054205,0.2242874101825353,middle,MK Lomror,2022,11815895.2826,1.8981838008738896
2025,F du Plessis,Delhi Capitals,43,37,116.22,3,1,10.81,11,29.73,0.08314094634551934,0.13051862982163448,0.14209365437224442,0.5064444524811854,0.032798186401117604,0.11252344950311087,middle,F du Plessis,2025,20990000.000000004,0.5360812267894752
2018,KA Pollard,Mumbai Indians,94,63,149.21,8,6,22.22,25,39.68,0.17958342148665812,0.3379486216761667,0.4071111648401949,0.6623331476915386,0.19400692712190776,0.27373219022390105,middle,KA Pollard,2018,80586692.802,0.33967418280392264
2022,DA Warner,Delhi Capitals,163,108,150.93,14,7,19.44,27,25.0,0.32780165689555374,0.3325176734632923,0.3369967021568713,0.3394525418821964,0.3615054596103657,0.44123072271235897,middle,DA Warner,2022,77736153.175,0.5676004081640859
2022,MS Wade,Gujarat Titans,41,41,100.0,4,0,9.76,15,36.59,0.06981546816236073,0.1642345444872443,0.1952279386926747,0.5593654082986129,0.032295243954874236,0.1120205070568675,middle,MS Wade,2022,29850682.8192,0.3752694962971358
2020,AJ Finch,Royal Challengers Bengaluru,50,48,104.17,3,2,10.42,19,39.58,0.08669996625281019,0.17037122954766967,0.22242065658510787,0.6215226007149017,0.04065095304059027,0.12037621614258354,middle,AJ Finch,2020,61132383.1932,0.19691072039863394
