season,player,team,runs,balls,strike_rate,fours,sixes,boundary_pct,dot_balls,dot_pct,runs_z,strike_rate_z,boundary_pct_z,dot_pct_z,impact_score,impact_score_pos,phase,name,year,adj_price,ROI,ROI_z
2024,A Raghuvanshi,Kolkata Knight Riders,74,46,160.87,6,4,21.74,10,21.74,0.1474347760618559,0.3303267556770255,0.3524630303900254,0.3154493386844835,0.2244485858937007,0.304173848995694,middle,A Raghuvanshi,2024,2217593.5,13.716393423578037,0.3362716464349726
2023,Vivrant Sharma,Sunrisers Hyderabad,40,21,190.48,4,2,28.57,4,19.05,0.076260471348696,0.5198086089302529,0.526699255894174,0.2338399984534738,0.2755228112461728,0.3552480743481661,middle,Vivrant Sharma,2023,30760239.4398,1.1548937226038574,0.028313420413403918
2022,Lalit Yadav,Delhi Capitals,113,93,121.51,7,5,12.9,33,35.48,0.2220696123327697,0.2353079806599282,0.2412149136180442,0.5383038654407851,0.1888302936996461,0.2685555568016393,middle,Lalit Yadav,2022,8084559.9302,3.3218327171828594,0.0814381829459985
2017,P Negi,Royal Challengers Bengaluru,61,56,108.93,5,2,12.5,20,35.71,0.1085946652087192,0.1856350209123792,0.2500619316601183,0.5771828657310529,0.0771420516265022,0.1568673147284955,middle,P Negi,2017,15598002.096,1.005688509099015,0.024655499467821508
2014,Yuvraj Singh,Royal Challengers Bengaluru,240,191,125.65,17,14,16.23,77,40.31,0.4653294269639539,0.265154508595377,0.3315716345010314,0.6847288314545574,0.3811784547590711,0.4609037178610643,middle,Yuvraj Singh,2014,271182573.718,0.1699606695009663,0.004166762529867078
2014,AJ Finch,Sunrisers Hyderabad,98,78,125.64,7,3,12.82,23,29.49,0.1698705123862521,0.2651048008260039,0.2607130937089147,0.4266528158727654,0.1822399057240327,0.2619651688260259,middle,AJ Finch,2014,77480735.34799999,0.3381036171758378,0.008288961719186416
2016,Yuvraj Singh,Sunrisers Hyderabad,182,143,127.27,16,10,18.18,64,44.76,0.3856502370927004,0.2608438603743456,0.3490980156000192,0.7557268259859111,0.3054475857092856,0.3851728488112789,middle,Yuvraj Singh,2016,114547047.993,0.3362573331744148,0.00824369814721291
2013,MC Henriques,Royal Challengers Bengaluru,68,73,93.15,5,1,8.22,29,39.73,0.1380199044940354,0.1417262057450205,0.1888242054601306,0.6098610194301073,0.0687264225247391,0.1484516856267324,middle,MC Henriques,2013,36939715.38564,0.4018755533900019,0.009852397042514215
2018,SW Billings,Chennai Super Kings,41,36,113.89,2,2,11.11,14,38.89,0.0819405633843581,0.1737380195779619,0.2029951773841295,0.6460829877157128,0.0290562945145584,0.1087815576165517,middle,SW Billings,2018,14923461.63,0.7289297906450389,0.017870471724320512
2025,M Shahrukh Khan,Gujarat Titans,113,60,188.33,9,8,28.33,15,25.0,0.2143886636130349,0.4338282784338827,0.443968910123124,0.4132873200359164,0.3077957324380343,0.3875209955400276,middle,M Shahrukh Khan,2025,3148500.0000000005,12.308114833731224,0.30174623254352884
2018,CA Lynn,Kolkata Knight Riders,175,135,129.63,14,6,14.81,43,31.85,0.3288111857562108,0.2469168099807292,0.2709725989491558,0.5012714355260758,0.2910642242838034,0.3707894873857967,middle,CA Lynn,2018,143265231.648,0.258813309496347,0.0063450773841187925
2016,MP Stoinis,Punjab Kings,58,44,131.82,3,2,11.36,11,25.0,0.1208242776064407,0.2794390416842863,0.2288893897479127,0.3742708095786081,0.1514148506242993,0.2311401137262926,middle,MP Stoinis,2016,9000125.19945,2.5681877596593625,0.06296179320799315
2025,LS Livingstone,Royal Challengers Bengaluru,71,61,116.39,2,4,9.84,20,32.79,0.1356400332525255,0.1312336851574281,0.1253802412399182,0.5667110117375327,0.059615978049726,0.1393412411517193,middle,LS Livingstone,2025,91831250.0,0.1517361912766289,0.0037199704972485205
2020,MP Stoinis,Delhi Capitals,178,124,143.55,12,9,16.94,33,26.61,0.3791322807782212,0.3632269141494027,0.361850537287486,0.3808880459436123,0.4084663971361725,0.4881916602381658,middle,MP Stoinis,2020,66689872.5744,0.7320326781154568,0.017946542236893175
2014,KK Nair,Rajasthan Royals,147,99,148.48,16,4,20.2,28,28.28,0.2718246448813745,0.3786373460742788,0.4140667685024106,0.3977921893613081,0.3343058355556037,0.414031098657597,middle,KK Nair,2014,14527637.87775,2.849954701112918,0.0698696027456418
2022,Q de Kock,Lucknow Super Giants,177,120,147.5,16,6,18.33,30,25.0,0.3574066293731333,0.3211842524464487,0.3207401600654189,0.3394525418821964,0.3785381028690857,0.458263365971079,middle,Q de Kock,2022,83955045.429,0.5458437472452182,0.013381927006181158
2017,BA Stokes,Lucknow Super Giants,247,168,147.02,17,12,17.26,46,27.38,0.5476260232358661,0.3575168341811774,0.3438712176681842,0.4184305460729247,0.5304440031620979,0.6101692662640912,middle,BA Stokes,2017,226171030.392,0.2697822374539059,0.006613992057969897
2015,KD Karthik,Royal Challengers Bengaluru,92,80,115.0,10,2,15.0,30,37.5,0.1699050624056206,0.1933574984140046,0.282676277739135,0.5967355010974069,0.1311194547770435,0.2108447178790368,middle,KD Karthik,2015,183281004.1335,0.1150390455769544,0.002820301814467725
2015,Yuvraj Singh,Delhi Capitals,176,158,111.39,14,7,13.29,66,41.77,0.3831446596596444,0.1755267233623583,0.2476216969747292,0.68780271302328,0.2711375415267129,0.3508628046287061,middle,Yuvraj Singh,2015,279285339.632,0.1256287942256547,0.003079920513309483
2018,KL Rahul,Punjab Kings,156,122,127.87,9,6,12.3,32,26.23,0.293807142285575,0.2387341752215888,0.2248581859415299,0.3856690316474165,0.2745037972537593,0.3542290603557526,middle,KL Rahul,2018,164158077.92999998,0.2157853361969811,0.0052902018802369975
2016,CH Morris,Delhi Capitals,70,43,162.79,5,5,23.26,14,32.56,0.1464525962664013,0.4060088801829379,0.4386375785514416,0.5202124838720905,0.2226497600038726,0.3023750231058659,middle,CH Morris,2016,114547047.993,0.2639745226121796,0.006471609890038271
2025,Sameer Rizvi,Delhi Capitals,75,50,150.0,6,4,20.0,13,26.0,0.1431399028106693,0.2726043312516961,0.3004403210589216,0.4329822740412586,0.1697848310275768,0.2495100941295701,middle,Sameer Rizvi,2025,9970250.000000002,2.5025460156923858,0.061352517603467646
2018,Yuvraj Singh,Punjab Kings,50,49,102.04,3,2,10.2,22,44.9,0.0985214260809751,0.1186447116826129,0.1862764061343528,0.7697076224685139,-0.0022756888972682,0.077449574204725,middle,Yuvraj Singh,2018,29846923.26,0.2594893065863198,0.006361650155649218
2025,MP Stoinis,Punjab Kings,45,32,140.63,2,4,18.75,13,40.63,0.0868908811245912,0.2331921636258915,0.2789024175378828,0.7211194511394163,0.0510269472671337,0.130752210369127,middle,MP Stoinis,2025,115445000.0,0.113259309947704,0.0027766697450318737
2018,CH Gayle,Punjab Kings,104,72,144.44,2,10,16.67,25,34.72,0.1980066022606769,0.315771821789178,0.3051450324926555,0.5603068268306578,0.2021044694776944,0.2818297325796877,middle,CH Gayle,2018,29846923.26,0.9442505350539364,0.023149283653812112
2018,AJ Finch,Punjab Kings,94,67,140.3,3,6,13.43,15,22.39,0.1795834214866581,0.2965240332080182,0.2456188579330108,0.3066809122712507,0.220411536284084,0.3001367993860773,middle,AJ Finch,2018,92525462.106,0.3243829239590626,0.007952584658850494
2025,AK Markram,Lucknow Super Giants,146,100,146.0,6,9,15.0,25,25.0,0.2762625874677208,0.2557794998212566,0.2142887069747664,0.4132873200359164,0.2579441973083236,0.3376694604103168,middle,AK Markram,2025,20990000.000000004,1.6087158666522954,0.039439342137513274
2023,PD Salt,Delhi Capitals,66,41,160.98,6,3,21.95,9,21.95,0.1266610411310694,0.3779085569561657,0.3929536067181313,0.2990587107595576,0.23348037918342,0.3132056422854133,middle,PD Salt,2023,23661722.646,1.3236806422391254,0.03245140724490391
2018,V Shankar,Delhi Capitals,100,84,119.05,7,3,11.9,25,29.76,0.1906373299510694,0.1977280169399873,0.2175092755020675,0.4582805059697771,0.1636740229493097,0.243399286051303,middle,V Shankar,2018,47755077.216,0.5096825306142607,0.012495397181753612
2022,KD Karthik,Royal Challengers Bengaluru,88,68,129.41,8,3,16.18,23,33.82,0.1692035900513777,0.2614111952468275,0.289252263221615,0.5068064229687187,0.1702753986657297,0.2500006617677229,middle,KD Karthik,2022,68407814.794,0.3654562896367365,0.00895954092457812
2015,RS Bopara,Sunrisers Hyderabad,86,72,119.44,3,4,9.72,23,31.94,0.1546736626017618,0.2152878699456693,0.1744375722209699,0.4781561806506028,0.1275815693791836,0.2073068324811769,middle,RS Bopara,2015,17455333.726999998,1.1876417588081611,0.029116272570808767
2025,PD Salt,Royal Challengers Bengaluru,66,33,200.0,5,5,30.3,8,24.24,0.1262651963048459,0.4829147241321899,0.4779126460722812,0.3983191549918563,0.2618052724996187,0.3415305356016119,middle,PD Salt,2025,120692500.0,0.2829757736409569,0.006937445315609229
2025,A Raghuvanshi,Kolkata Knight Riders,161,126,127.78,14,3,13.49,29,23.02,0.3043870983107599,0.1791423926556046,0.1882709195213515,0.3742913111053387,0.2600483181284919,0.3397735812304852,middle,A Raghuvanshi,2025,31485000.000000004,1.079160175418406,0.0264567337599987
2021,VR Iyer,Kolkata Knight Riders,128,98,130.61,10,6,16.33,32,32.65,0.2895343614748125,0.2892428150173288,0.3312951720688455,0.4871581142320988,0.2872277452523979,0.3669530083543912,middle,VR Iyer,2021,2652233.1686,13.835623982792209,0.33919470756439396
2014,DR Smith,Chennai Super Kings,189,122,154.92,10,15,20.49,41,33.61,0.3592139013057652,0.4106491495505874,0.4200928614143501,0.5249220565564052,0.3896000268813774,0.4693252899833706,middle,DR Smith,2014,87165827.2665,0.5384280797891814,0.013200124208036772
2017,MK Tiwary,Lucknow Super Giants,122,101,120.79,10,3,12.87,29,28.71,0.2525780675724609,0.2391534852171297,0.2573538299422578,0.4437775550939704,0.2365237545927651,0.3162490176947584,middle,MK Tiwary,2017,7799001.048,4.054993912019774,0.09941239194369642
2025,V Shankar,Chennai Super Kings,63,52,121.15,4,1,9.62,13,25.0,0.120640294136238,0.1512552345596511,0.1215895702202154,0.4132873200359164,0.0835492557137456,0.1632745188157389,middle,V Shankar,2025,12594000.000000002,1.296446870063037,0.03178374300362121
2025,SM Curran,Chennai Super Kings,78,44,177.27,8,3,25.0,9,20.45,0.1487648049792771,0.3873076195287174,0.3865919351430767,0.323675279311609,0.2477874610083304,0.3275127241103237,middle,SM Curran,2025,25188000.000000004,1.3002728446495302,0.03187754074867618
2016,KP Pietersen,Lucknow Super Giants,42,37,113.51,1,2,8.11,12,32.43,0.0866531860598265,0.2046087626106567,0.171605220536865,0.5177029048167793,0.0614856407750754,0.1412109038770686,middle,KP Pietersen,2016,57273523.99649999,0.2465552912122154,0.006044559320576717
2025,JC Buttler,Gujarat Titans,333,205,162.44,33,13,22.44,49,23.9,0.626881489310941,0.3249295570003629,0.3424823087319893,0.3916228706300398,0.5891559461692516,0.6688812092712448,middle,JC Buttler,2025,165296250.00000003,0.4046560096016968,0.009920562817530537
2014,PA Patel,Royal Challengers Bengaluru,48,42,114.29,5,0,11.9,10,23.81,0.0658356833095965,0.2086864825874785,0.2415958334365548,0.2911748335710483,0.105358691397022,0.1850839544990153,middle,PA Patel,2014,27118257.3718,0.6825068143629401,0.016732364192353785
2023,AM Rahane,Chennai Super Kings,150,104,144.23,8,6,13.46,22,21.15,0.2894936511971986,0.2973381884624044,0.2214278421403968,0.2810673418475344,0.3088684775550526,0.3885937406570459,middle,AM Rahane,2023,5915430.661499999,6.569153843458435,0.1610496367672833
2022,JM Sharma,Punjab Kings,157,104,150.96,14,8,21.15,39,37.5,0.3151138115480196,0.332616799594635,0.3620405642977572,0.5766320785694445,0.3089577862624688,0.3886830493644621,middle,JM Sharma,2022,2487556.9016,15.625091796471494,0.38306537162058385
2025,D Padikkal,Royal Challengers Bengaluru,141,97,145.36,12,7,19.59,29,29.9,0.2668877505200411,0.2530875267923863,0.2933758887040208,0.5097925946620935,0.2461531172621343,0.3258783803641275,middle,D Padikkal,2025,20990000.000000004,1.552541116551346,0.038062159730945073
2014,RG Sharma,Mumbai Indians,231,194,119.07,18,6,12.37,63,32.47,0.4466031577301559,0.2324467963478442,0.251362259880043,0.4977310530662718,0.3777428064512322,0.4574680695532255,middle,RG Sharma,2014,36803349.2903,1.2430066240568958,0.030473599808145027
2018,DA Miller,Punjab Kings,46,42,109.52,1,1,4.76,10,23.81,0.0911521537713676,0.1534209094089597,0.0863312241576654,0.3358900605822287,0.0690362285548693,0.1487614916568626,middle,DA Miller,2018,44770384.88999999,0.3322765529542953,0.008146105181090029
2025,KK Nair,Delhi Capitals,83,45,184.44,10,4,31.11,11,24.44,0.1581396419269568,0.4174661298677802,0.4918692075539144,0.4022581457929248,0.2696737648540974,0.3493990279560907,middle,KK Nair,2025,5247500.000000001,6.658390242136076,0.16323735986464472
2014,KL Rahul,Sunrisers Hyderabad,91,98,92.86,6,1,7.14,33,33.67,0.1553056363155203,0.1021627328208177,0.1426847911578231,0.5263531620032544,0.0781596547295753,0.1578849178315685,middle,KL Rahul,2014,19370183.837,0.8150925110477494,0.01998284040290698
2022,Ishan Kishan,Mumbai Indians,126,101,124.75,7,5,11.88,25,24.75,0.2495599439190935,0.246013602844935,0.226276469534007,0.3347089511484514,0.2517655396658664,0.3314908027678597,middle,Ishan Kishan,2022,189676213.747,0.1747666701160638,0.00428458663199791
2022,M Shahrukh Khan,Punjab Kings,68,78,87.18,1,5,7.69,40,51.28,0.1269107722262641,0.1218746443601496,0.1649116845221285,0.8380987998134669,0.0034535880307884,0.0831788511327817,middle,M Shahrukh Khan,2022,2487556.9016,3.343796922968114,0.08197665828816446
2016,SW Billings,Delhi Capitals,78,54,144.44,4,3,12.96,10,18.52,0.1635381420397084,0.3310151269879022,0.2570908268979671,0.2491779458984804,0.2317176279280347,0.311442891030028,middle,SW Billings,2016,4909159.1997,6.344118786146931,0.155532668356502
2018,KH Pandya,Mumbai Indians,120,91,131.87,13,4,18.68,35,38.46,0.2274836914991071,0.2573310724014535,0.3420733074509536,0.6372379639314025,0.2001533436236319,0.2798786067256252,middle,KH Pandya,2018,131326462.344,0.2131166877795762,0.005224777189550141
2018,RA Tripathi,Rajasthan Royals,107,87,122.99,8,2,11.49,26,29.89,0.2035335564928826,0.2160459606621539,0.2099766423016187,0.4609545829278245,0.1774450452677111,0.2571703083697043,middle,RA Tripathi,2018,50739769.542,0.5068416957566804,0.012425751161454552
2014,SA Yadav,Kolkata Knight Riders,62,46,134.78,4,2,13.04,13,28.26,0.09496543545106,0.3105377020330631,0.2652846124696964,0.3973151542123584,0.1427275506222345,0.2224528137242278,middle,SA Yadav,2014,13559128.6859,1.6406128953961052,0.04022133096218688
2016,RR Pant,Delhi Capitals,118,90,131.11,10,4,15.56,30,33.33,0.2489658709062438,0.2765373760293286,0.3029181622668053,0.5350769136612414,0.2357021592549064,0.3154274223568997,middle,RR Pant,2016,31091341.5981,1.0145185319895478,0.024871976660022325
2014,SPD Smith,Rajasthan Royals,71,68,104.41,3,2,7.35,23,33.82,0.113691704684858,0.1595752064468061,0.1470485136112965,0.5299309256203772,0.0622494432801121,0.1419747063821054,middle,SPD Smith,2014,77480735.34799999,0.1832387183013102,0.004492287702093496
2018,SV Samson,Rajasthan Royals,239,191,125.13,14,8,11.52,51,26.7,0.4467195427099314,0.2259953006533815,0.2105278105845784,0.3953368483418951,0.3882124168124963,0.4679376799144896,middle,SV Samson,2018,119387693.04,0.3919480040188987,0.00960901284748618
2022,SO Hetmyer,Rajasthan Royals,96,98,97.96,8,2,10.2,42,42.86,0.1861207171814231,0.1574939675559437,0.2016719733955927,0.6783346639009366,0.1008122259108528,0.1805374890128461,middle,SO Hetmyer,2022,105721168.318,0.1707675878777703,0.004186544972869922
2022,SS Prabhudessai,Royal Challengers Bengaluru,46,34,135.29,6,1,20.59,13,38.24,0.0803886726186391,0.2808399169899879,0.3538390655849525,0.5906731071413297,0.1011961048806322,0.1809213679826254,middle,SS Prabhudessai,2022,3731335.3524,4.848702968127928,0.118870994715256
2020,SA Yadav,Mumbai Indians,256,190,134.74,28,5,17.37,57,30.0,0.5573332224421436,0.3200816987776081,0.371046066229514,0.4437832765276271,0.5273436455273747,0.6070689086293679,middle,SA Yadav,2020,2778744.6906,21.84687606180497,0.5355988820017059
2018,AM Rahane,Rajasthan Royals,105,97,108.25,8,0,8.25,21,21.65,0.1998489203380788,0.1475163945543527,0.1504504677419741,0.2914592434331354,0.1759322994985366,0.2556575626005299,middle,AM Rahane,2018,59693846.52,0.4282812676761811,0.010499760583650429
2025,MR Marsh,Lucknow Super Giants,270,157,171.97,27,13,25.48,34,21.66,0.5087585437701769,0.3650147178833851,0.3948624900951556,0.3475061736580732,0.5259825136685736,0.6057077767705669,middle,MR Marsh,2025,35683000.0,1.6974687575892355,0.04161521153988297
2014,F du Plessis,Chennai Super Kings,160,149,107.38,8,1,6.04,38,25.5,0.2988737004413049,0.1743384139506317,0.1198271973539145,0.3314843036572987,0.2490690632775566,0.3287943263795498,middle,F du Plessis,2014,92008373.22575,0.3573526135201046,0.00876087087876044
2020,TK Curran,Rajasthan Royals,41,41,100.0,2,0,4.88,12,29.27,0.0661383191377422,0.1499494874250382,0.1039480278901424,0.4302394658118953,0.0326372139533546,0.1123624770553479,middle,TK Curran,2020,13893723.453,0.8087283256749008,0.0198268157813132
2018,Mandeep Singh,Royal Challengers Bengaluru,105,107,98.13,5,3,7.48,37,34.58,0.1998489203380788,0.1004662446892951,0.1363038151460091,0.5574270516450684,0.1057943623774397,0.185519625479433,middle,Mandeep Singh,2018,20892846.282,0.8879576433741605,0.021769204883600967
2018,Mandeep Singh,Royal Challengers Bengaluru,105,107,98.13,5,3,7.48,37,34.58,0.1998489203380788,0.1004662446892951,0.1363038151460091,0.5574270516450684,0.1057943623774397,0.185519625479433,middle,Mandeep Singh,2018,2984692.326,6.215703503619123,0.15238443418520675
2014,Y Venugopal Rao,Sunrisers Hyderabad,40,41,97.56,4,0,9.76,13,31.71,0.0491901106573316,0.1255253844261983,0.1971274236725872,0.479603717406183,0.0205144451070056,0.1002397082089988,middle,Y Venugopal Rao,2014,10653601.11035,0.9408997687328068,0.023067136133481568
2024,Azmatullah Omarzai,Gujarat Titans,42,33,127.27,2,2,12.12,10,30.3,0.0812748088214844,0.1915095816771606,0.1777100888648083,0.5169574413657616,0.0546232510601451,0.1343485141621384,middle,Azmatullah Omarzai,2024,5543983.75,2.423320850501021,0.059410230304228505
2025,Abhishek Sharma,Sunrisers Hyderabad,129,57,226.32,10,10,35.09,13,22.81,0.2443881418456099,0.5936221149444818,0.5604458923649019,0.3701553707642168,0.4116552522799694,0.4913805153819627,middle,Abhishek Sharma,2025,3148500.0000000005,15.60681325653367,0.38261725420884835
2025,Abhishek Sharma,Sunrisers Hyderabad,129,57,226.32,10,10,35.09,13,22.81,0.2443881418456099,0.5936221149444818,0.5604458923649019,0.3701553707642168,0.4116552522799694,0.4913805153819627,middle,Abhishek Sharma,2025,39881000.00000001,1.232116836042132,0.030206625332277505
2022,A Badoni,Lucknow Super Giants,75,72,104.17,6,2,11.11,29,40.28,0.1417132584650538,0.1780130767438734,0.2149994088039004,0.6293808075286884,0.0838982500502475,0.1636235131522407,middle,A Badoni,2022,2487556.9016,6.577679209950852,0.16125864499111703
2025,Ishan Kishan,Sunrisers Hyderabad,166,105,158.1,12,9,20.0,24,22.86,0.3137619352584395,0.3066746148983361,0.3004403210589216,0.3711401184644839,0.32887197319514,0.4085972362971333,middle,Ishan Kishan,2025,118068750.0,0.3460672161745874,0.008484197628813661
2022,RK Singh,Kolkata Knight Riders,61,58,105.17,5,1,10.34,22,37.93,0.1121082859874743,0.1813172811219619,0.2037223480737939,0.5847910546314858,0.0678680718150296,0.1475933349170229,middle,RK Singh,2022,6840781.479400001,2.1575507909655998,0.052894600959602744
2022,RK Singh,Kolkata Knight Riders,61,58,105.17,5,1,10.34,22,37.93,0.1121082859874743,0.1813172811219619,0.2037223480737939,0.5847910546314858,0.0678680718150296,0.1475933349170229,middle,RK Singh,2022,2487556.9016,5.933264675155398,0.14546015263890752
2018,PP Shaw,Delhi Capitals,56,32,175.0,4,3,21.88,6,18.75,0.1095753345453864,0.457852116243344,0.400864590966652,0.231806757445927,0.2588274692134573,0.3385527323154506,middle,PP Shaw,2018,17908153.956,1.8904948725997568,0.046347447448774115
2025,DA Miller,Lucknow Super Giants,80,66,121.21,8,1,13.64,20,30.3,0.152514739758349,0.1515076070311077,0.1908554679438762,0.5176705762642305,0.1021010522519406,0.1818263153539339,middle,DA Miller,2025,78712500.00000001,0.2310005594460014,0.00566321889825492
2023,Tilak Varma,Mumbai Indians,200,147,136.05,12,13,17.01,54,36.73,0.3864178238556088,0.2579909876099288,0.2931494515928065,0.6314492514091845,0.3188715954041902,0.3985968585061834,middle,Tilak Varma,2023,2366172.2646,16.845639874557737,0.4129883768229264
2025,DP Conway,Chennai Super Kings,71,46,154.35,4,4,17.39,9,19.57,0.1356400332525255,0.290901335432299,0.2554691785069926,0.3063437197869078,0.1856075189757271,0.2653327820777204,middle,DP Conway,2025,65593750.00000001,0.4045092437583159,0.009916964700279885
2019,R Parag,Rajasthan Royals,99,90,110.0,12,1,14.44,35,38.89,0.1440501029281742,0.167261250092853,0.2752204698836746,0.6362999383700387,0.0932025636731224,0.1729278267751157,middle,R Parag,2019,2888505.106,5.98675856296429,0.14677161091895236
2023,RR Rossouw,Delhi Capitals,131,91,143.96,9,7,17.58,33,36.26,0.2526624655870027,0.2960394422239975,0.3046653156457285,0.6208793221733709,0.2276990038312729,0.3074242669332662,middle,RR Rossouw,2023,54421962.0858,0.5648900832509318,0.013848867736838933
2025,N Rana,Rajasthan Royals,115,74,155.41,13,4,22.97,20,27.03,0.2181385983921068,0.2953599157613655,0.3516143798249097,0.4532680766667613,0.2427881140737247,0.322513377175718,middle,N Rana,2025,44079000.00000001,0.7316712656269834,0.017937681833958666
2016,Sachin Baby,Royal Challengers Bengaluru,46,36,127.78,3,1,11.11,10,27.78,0.0951959589464801,0.262928155422273,0.2244829151932167,0.4279371924537247,0.1143443583317644,0.1940696214337576,middle,Sachin Baby,2016,1636386.3998999998,11.859645218612016,0.2907515336314255
2018,BA Stokes,Rajasthan Royals,146,115,126.96,10,4,12.17,29,25.22,0.2753839615115561,0.2345033811131695,0.2224697900487046,0.3648935106656646,0.2621734394198037,0.341898702521797,middle,BA Stokes,2018,186543270.375,0.1832811775168799,0.004493328633910268
2022,DP Conway,Chennai Super Kings,129,72,179.17,12,7,26.39,16,22.22,0.2559038665928606,0.4258284051005119,0.4387831593961446,0.2867038129229524,0.3628874840990805,0.4426127472010738,middle,DP Conway,2022,12437784.508,3.558614051532929,0.08724312355160248
2015,AD Mathews,Delhi Capitals,40,44,90.91,3,1,9.09,19,43.18,0.037899597438844,0.0743704150361211,0.1615227266761888,0.7178740874531351,-0.0586394696934777,0.0210857934085155,middle,AD Mathews,2015,130915002.9525,0.0161064759064827,0.0003948670035978967
2025,Abdul Samad,Lucknow Super Giants,87,50,174.0,4,8,24.0,15,30.0,0.1656395114851005,0.3735533198343331,0.3693616123262457,0.5117620900626279,0.2160975095911039,0.2958227726930972,middle,Abdul Samad,2025,44079000.00000001,0.6711195188028248,0.0164531928017272
2025,KL Rahul,Delhi Capitals,271,172,157.56,21,11,18.6,35,20.35,0.5106335111597129,0.3044032626552267,0.2763178691153581,0.3217057839110748,0.490750204765195,0.5704754678671883,middle,KL Rahul,2025,146930000.0,0.3882634369204303,0.009518681854028946
2025,RD Rickelton,Mumbai Indians,64,42,152.38,5,4,21.43,14,33.33,0.122515261525774,0.2826151059528075,0.3250796826869899,0.5773462869004176,0.1323434201637759,0.2120686832657692,middle,RD Rickelton,2025,10495000.000000002,2.0206639663246238,0.049538678125095076
2022,N Rana,Kolkata Knight Riders,221,142,155.63,14,14,19.72,40,28.17,0.4504508285883832,0.3480474340403083,0.3410974515132736,0.3996012723860825,0.4530741289082373,0.5327993920102305,middle,N Rana,2022,99502276.064,0.5354645271305485,0.013127469633248753
2022,N Pooran,Sunrisers Hyderabad,197,145,135.86,8,13,14.48,41,28.28,0.3996994471982469,0.2827233134854984,0.2643548564148862,0.4016884523089303,0.3771098326254382,0.4568350957274315,middle,N Pooran,2022,133706183.461,0.3416708815570097,0.00837641691456332
2019,CA Ingram,Delhi Capitals,122,107,114.02,13,3,14.95,45,42.06,0.2077645715310206,0.1875779446195077,0.2856951649179627,0.6988169877172851,0.1398606760508043,0.2195859391527976,middle,CA Ingram,2019,92432163.392,0.2375644268127156,0.005824138931548191
2018,YK Pathan,Sunrisers Hyderabad,107,100,107.0,9,3,12.0,40,40.0,0.2035335564928826,0.141704864185645,0.2193465031119331,0.6689154909728857,0.1154245068778091,0.1951497699798023,middle,YK Pathan,2018,28354577.097,0.6882478596390345,0.016873111886564086
2016,KK Nair,Delhi Capitals,171,149,114.77,16,1,11.41,41,27.52,0.3621576116544032,0.209758197434948,0.229770684658852,0.4229180343431022,0.314024078617157,0.3937493417191502,middle,KK Nair,2016,65455455.996,0.6015531260575319,0.014747700351737435
2021,MM Ali,Chennai Super Kings,224,160,140.0,16,12,17.5,56,35.0,0.5232855472004591,0.3301788893322253,0.3534230407469692,0.5376227831793247,0.4808421560735637,0.560567419175557,middle,MM Ali,2021,92828160.901,0.6038764678031213,0.014804659490331221
2024,PJ Cummins,Sunrisers Hyderabad,47,32,146.88,3,3,18.75,10,31.25,0.0916123037027925,0.2725275811455341,0.2981479269429984,0.5393210742567913,0.1068134878431356,0.1865387509451289,middle,PJ Cummins,2024,227303333.75,0.0820659987109093,0.0020119332867348625
2015,SN Khan,Royal Challengers Bengaluru,47,34,138.24,4,1,14.71,9,26.47,0.0556695638766793,0.3081461998545199,0.2767313488375692,0.3614963096354913,0.120026518898115,0.1997517820001083,middle,SN Khan,2015,8727666.863499999,2.288719140226248,0.056110329424361935
2018,DL Chahar,Chennai Super Kings,49,26,188.46,1,4,19.23,4,15.38,0.0966791080035732,0.5204306752535885,0.3521780593052142,0.1624864547642399,0.27141080988713,0.3511360729891233,middle,DL Chahar,2018,11938769.304,2.941141285571853,0.07210513667514241
2025,Washington Sundar,Gujarat Titans,76,50,152.0,7,3,20.0,13,26.0,0.1450148702002052,0.2810167469669158,0.3004403210589216,0.4329822740412586,0.1738085296537715,0.2535337927557648,middle,Washington Sundar,2025,33584000.0,0.7549243471765269,0.018507755305598117
2013,AM Nayar,Lucknow Super Giants,44,45,97.78,3,0,6.67,13,28.89,0.085945467688911,0.1676924279925659,0.152761160119825,0.3801919117212323,0.0735779522286171,0.1533032153306104,middle,AM Nayar,2013,83114359.61769001,0.1844485309587604,0.004521947517296765
2020,PJ Cummins,Kolkata Knight Riders,48,62,77.42,3,1,6.45,34,54.84,0.0821307113383506,0.0393684473461369,0.1375224010040586,0.904643904169788,-0.0759091973586243,0.0038160657433689,middle,PJ Cummins,2020,215352713.5215,0.0017720072716836,4.344260071452141e-05
2019,N Pooran,Punjab Kings,120,67,179.1,7,12,28.36,27,40.3,0.20222418295686,0.5164860241704262,0.5611180284665981,0.6641072063762271,0.2961273180346901,0.3758525811366834,middle,N Pooran,2019,60658607.226,0.6196195368224384,0.01519061719623699
2014,KD Karthik,Delhi Capitals,224,172,130.23,16,9,14.53,51,29.65,0.4320382816594241,0.2879206669682797,0.2962462622586272,0.430469097064363,0.405162258456876,0.4848875215588692,middle,KD Karthik,2014,242127297.9625,0.2002614020142278,0.004909616492695609
2025,JP Inglis,Punjab Kings,107,63,169.84,10,5,23.81,14,22.22,0.2031388592758193,0.356055495146676,0.3660878509910478,0.3585353479010648,0.2708382365826548,0.350563499684648,middle,JP Inglis,2025,27287000.000000004,1.2847271582975337,0.03149642208408892
2018,SR Watson,Chennai Super Kings,221,110,200.91,17,14,28.18,16,14.55,0.4135578173166975,0.5783135177259171,0.5166099303881833,0.1454135018782458,0.5785795948731206,0.6583048579751138,middle,SR Watson,2018,59693846.52,1.1028018738155088,0.027036334577721453
2013,DJG Sammy,Sunrisers Hyderabad,107,93,115.05,5,6,11.83,34,36.56,0.2226408643023625,0.2645469978014449,0.2728162013817454,0.5426976364562021,0.2035005037674322,0.2832257668694254,middle,DJG Sammy,2013,52331263.46299,0.5412171389091913,0.013268500892295334
2023,SM Curran,Punjab Kings,140,125,112.0,10,4,11.2,47,37.6,0.2701088166655165,0.1423063689666474,0.1757684513340741,0.6510148651010097,0.1637296812690203,0.2434549443710136,middle,SM Curran,2023,218870934.4755,0.1112321948797936,0.0027269729114438534
2014,AR Patel,Punjab Kings,42,36,116.67,6,0,16.67,13,36.11,0.0533515038203978,0.2205169316982882,0.3407146720225948,0.5845514501751188,0.0600689269352999,0.1397941900372932,middle,AR Patel,2014,14527637.87775,0.9622637294077716,0.02359089584266235
2020,RV Uthappa,Rajasthan Royals,63,59,106.78,4,2,10.17,20,33.9,0.1164001231967972,0.1831531832503238,0.2170744188281148,0.51614062144729,0.0882528130086999,0.1679780761106932,middle,RV Uthappa,2020,41681170.359,0.4030071004818188,0.009880138095999157
2022,B Sai Sudharsan,Gujarat Titans,91,75,121.33,9,1,13.33,21,28.0,0.1755475127251447,0.2347132238718723,0.247512492986805,0.3963756306871359,0.1810793498016112,0.2608046129036045,middle,B Sai Sudharsan,2022,2487556.9016,10.484367723844011,0.2570351758988137
2020,SO Hetmyer,Delhi Capitals,90,60,150.0,4,6,16.67,17,28.33,0.1780850645420011,0.394814500885847,0.3560766005099335,0.4127994903697201,0.2495678239273977,0.329293087029391,middle,SO Hetmyer,2020,107676356.76075,0.3058174486355061,0.0074974327277919535
2022,Abhishek Sharma,Sunrisers Hyderabad,144,92,156.52,7,9,17.39,23,25.0,0.2876234799616958,0.3509881759368071,0.3069733586546396,0.3394525418821964,0.3288994001048874,0.4086246632068807,middle,Abhishek Sharma,2022,6840781.479400001,5.973362318872389,0.14644318806625953
2019,JM Bairstow,Sunrisers Hyderabad,217,125,173.6,15,13,22.4,30,24.0,0.4709330288036465,0.4886895515593313,0.4387078668894267,0.3426472996380201,0.542565401960998,0.6222906650629912,middle,JM Bairstow,2019,31773556.166,1.9585175225959983,0.04801509344016032
2024,DJ Mitchell,Chennai Super Kings,149,104,143.27,11,6,16.35,27,25.96,0.3024971992814766,0.2576129978675725,0.2545505194938799,0.4147909500530576,0.2872335726736175,0.3669588357756107,middle,DJ Mitchell,2024,155231545.0,0.2363945007283221,0.005795456977155577
2022,SA Yadav,Mumbai Indians,162,134,120.9,10,7,12.69,44,32.84,0.325687016004298,0.2332924159892943,0.2381393516007424,0.4882115472924385,0.2805228984618875,0.3602481615638807,middle,SA Yadav,2022,6218892.254000001,5.79280275087848,0.14201658251960553
2022,AR Patel,Delhi Capitals,75,65,115.38,5,3,12.31,26,40.0,0.1417132584650538,0.2150532078222456,0.2325740489027678,0.6240679859068942,0.0995877817178914,0.1793130448198847,middle,AR Patel,2022,2487556.9016,7.208399723622416,0.17672141417708007
2022,Tilak Varma,Mumbai Indians,288,215,133.95,21,12,15.35,58,26.98,0.5921317683025138,0.2764122831233493,0.277096470486565,0.3770217804934565,0.5366440375776376,0.6163693006796308,middle,Tilak Varma,2022,2487556.9016,24.77809855457703,0.6074608491582706
2018,Q de Kock,Royal Challengers Bengaluru,57,42,135.71,4,3,16.67,16,38.1,0.1114176526227883,0.2751840936941235,0.3051450324926555,0.6298328277398871,0.1067517911570214,0.1864770542590146,middle,Q de Kock,2018,41785692.564,0.4462701054275978,0.010940775645067537
2024,RR Rossouw,Punjab Kings,118,54,218.52,7,10,31.48,10,18.52,0.2384047310173667,0.5685056271381032,0.5293958422876983,0.2396483935169935,0.4192249627094653,0.4989502258114585,middle,RR Rossouw,2024,88703740.0,0.5624906298330359,0.013790042641461242
2013,NLTC Perera,Sunrisers Hyderabad,112,85,131.76,6,6,14.12,25,29.41,0.23348970530343,0.3582609446171003,0.3260964425619387,0.3912092489913997,0.2812474863419819,0.3609727494439751,middle,NLTC Perera,2013,83114359.61769001,0.4343085251506238,0.010647525067493124
2014,DA Warner,Sunrisers Hyderabad,271,205,132.2,14,13,13.17,59,28.78,0.5298310209914804,0.2977130975347903,0.2679859644647038,0.4097180680850508,0.484832325329552,0.5645575884315452,middle,DA Warner,2014,106536011.1035,0.5299218382440433,0.012991584852170803
2017,K Rabada,Delhi Capitals,48,52,92.31,5,1,11.54,25,48.08,0.0779096778197251,0.1106369705966159,0.2311424117929453,0.8129291075282972,-0.0208385057123055,0.0588867573896877,middle,K Rabada,2017,77990010.48,0.0755055128564046,0.001851096154729344
2025,Q de Kock,Kolkata Knight Riders,43,27,159.26,3,2,18.52,3,11.11,0.0831409463455193,0.3115538160131635,0.2749394432900116,0.1397244089017121,0.1870219087580244,0.2667471718600177,middle,Q de Kock,2025,37782000.0,0.7060165471918313,0.017308729736960283
2019,SO Hetmyer,Royal Challengers Bengaluru,47,38,123.68,1,4,13.16,15,39.47,0.0,0.2363986583328125,0.2489310392093828,0.647738389039251,-0.0088418724661298,0.0708833906358633,middle,SO Hetmyer,2019,60658607.226,0.1168562779091979,0.0028648531545647474
2014,RV Uthappa,Kolkata Knight Riders,288,205,140.49,25,9,16.59,50,24.39,0.5652028628775433,0.3389208383451319,0.3390523015641287,0.3050088528905899,0.5606472315402821,0.6403724946422753,middle,RV Uthappa,2014,96850919.185,0.661194028958121,0.016209859098130244
2025,JM Sharma,Royal Challengers Bengaluru,138,76,181.58,15,7,28.95,21,27.63,0.2612628483514333,0.405436375395016,0.4546517102695593,0.4650850490699666,0.3285545235395699,0.4082797866415631,middle,JM Sharma,2025,115445000.0,0.3536574010494721,0.008670278902936045
2014,M Vijay,Delhi Capitals,97,56,173.21,9,4,23.21,10,17.86,0.1677898158047189,0.5015646597340792,0.4766134570021968,0.1492568767585102,0.3501725666127362,0.4298978297147294,middle,M Vijay,2014,96850919.185,0.4438758385901936,0.010882077704103363
2018,E Lewis,Mumbai Indians,126,93,135.48,4,11,16.13,36,38.71,0.2385375999635184,0.2741147721062812,0.2952240033993814,0.6423804196199551,0.2036332283585843,0.2833584914605777,middle,E Lewis,2018,56709154.194,0.4996697543596195,0.01224992356106077
2015,RG Sharma,Mumbai Indians,292,215,135.81,22,11,15.35,57,26.51,0.6776183892009154,0.2961437667865142,0.2898511919306801,0.3623493982717993,0.6164382001284627,0.696163463230456,middle,RG Sharma,2015,5236600.1181,13.294187975595234,0.32592084088845474
2014,DJG Sammy,Sunrisers Hyderabad,49,49,100.0,1,4,10.2,24,48.98,0.0679163798911296,0.1376540801532469,0.2062704611941506,0.8915235685242557,-0.0414212935071432,0.0383039695948499,middle,DJG Sammy,2014,67795643.4295,0.0564991607973776,0.0013851356720980053
2023,SA Yadav,Mumbai Indians,457,244,187.3,50,22,29.51,66,27.05,0.8846080713198374,0.5045122643445717,0.5456903299463612,0.413753687573705,0.8854274648337727,0.965152727935766,middle,SA Yadav,2023,2366172.2646,40.78962222553667,0.999999999975484
2022,R Powell,Delhi Capitals,137,119,115.13,5,9,11.76,48,40.34,0.272820993722906,0.2142271567277235,0.2245190055241202,0.6305192693047873,0.2013248892405085,0.2810501523425017,middle,R Powell,2022,34825796.6224,0.807017152801409,0.019784864599123073
2025,Priyansh Arya,Punjab Kings,138,65,212.31,8,13,32.31,17,26.15,0.2612628483514333,0.5346931428593675,0.5125455949341117,0.43593651714206,0.3847400370973672,0.4644653001993605,middle,Priyansh Arya,2025,39881000.00000001,1.1646280188544933,0.02855206680724826
2018,N Rana,Kolkata Knight Riders,150,120,125.0,10,7,14.17,39,32.5,0.2827532338211637,0.2253909014950359,0.2592143422460161,0.5146418203163121,0.2427343618913825,0.3224596249933757,middle,N Rana,2018,50739769.542,0.6355165344739275,0.015580348622608155
2014,MK Tiwary,Delhi Capitals,76,66,115.15,6,2,12.12,20,30.3,0.1240951875925236,0.2129613507535694,0.2461673521973365,0.4459727394052286,0.1232034778585113,0.2029287409605045,middle,MK Tiwary,2014,54236514.7436,0.3741552013801744,0.009172803790684749
2018,DJM Short,Rajasthan Royals,58,31,187.1,4,5,29.03,12,38.71,0.1132599707001902,0.5141077302124345,0.5322263650720407,0.6423804196199551,0.2228094847142996,0.3025347478162929,middle,DJM Short,2018,59693846.52,0.506810610227523,0.012424989067386
2024,R Ravindra,Chennai Super Kings,42,20,210.0,1,4,25.0,3,15.0,0.0812748088214844,0.5333055580167088,0.4116828421750782,0.1567852484891783,0.2759910331993802,0.3557162963013734,middle,R Ravindra,2024,19958341.5,1.7822938659576173,0.04369478726866226
2019,Yuvraj Singh,Mumbai Indians,90,65,138.46,6,6,18.46,24,36.92,0.1191183543444518,0.311095361094991,0.3577857130951223,0.5974486490280592,0.1406907046174713,0.2204159677194646,middle,Yuvraj Singh,2019,14442525.53,1.526159446709073,0.0374153856643515
2014,YK Pathan,Kolkata Knight Riders,196,117,167.52,10,17,23.08,42,35.9,0.373778777376497,0.4732809389607568,0.4739121050071894,0.5795425811111468,0.4198812083686331,0.4996064714706264,middle,YK Pathan,2014,62953097.47025,0.7936169808113532,0.019456345449922963
2025,AM Rahane,Kolkata Knight Riders,124,106,116.98,5,5,9.43,29,27.36,0.2350133048979302,0.133715347793418,0.1183158088850175,0.4597674114885241,0.1598349277356682,0.2395601908376615,middle,AM Rahane,2025,15742500.000000002,1.521741723599565,0.03730708058898274
2022,R Parag,Rajasthan Royals,63,53,118.87,3,3,11.32,17,32.08,0.1163375677699856,0.2265848811017746,0.2180749708212022,0.4737910314618537,0.1099023064183906,0.1896275695203839,middle,R Parag,2022,47263581.1304,0.4012128683122896,0.009836150628805553
2014,V Sehwag,Punjab Kings,134,86,155.81,12,6,20.93,22,25.58,0.2447755893214441,0.4150731410247979,0.4292358989359136,0.3333924442530975,0.3395111047011579,0.4192363678031512,middle,V Sehwag,2014,61984588.2784,0.67635581593311,0.016581566070329786
2018,JC Buttler,Rajasthan Royals,207,161,128.57,15,4,11.8,39,24.22,0.3877653642330712,0.241988632228065,0.215672047892202,0.3443236879114548,0.3570785530510259,0.4368038161530192,middle,JC Buttler,2018,65663231.172,0.6652182787180299,0.01630851776521863
2014,WP Saha,Punjab Kings,168,121,138.84,12,9,17.36,39,32.23,0.3155192730935698,0.3307190563985621,0.3550526172268647,0.4920066312788753,0.3242403325840223,0.4039655956860156,middle,WP Saha,2014,42614404.4414,0.9479555117132228,0.023240115008873696
2022,SW Billings,Kolkata Knight Riders,138,109,126.61,7,8,13.76,37,33.94,0.2749356346141617,0.2521594229881796,0.2538100723555658,0.5090833465209162,0.2445416797547131,0.3242669428567064,middle,SW Billings,2022,24875569.016000003,1.303555881066027,0.03195802779997231
2023,HC Brook,Sunrisers Hyderabad,60,41,146.34,6,2,19.51,14,34.15,0.1150301404120601,0.3074876498069916,0.3436576272635174,0.57342708666791,0.1383165153908671,0.2180417784928604,middle,HC Brook,2023,156758912.52975,0.139093704449806,0.0034100267876301946
2014,GJ Bailey,Punjab Kings,68,88,77.27,4,0,4.55,39,44.32,0.1074496149402587,0.0246683203680766,0.0888655475649837,0.7803743788189739,-0.044941578188168,0.0347836849138252,middle,GJ Bailey,2014,62953097.47025,0.0552533335317822,0.0013545929213297746
2014,NV Ojha,Sunrisers Hyderabad,107,80,133.75,3,9,15.0,29,36.25,0.18859678162005,0.3054178017876287,0.3060126887021154,0.5878906962177667,0.1861271643291984,0.2658524274311917,middle,NV Ojha,2014,9685091.9185,2.744965454828293,0.06729568221013064
2016,NLTC Perera,Lucknow Super Giants,57,43,132.56,3,3,13.95,15,34.88,0.1186885843847773,0.2824633129302987,0.2745404661345632,0.5649988177822597,0.1215981910573721,0.2013234541593654,middle,NLTC Perera,2016,16363863.999,1.230292882974757,0.030161909226370832
2025,SE Rutherford,Gujarat Titans,194,119,163.03,15,12,22.69,34,28.57,0.3662610221654458,0.3274112196363528,0.3467898894361971,0.4835983058349883,0.3638705003435042,0.4435957634454975,middle,SE Rutherford,2025,27287000.000000004,1.6256670335525982,0.03985491761909434
2015,EJG Morgan,Sunrisers Hyderabad,118,91,129.67,6,8,15.38,35,38.46,0.2359077948890089,0.2658166313801129,0.2904661845756697,0.6172096283687976,0.2031225365666155,0.2828477996686088,middle,EJG Morgan,2015,26183000.5905,1.0802726703952898,0.026484007731076575
2025,R Ravindra,Chennai Super Kings,44,39,112.82,2,1,7.69,9,23.08,0.0850159137350552,0.1162175231057608,0.0883350471837315,0.3754730083456591,0.0454503956873869,0.1251756587893802,middle,R Ravindra,2025,41980000.00000001,0.2981792729618394,0.007310174909338869
2022,WP Saha,Gujarat Titans,75,72,104.17,7,0,9.72,21,29.17,0.1417132584650538,0.1780130767438734,0.1946421173560458,0.4185756353210624,0.1219878262022017,0.201713089304195,middle,WP Saha,2022,23631790.5652,0.8535666764127313,0.020926074570443633
2017,SA Yadav,Kolkata Knight Riders,66,60,110.0,5,1,10.0,17,28.33,0.1203965834352554,0.1904634152467876,0.2007923486726887,0.4365355525165287,0.1063076505534726,0.1860329136554659,middle,SA Yadav,2017,1559800.2096000002,11.926714236252907,0.2923958003340786
2015,MEK Hussey,Chennai Super Kings,42,29,144.83,2,2,13.79,7,24.14,0.0429767307067969,0.3406960080512926,0.2578715743912222,0.3118038965705536,0.125803722544959,0.2055289856469523,middle,MEK Hussey,2015,26183000.5905,0.7849710919745562,0.01924438249550334
2020,SM Curran,Chennai Super Kings,70,54,129.63,3,5,14.81,21,38.89,0.1323925153974056,0.2950564944019134,0.3163005915979054,0.6087209166137306,0.1359468956353335,0.2156721587373267,middle,SM Curran,2020,76415478.9915,0.2822362191321431,0.006919314367871923
2025,V Nigam,Delhi Capitals,65,39,166.67,7,3,25.64,11,28.21,0.1243902289153099,0.3427218162380526,0.3976193417458486,0.4765081223930651,0.1865509718742204,0.2662762349762137,middle,V Nigam,2025,5247500.000000001,5.074344639851619,0.12440283490908093
2016,SV Samson,Delhi Capitals,162,123,131.71,10,5,12.2,30,24.39,0.3429363726594328,0.2789894878504197,0.2436951442516913,0.3624950924729171,0.3342859548384269,0.4140112179404202,middle,SV Samson,2016,68728228.7958,0.602388894918998,0.01476819009436914
2024,TM Head,Sunrisers Hyderabad,110,77,142.86,8,6,18.18,25,32.47,0.2218647392072738,0.2559190978276932,0.2877935426738328,0.5680406870221136,0.1982180918444709,0.2779433549464641,middle,TM Head,2024,75398179.0,0.3686340421384237,0.00903744683123346
2022,JM Bairstow,Punjab Kings,64,60,106.67,8,0,13.33,20,33.33,0.1184522086612413,0.1862735876890947,0.247512492986805,0.4975089851305785,0.1006445448069668,0.18036980790896,middle,JM Bairstow,2022,83955045.429,0.2148409389659578,0.005267049000178969
2022,D Brevis,Mumbai Indians,85,56,151.79,4,8,21.43,24,42.86,0.1628596673776106,0.3353592892284484,0.3661413136541596,0.6783346639009366,0.1684568506212676,0.2481821137232609,middle,D Brevis,2022,37313353.524,0.6651294785488252,0.01630634073674037
2022,R Tewatia,Gujarat Titans,59,59,100.0,6,1,11.86,23,38.98,0.1078790042049629,0.1642345444872443,0.2259835588656925,0.6047141357132146,0.0598274513406392,0.1395527144426324,middle,R Tewatia,2022,111940060.572,0.1246673565562991,0.0030563498691878977
2022,F du Plessis,Royal Challengers Bengaluru,189,123,153.66,12,10,17.89,33,26.83,0.3827823200682014,0.3415381514154739,0.3142961253625009,0.3741756260532095,0.3967114013410617,0.476436664443055,middle,F du Plessis,2022,87064491.55600001,0.5472227034561044,0.013415733551464361
2014,KP Pietersen,Delhi Capitals,93,81,114.81,9,2,13.58,29,35.8,0.1594670294785865,0.2112712865948822,0.2765056130643425,0.5771574053663981,0.1308246511009227,0.210549914202916,middle,KP Pietersen,2014,174331654.533,0.1207754924181369,0.002960936773264929
2025,Aniket Verma,Sunrisers Hyderabad,149,89,167.42,5,15,22.47,33,37.08,0.2818874896363286,0.3458764721312601,0.3429992184164941,0.6512023644204511,0.2676323041476496,0.3473575672496428,middle,Aniket Verma,2025,3148500.0000000005,11.03247791804487,0.27047266720865654
2024,Naman Dhir,Mumbai Indians,46,23,200.0,4,3,30.43,6,26.09,0.0895448047265309,0.4919909228977014,0.510321976528709,0.4178512366591985,0.2377272686244372,0.3174525317264305,middle,Naman Dhir,2024,2217593.5,14.315181376858764,0.350951555700991
2024,T Stubbs,Delhi Capitals,144,114,126.32,6,8,12.28,33,28.95,0.2921597044001686,0.1875846913408549,0.1806165826947496,0.4851775419942983,0.2290909790624816,0.3088162421644749,middle,T Stubbs,2024,5543983.75,5.570294865393048,0.13656157035377395
2016,DR Smith,Gujarat Titans,113,72,156.94,10,7,23.61,24,33.33,0.2382874047979268,0.3821007899272998,0.444806642928016,0.5350769136612414,0.2872061066698863,0.3669313697718795,middle,DR Smith,2016,37636887.1977,0.974924859870725,0.023901296620405185
2022,RA Tripathi,Sunrisers Hyderabad,208,128,162.5,16,11,21.09,32,25.0,0.4229604970020593,0.3707473181177764,0.3611618322928139,0.3394525418821964,0.4539344511191038,0.533659714221097,middle,RA Tripathi,2022,105721168.318,0.5047803790967343,0.012375215840276583
2016,JC Buttler,Mumbai Indians,167,114,146.49,14,7,18.42,31,27.19,0.3536148387677497,0.3393931757099634,0.3533282311725274,0.4165475644334661,0.372065957075001,0.4517912201769943,middle,JC Buttler,2016,62182683.1962,0.7265547206309738,0.017812244413440443
2022,HR Shokeen,Mumbai Indians,42,40,105.0,5,0,12.5,18,45.0,0.0719301090536163,0.1807555663776868,0.2353567002517551,0.7189398005817934,0.0150541370901914,0.0947794001921847,middle,HR Shokeen,2022,2487556.9016,3.810139986394784,0.09340954336948985
2022,AK Markram,Sunrisers Hyderabad,249,180,138.33,16,12,15.56,49,27.22,0.5096607735435422,0.2908846982993771,0.2801720325038669,0.3815756275978516,0.47471330930585,0.5544385724078432,middle,AK Markram,2022,32338239.7208,1.714498306632403,0.042032708641194405
2016,KH Pandya,Mumbai Indians,165,79,208.86,14,11,31.65,20,25.32,0.3493434523244229,0.5942901995123818,0.5865188646070388,0.380448234945528,0.4989759476455551,0.5787012107475483,middle,KH Pandya,2016,32727727.998,1.768229101582954,0.043349974946141824
2022,DA Miller,Gujarat Titans,289,222,130.18,14,15,13.06,61,27.48,0.5942464091937695,0.2639554326179557,0.2435581989645599,0.3865089619609465,0.5259936045411251,0.6057188676431183,middle,DA Miller,2022,37313353.524,1.6233300157637107,0.039797623198079404
2020,EJG Morgan,Kolkata Knight Riders,200,178,112.36,13,10,12.92,68,38.2,0.4293940848372762,0.2104801187525501,0.2758830341550382,0.5959192325125595,0.3426520638240817,0.422377326926075,middle,EJG Morgan,2020,72942048.12825,0.5790587703041079,0.014196227831876986
2014,CJ Anderson,Mumbai Indians,203,120,169.17,17,11,23.33,36,30.0,0.3883436534472288,0.4814827209073264,0.4791070126898958,0.4388172121709829,0.4631776991337635,0.5429029622357568,middle,CJ Anderson,2014,87165827.2665,0.6228392241100292,0.015269551177770563
2014,JP Duminy,Delhi Capitals,192,190,101.05,5,6,5.79,53,27.89,0.3654559910503646,0.1428733959374276,0.114632289671208,0.3884900039567888,0.2804552687644038,0.3601805318663971,middle,JP Duminy,2014,42614404.4414,0.8452084138866454,0.020721163074091303
2022,Shahbaz Ahmed,Royal Challengers Bengaluru,171,143,119.58,11,6,11.89,48,33.57,0.3447187840255992,0.2289308662102174,0.2264229248681642,0.5020628322349737,0.2893263056101827,0.3690515687121759,middle,Shahbaz Ahmed,2022,29850682.8192,1.2363253830656142,0.030309802238405955
2018,Shubman Gill,Kolkata Knight Riders,117,82,142.68,9,4,15.85,19,23.17,0.2219567372669014,0.3075891870300377,0.2900797660917578,0.3227253740195345,0.2633130243369771,0.3430382874389703,middle,Shubman Gill,2018,26862230.934,1.277028286599907,0.03130767623949961
2018,SA Yadav,Mumbai Indians,187,141,132.62,21,3,17.02,43,30.5,0.3509190026850334,0.2608179906226781,0.311575329127185,0.4735021748078925,0.3265952301986887,0.406320493300682,middle,SA Yadav,2018,47755077.216,0.8508425009195613,0.02085928857575997
2016,AJ Finch,Gujarat Titans,213,151,141.06,21,8,19.21,46,30.46,0.4518567269642653,0.3172015637290891,0.3672526907653667,0.4796731299016787,0.4341617628628766,0.5138870259648699,middle,AJ Finch,2016,16363863.999,3.1403770282879013,0.07698960806371122
2014,Shakib Al Hasan,Kolkata Knight Riders,122,90,135.56,9,5,15.56,29,32.22,0.2198072303430467,0.3144149080441688,0.317649281911378,0.4917681137044005,0.2353464903290835,0.3150717534310768,middle,Shakib Al Hasan,2014,54236514.7436,0.5809218289939175,0.014241902652777817
2022,PBB Rajapaksa,Punjab Kings,124,79,156.96,7,8,18.99,23,29.11,0.2453306621365822,0.352442025863166,0.330406212119796,0.4174371735449635,0.2845909451831821,0.3643162082851754,middle,PBB Rajapaksa,2022,6218892.254000001,5.858217081198773,0.14362028284212863
2015,M Vijay,Punjab Kings,40,35,114.29,3,1,11.43,13,37.14,0.037899597438844,0.1898506146780853,0.2094921529853756,0.5890577033706355,0.0113617522774488,0.0910870153794421,middle,M Vijay,2015,52366001.181,0.1739430419072963,0.004264394530090389
2018,F du Plessis,Chennai Super Kings,43,37,116.22,2,2,10.81,13,35.14,0.0856251995391619,0.184570712185233,0.1974834945545328,0.5689461523874261,0.0495788417203208,0.1293041048223141,middle,F du Plessis,2018,23877538.608,0.5415302931558938,0.013276178194256194
2025,RR Pant,Lucknow Super Giants,108,92,117.39,9,5,15.22,38,41.3,0.2050138266653552,0.135439893015038,0.2180793779944692,0.7343150703229955,0.1013958907710903,0.1811211538730836,middle,RR Pant,2025,283365000.0,0.0639179693586306,0.0015670154777027389
2022,R Ashwin,Rajasthan Royals,69,61,113.11,1,4,8.2,18,29.51,0.1290254131175197,0.2075526638839847,0.1723809065641471,0.4250269187189556,0.1149569272282495,0.1946821903302427,middle,R Ashwin,2022,62188922.54,0.3130496274557947,0.007674737111248183
2020,RA Tripathi,Kolkata Knight Riders,62,60,103.33,3,1,6.67,16,26.67,0.1141154957395674,0.166257497321528,0.1422270902302125,0.3820012358654534,0.0932148166610642,0.1729400797630575,middle,RA Tripathi,2020,8336234.0718,2.0745588268458426,0.05085996666809502
2022,A Manohar,Gujarat Titans,58,38,152.63,7,2,23.68,12,31.58,0.1057643633137072,0.3381348209060428,0.3990937638395359,0.4643038499943638,0.173009919691813,0.2527351827938063,middle,A Manohar,2022,32338239.7208,0.7815366110705363,0.019160182625130785
2024,RK Singh,Kolkata Knight Riders,79,61,129.51,5,3,13.11,18,29.51,0.1577722709431639,0.2007640599438182,0.1956940194375697,0.4983603150669053,0.1259137756118095,0.2056390387138028,middle,RK Singh,2024,2217593.5,9.27307185531536,0.2273389982337846
2025,KH Pandya,Royal Challengers Bengaluru,68,49,138.78,3,4,14.29,17,34.69,0.1300151310839177,0.2254106790893132,0.2020551777748163,0.6041314243476831,0.0912200592793548,0.1709453223813481,middle,KH Pandya,2025,60346250.00000001,0.2832741427700115,0.006944760145038086
2022,RV Uthappa,Chennai Super Kings,63,38,165.79,2,6,21.05,13,34.21,0.1163375677699856,0.3816181505216875,0.3605760109561849,0.5142064245133608,0.1768294166610596,0.2565546797630529,middle,RV Uthappa,2022,24875569.016000003,1.0313520048447398,0.02528466674971481
2022,MR Marsh,Delhi Capitals,71,69,102.9,3,3,8.7,23,33.33,0.1332546949000311,0.173816737183701,0.1797036732720085,0.4975089851305785,0.0951877147034212,0.1749129778054144,middle,MR Marsh,2022,80845599.302,0.2163543585743292,0.005304152055460192
2024,Abhishek Sharma,Sunrisers Hyderabad,99,50,198.0,8,8,32.0,16,32.0,0.1991222504683961,0.4837279958738999,0.5388419472350074,0.5569765739076042,0.3007892738023676,0.3805145369043609,middle,Abhishek Sharma,2024,2217593.5,17.15889485175533,0.4206681482966077
2018,RV Uthappa,Kolkata Knight Riders,161,109,147.71,14,10,22.02,42,38.53,0.3030187326725844,0.3309747852337175,0.4034367096204638,0.6386778515241974,0.294659193327436,0.3743844564294293,middle,RV Uthappa,2018,95510154.432,0.3919839295160792,0.009609893598403191
2017,CJ Anderson,Delhi Capitals,54,72,75.0,2,2,5.56,39,54.17,0.0920719796915685,0.0325252828128696,0.1132895692870138,0.9289917277825588,-0.0797252631019932,0.0,middle,CJ Anderson,2017,15598002.096,0.0,0.0
2020,PK Garg,Sunrisers Hyderabad,60,65,92.31,3,0,4.62,24,36.92,0.1095462408251079,0.1122892483547658,0.0983879406228696,0.5721711808466188,0.0265671191217662,0.1062923822237595,middle,PK Garg,2020,26398074.5607,0.4026520266822861,0.0098714330926147
2021,SPD Smith,Delhi Capitals,78,68,114.71,7,0,10.29,17,25.0,0.1677889522427048,0.2199261396598362,0.2170624141065658,0.3228795110634702,0.1790455843007339,0.2587708474027271,middle,SPD Smith,2021,29174564.8546,0.8869741457752243,0.021745093417368844
2023,N Pooran,Lucknow Super Giants,219,129,169.77,15,18,25.58,47,36.43,0.4232490094658047,0.4201899622731904,0.4662914777920036,0.6247024880671759,0.4329739941995665,0.5126992573015597,middle,N Pooran,2023,189293781.168,0.2708484421083725,0.006640131173663226
2019,SN Khan,Punjab Kings,103,83,124.1,12,2,16.87,28,33.73,0.1551308800764953,0.2385212980594779,0.3251293109294005,0.5345371703473915,0.1537795215954414,0.2335047846974347,middle,SN Khan,2019,3610631.3825,6.467145492314313,0.1585487959755351
2025,WG Jacks,Mumbai Indians,98,75,130.67,8,5,17.33,27,36.0,0.1862641527699958,0.1912983333640971,0.2544353591379826,0.6299318140946815,0.131301531233886,0.2110267943358793,middle,WG Jacks,2025,55098750.00000001,0.3829974261410274,0.009389580124423395
2022,LS Livingstone,Punjab Kings,288,163,176.69,17,23,24.54,46,28.22,0.5921317683025138,0.4176339782428523,0.4116889225770574,0.4005499905328314,0.601223394523712,0.6809486576257052,middle,LS Livingstone,2022,143034521.842,0.4760729429905743,0.011671423195502253
2023,Sikandar Raza,Punjab Kings,91,59,154.24,7,5,20.34,21,35.59,0.1751231274602745,0.3454880027085269,0.3604263415861934,0.6058115507095517,0.194667860956106,0.2743931240580993,middle,Sikandar Raza,2023,5915430.661499999,4.638599279744079,0.1137200843386661
2018,MM Ali,Royal Challengers Bengaluru,72,35,205.71,4,6,28.57,7,20.0,0.1390524237838166,0.6006297943417549,0.523775118066659,0.2575190358886893,0.3446820937651738,0.424407356867167,middle,MM Ali,2018,25369884.771,1.672878535705065,0.041012356682644975
2022,KH Pandya,Lucknow Super Giants,96,90,106.67,8,2,11.11,35,38.89,0.1861207171814231,0.1862735876890947,0.2149994088039004,0.6030064430490666,0.1271772432028337,0.2069025063048269,middle,KH Pandya,2022,102611722.191,0.2016363256428944,0.004943324175032812
2014,MEK Hussey,Mumbai Indians,69,60,115.0,1,4,8.33,17,28.33,0.1095303115217918,0.2122157342129721,0.167412551727506,0.3989847772336823,0.1049745243800898,0.1846997874820831,middle,MEK Hussey,2014,96850919.185,0.1907052499205282,0.0046753374880844165
2023,H Klaasen,Sunrisers Hyderabad,293,164,178.66,17,18,21.34,29,17.68,0.5666967850002519,0.4629523847155509,0.3806296118544778,0.2030297791916342,0.6277631099474354,0.7074883730494287,middle,H Klaasen,2023,62112021.94575,1.1390522331850097,0.027925049829070788
2016,KD Karthik,Gujarat Titans,240,185,129.73,25,2,14.59,52,28.11,0.5095204439491767,0.2708975188408191,0.2858210409945849,0.4343076623633608,0.4591882865378319,0.5389135496398252,middle,KD Karthik,2016,37636887.1977,1.431875985941681,0.03510392859216381
2025,TH David,Royal Challengers Bengaluru,56,34,164.71,6,3,26.47,15,44.12,0.1075155224094865,0.3344776488371374,0.4119205096838183,0.7898548406180608,0.1107688463918819,0.1904941094938752,middle,TH David,2025,31485000.000000004,0.6050313148924097,0.014832971767480408
2018,MA Agarwal,Punjab Kings,64,51,125.49,3,3,11.76,14,27.45,0.1243138791646015,0.2276690213995693,0.2149371568482558,0.4107642154075525,0.1285863980396927,0.208311661141686,middle,MA Agarwal,2018,14923461.63,1.3958668994258407,0.03422112839568605
2018,MA Agarwal,Punjab Kings,64,51,125.49,3,3,11.76,14,27.45,0.1243138791646015,0.2276690213995693,0.2149371568482558,0.4107642154075525,0.1285863980396927,0.208311661141686,middle,MA Agarwal,2018,2984692.326,6.979334497129203,0.17110564197843026
2014,JH Kallis,Kolkata Knight Riders,87,61,142.62,6,3,14.75,16,26.23,0.1469828499893878,0.3495085932216128,0.3008177810194089,0.348896086593963,0.2128231968430833,0.2925484599450766,middle,JH Kallis,2014,106536011.1035,0.2746005382732652,0.0067321177123973765
2022,PJ Cummins,Kolkata Knight Riders,60,17,352.94,5,6,64.71,4,23.53,0.1099936450962186,0.9999999998809528,0.9999999998866418,0.311560228367776,0.5256828703450339,0.6054081334470272,middle,PJ Cummins,2022,90173937.683,0.6713781709026571,0.016459533926888783
2021,RM Patidar,Royal Challengers Bengaluru,48,35,137.14,1,3,11.43,7,20.0,0.0947417067034403,0.3177106068465378,0.2386229015365325,0.215507875005543,0.1757295527229115,0.2554548158249047,middle,RM Patidar,2021,2652233.1686,9.63168769809739,0.23613083849134706
2018,Ishan Kishan,Mumbai Indians,215,113,190.27,18,14,28.32,32,28.32,0.4025039088522862,0.5288457712274772,0.519182049041995,0.428659961203715,0.4987612760177281,0.5784865391197214,middle,Ishan Kishan,2018,92525462.106,0.625218751630756,0.015327887769061146
2021,KS Bharat,Royal Challengers Bengaluru,87,70,124.29,5,3,11.43,18,25.71,0.1897031259044842,0.2616905264475582,0.2386229015365325,0.3381262833836959,0.2103689822884222,0.2900942453904155,middle,KS Bharat,2021,2652233.1686,10.93773537051208,0.2681499551470784
2018,KD Karthik,Kolkata Knight Riders,284,216,131.48,26,6,14.81,59,27.31,0.5296238561930163,0.2555178749264166,0.2709725989491558,0.4078844402219631,0.4729720791777766,0.55269734227977,middle,KD Karthik,2018,110433616.062,0.5004792580272595,0.01226976938515652
2022,D Padikkal,Rajasthan Royals,239,182,131.32,21,12,18.13,70,38.46,0.4885143646309854,0.2677222256089765,0.3178110533822744,0.5948474669870252,0.4157208766665312,0.4954461397685245,middle,D Padikkal,2022,96392829.937,0.5139865071835072,0.012600913642419592
2025,V Suryavanshi,Rajasthan Royals,101,40,252.5,6,10,40.0,8,20.0,0.1918890549386037,0.7037406366567084,0.6450467773955423,0.314812550009205,0.4306802804251629,0.5104055435271562,middle,V Suryavanshi,2025,11544500.000000002,4.421200948738846,0.10839033821358925
2018,KK Nair,Punjab Kings,196,151,129.8,12,8,13.25,43,28.48,0.3674998653816503,0.2477071781108735,0.2423118482352528,0.4319511328443886,0.3303841888167552,0.4101094519187485,middle,KK Nair,2018,83571385.12799999,0.490729513805012,0.012030744268226054
2022,TH David,Mumbai Indians,72,40,180.0,8,3,27.5,11,27.5,0.1353693357912868,0.4285708947343254,0.455039701487597,0.386888449219646,0.2504969875069173,0.3302222506089105,middle,TH David,2022,102611722.191,0.3218172773615859,0.007889685164875588
2024,SD Hope,Delhi Capitals,79,45,175.56,2,7,20.0,12,26.67,0.1577722709431639,0.3910179546668473,0.3208549099894144,0.4315048230558271,0.2213932205413028,0.3011184836432961,middle,SD Hope,2024,8315975.625,3.6209640001595855,0.08877169737070721
2018,Shakib Al Hasan,Sunrisers Hyderabad,150,132,113.64,15,2,12.88,45,34.09,0.2827532338211637,0.1725757135042203,0.2355141060787502,0.5473478384955057,0.2156085546248459,0.2953338177268392,middle,Shakib Al Hasan,2018,29846923.26,0.989495014793157,0.024258499117685316
2018,Shakib Al Hasan,Sunrisers Hyderabad,150,132,113.64,15,2,12.88,45,34.09,0.2827532338211637,0.1725757135042203,0.2355141060787502,0.5473478384955057,0.2156085546248459,0.2953338177268392,middle,Shakib Al Hasan,2018,2984692.326,9.89495014793157,0.24258499117685317
2017,RA Tripathi,Lucknow Super Giants,79,62,127.42,6,4,16.13,22,35.48,0.1510815708242495,0.2690714800181834,0.3216013661578659,0.5727995483815487,0.1513470642201181,0.2310723273221114,middle,RA Tripathi,2017,1559800.2096000002,14.8142259438065,0.36318615214260924
2023,MA Agarwal,Sunrisers Hyderabad,110,82,134.15,7,4,13.41,17,20.73,0.2119543130704704,0.2488516622285468,0.2204176786269826,0.2716218731687224,0.2339781102165924,0.3137033733185857,middle,MA Agarwal,2023,97604605.91475,0.321402223162072,0.007879509679620816
2016,SR Watson,Royal Challengers Bengaluru,123,97,126.8,9,8,17.53,43,44.33,0.2596443370145607,0.2589230394478242,0.3376411817578097,0.7474259106491127,0.2034354356677353,0.2831606987697286,middle,SR Watson,2016,155456707.9905,0.1821476232386399,0.004465538372163187
2022,SN Thakur,Delhi Capitals,51,41,124.39,4,2,14.63,14,34.15,0.0909618770749175,0.2448240892688231,0.2665516864272447,0.5130679627372621,0.0969134731785774,0.1766387362805707,middle,SN Thakur,2022,133706183.461,0.1321096240340249,0.003238804794521432
2025,VR Iyer,Kolkata Knight Riders,91,70,130.0,9,2,15.71,25,35.71,0.1731393810432443,0.1884801740994985,0.2265222361747164,0.6242202774331322,0.1155159488127618,0.1952412119147551,middle,VR Iyer,2025,249256250.00000003,0.0783295150732449,0.001920329505338879
2022,MK Lomror,Royal Challengers Bengaluru,44,33,133.33,4,1,15.15,7,21.21,0.0761593908361277,0.2743636764089345,0.2741673638034205,0.2675397063586228,0.144562147080542,0.2242874101825353,middle,MK Lomror,2022,11815895.2826,1.8981838008738896,0.04653594951999778
2025,F du Plessis,Delhi Capitals,43,37,116.22,3,1,10.81,11,29.73,0.0831409463455193,0.1305186298216344,0.1420936543722444,0.5064444524811854,0.0327981864011176,0.1125234495031108,middle,F du Plessis,2025,20990000.000000004,0.5360812267894752,0.013142588666602428
2018,KA Pollard,Mumbai Indians,94,63,149.21,8,6,22.22,25,39.68,0.1795834214866581,0.3379486216761667,0.4071111648401949,0.6623331476915386,0.1940069271219077,0.273732190223901,middle,KA Pollard,2018,80586692.802,0.3396741828039226,0.008327465768558636
2022,DA Warner,Delhi Capitals,163,108,150.93,14,7,19.44,27,25.0,0.3278016568955537,0.3325176734632923,0.3369967021568713,0.3394525418821964,0.3615054596103657,0.4412307227123589,middle,DA Warner,2022,77736153.175,0.5676004081640859,0.013915314170152324
2022,MS Wade,Gujarat Titans,41,41,100.0,4,0,9.76,15,36.59,0.0698154681623607,0.1642345444872443,0.1952279386926747,0.5593654082986129,0.0322952439548742,0.1120205070568675,middle,MS Wade,2022,29850682.8192,0.3752694962971358,0.009200121889165113
2020,AJ Finch,Royal Challengers Bengaluru,50,48,104.17,3,2,10.42,19,39.58,0.0866999662528101,0.1703712295476696,0.2224206565851078,0.6215226007149017,0.0406509530405902,0.1203762161425835,middle,AJ Finch,2020,61132383.1932,0.1969107203986339,0.004827471049009346
