season,player,team,runs,strike_rate,fours,sixes,boundary_pct,dot_pct,impact_score_pos,phase,adj_price,ROI_z
2024,A Raghuvanshi,Kolkata Knight Riders,82,149.09,10,3,23.64,34.55,0.592987861,bat_pp,2217593.5,0.350607819
2014,YV Takawale,Royal Challengers Bengaluru,77,114.93,15,0,22.39,53.73,0.558674569,bat_pp,1937018.384,0.378313901
2014,AJ Finch,Sunrisers Hyderabad,118,108.26,15,2,15.6,43.12,0.615998695,bat_pp,77480735.35,0.008602989
2017,JJ Roy,Gujarat Titans,35,152.17,6,0,26.09,34.78,0.599263273,bat_pp,15598002.1,0.04876664
2014,Q de Kock,Delhi Capitals,98,115.29,11,4,17.65,52.94,0.552996884,bat_pp,67795643.43,0.00887516
2018,CA Lynn,Kolkata Knight Riders,246,138.98,32,10,23.73,44.07,0.903476551,bat_pp,143265231.6,0.006435858
2016,MP Stoinis,Punjab Kings,45,140.63,5,1,18.75,28.13,0.606487682,bat_pp,9000125.199,0.086950988
2020,MP Stoinis,Delhi Capitals,69,143.75,8,3,22.92,39.58,0.675628403,bat_pp,66689872.57,0.011477363
2014,KK Nair,Rajasthan Royals,154,137.5,19,4,20.54,43.75,0.858284583,bat_pp,14527637.88,0.07600062
2022,Q de Kock,Lucknow Super Giants,246,153.75,24,12,22.5,35.63,1.072666636,bat_pp,83955045.43,0.014964991
2014,CA Lynn,Kolkata Knight Riders,32,128,3,2,20,48,0.493943572,bat_pp,25181238.99,0.023979879
2017,BA Stokes,Lucknow Super Giants,33,117.86,3,1,14.29,39.29,0.352871181,bat_pp,226171030.4,0.000179584
2015,Yuvraj Singh,Delhi Capitals,32,118.52,6,0,22.22,51.85,0.41198587,bat_pp,279285339.6,6.75E-05
2018,KL Rahul,Punjab Kings,316,159.6,37,15,26.26,36.36,1.163103272,bat_pp,164158077.9,0.007462649
2022,SN Khan,Delhi Capitals,38,165.22,5,2,30.43,47.83,0.628849125,bat_pp,2487556.902,0.331357524
2022,SN Khan,Delhi Capitals,38,165.22,5,2,30.43,47.83,0.628849125,bat_pp,111940060.6,0.005528168
2025,Naman Dhir,Mumbai Indians,40,210.53,3,3,31.58,15.79,0.832404869,bat_pp,55098750,0.018037459
2018,CH Gayle,Punjab Kings,239,161.49,28,15,29.05,45.95,0.982816806,bat_pp,29846923.26,0.041528941
2025,AK Markram,Lucknow Super Giants,249,167.11,25,13,25.5,31.54,0.926181084,bat_pp,20990000,0.056287734
2023,PD Salt,Delhi Capitals,120,169.01,15,5,28.17,33.8,0.768377826,bat_pp,23661722.65,0.040928998
2025,PD Salt,Royal Challengers Bengaluru,282,197.2,35,15,34.97,30.77,1.135938459,bat_pp,120692500,0.010529509
2025,A Raghuvanshi,Kolkata Knight Riders,87,164.15,11,3,26.42,32.08,0.652954529,bat_pp,31485000,0.02546027
2021,VR Iyer,Kolkata Knight Riders,204,124.39,21,7,17.07,40.85,0.780405273,bat_pp,2652233.169,0.385991984
2014,DR Smith,Chennai Super Kings,290,133.64,26,18,20.28,41.01,1.19470756,bat_pp,87165827.27,0.016190202
2017,MK Tiwary,Lucknow Super Giants,33,106.45,3,1,12.9,38.71,0.312235761,bat_pp,7799001.048,0.050896987
2025,V Shankar,Chennai Super Kings,32,139.13,3,1,17.39,34.78,0.408723499,bat_pp,12594000,0.040903128
2016,KP Pietersen,Lucknow Super Giants,31,129.17,3,1,16.67,29.17,0.516507615,bat_pp,57273524,0.010010699
2025,JC Buttler,Gujarat Titans,108,136.71,10,5,18.99,41.77,0.497350682,bat_pp,165296250,0.002089171
2014,PA Patel,Royal Challengers Bengaluru,108,103.85,17,1,17.31,51.92,0.543747802,bat_pp,27118257.37,0.02455388
2023,AM Rahane,Chennai Super Kings,141,190.54,13,7,27.03,17.57,0.928659999,bat_pp,5915430.661,0.205064164
2025,D Padikkal,Royal Challengers Bengaluru,91,165.45,7,7,25.45,40,0.601227185,bat_pp,20990000,0.035880416
2014,RG Sharma,Mumbai Indians,37,92.5,3,2,12.5,55,0.249302335,bat_pp,36803349.29,0.007052219
2025,KK Nair,Delhi Capitals,104,173.33,12,6,30,40,0.679926385,bat_pp,5247500,0.168922244
2024,T Kohler-Cadmore,Rajasthan Royals,42,87.5,6,1,14.58,60.42,0.167481288,bat_pp,4435187,0.047900213
2014,KL Rahul,Sunrisers Hyderabad,64,114.29,6,1,12.5,35.71,0.508399398,bat_pp,19370183.84,0.032720709
2022,Ishan Kishan,Mumbai Indians,227,118.85,29,4,17.28,43.46,0.830160108,bat_pp,189676213.7,0.003892289
2013,RT Ponting,Mumbai Indians,42,89.36,3,1,8.51,42.55,0.337551731,bat_pp,49252953.85,0.007157051
2018,RA Tripathi,Rajasthan Royals,78,165.96,8,4,25.53,34.04,0.717226297,bat_pp,50739769.54,0.016756022
2016,RR Pant,Delhi Capitals,49,125.64,7,0,17.95,35.9,0.511368917,bat_pp,31091341.6,0.019803565
2018,SV Samson,Rajasthan Royals,134,131.37,13,3,15.69,35.29,0.642557562,bat_pp,119387693,0.005217575
2022,Anuj Rawat,Royal Challengers Bengaluru,83,113.7,7,4,15.07,46.58,0.442553181,bat_pp,42288467.33,0.011917906
2020,SA Yadav,Mumbai Indians,175,149.57,28,3,26.5,36.75,1.000068431,bat_pp,2778744.691,0.472537158
2018,AM Rahane,Rajasthan Royals,209,120.81,28,2,17.34,35.26,0.780954032,bat_pp,59693846.52,0.015368326
2025,MR Marsh,Lucknow Super Giants,297,165.92,25,20,25.14,36.31,0.968736844,bat_pp,35683000,0.033909607
2014,F du Plessis,Chennai Super Kings,90,169.81,13,3,30.19,33.96,0.9946985,bat_pp,92008373.23,0.012373804
2025,Abhishek Sharma,Sunrisers Hyderabad,277,202.19,33,17,36.5,36.5,1.11367211,bat_pp,3148500,0.464385206
2025,Abhishek Sharma,Sunrisers Hyderabad,277,202.19,33,17,36.5,36.5,1.11367211,bat_pp,39881000,0.034933133
2025,Ishan Kishan,Sunrisers Hyderabad,104,120.93,14,1,17.44,38.37,0.464474314,bat_pp,118068750,0.003308607
2018,PP Shaw,Delhi Capitals,167,181.52,21,7,30.43,32.61,0.985612701,bat_pp,17908153.96,0.070672064
2023,Tilak Varma,Mumbai Indians,56,280,6,4,50,15,1.212559251,bat_pp,2366172.265,0.67363519
2025,Rahmanullah Gurbaz,Kolkata Knight Riders,57,196.55,7,3,34.48,31.03,0.752313567,bat_pp,20990000,0.04536874
2025,DP Conway,Chennai Super Kings,58,116,10,0,20,36,0.414353533,bat_pp,65593750,0.006449891
2023,RR Rossouw,Delhi Capitals,38,122.58,5,1,19.35,45.16,0.379452849,bat_pp,54421962.09,0.007313902
2020,JR Philippe,Royal Challengers Bengaluru,55,112.24,7,1,16.33,42.86,0.416486579,bat_pp,2778744.691,0.195696583
2025,N Rana,Rajasthan Royals,88,176,11,5,32,44,0.649659887,bat_pp,44079000,0.017551082
2018,BA Stokes,Rajasthan Royals,44,112.82,3,2,12.82,43.59,0.341559997,bat_pp,186543270.4,0.000536549
2022,DP Conway,Chennai Super Kings,84,112,6,4,13.33,36,0.492718868,bat_pp,12437784.51,0.050342464
2025,KL Rahul,Delhi Capitals,189,131.25,22,6,19.44,39.58,0.638998411,bat_pp,146930000,0.003855744
2025,RD Rickelton,Mumbai Indians,268,161.45,33,13,27.71,39.16,0.913237192,bat_pp,10495000,0.112826743
2022,N Rana,Kolkata Knight Riders,94,113.25,12,4,19.28,55.42,0.452142572,bat_pp,99502276.06,0.004112848
2016,KK Nair,Delhi Capitals,143,116.26,22,1,18.7,47.15,0.597710454,bat_pp,65455456,0.010160049
2021,MM Ali,Chennai Super Kings,78,109.86,11,3,19.72,54.93,0.416436996,bat_pp,92828160.9,0.004036477
2025,Washington Sundar,Gujarat Titans,30,214.29,3,2,35.71,21.43,0.822002861,bat_pp,33584000,0.030386904
2014,KD Karthik,Delhi Capitals,92,121.05,11,2,17.11,44.74,0.601956155,bat_pp,242127298,0.001400116
2014,MA Agarwal,Delhi Capitals,71,114.52,8,1,14.52,45.16,0.49244439,bat_pp,30992294.14,0.019067942
2018,WP Saha,Sunrisers Hyderabad,73,130.36,12,0,21.43,37.5,0.561240855,bat_pp,74617308.15,0.008037809
2025,JP Inglis,Punjab Kings,141,154.95,10,11,23.08,46.15,0.599584555,bat_pp,27287000,0.027087804
2018,SR Watson,Chennai Super Kings,233,140.36,13,19,19.28,45.78,0.827839778,bat_pp,59693846.52,0.016403677
2020,RV Uthappa,Rajasthan Royals,106,135.9,13,4,21.79,42.31,0.693775934,bat_pp,41681170.36,0.020063931
2022,B Sai Sudharsan,Gujarat Titans,37,123.33,4,1,16.67,33.33,0.468014488,bat_pp,2487556.902,0.246129353
2022,Abhishek Sharma,Sunrisers Hyderabad,245,139.2,35,4,22.16,40.34,0.997250567,bat_pp,6840781.479,0.190288351
2025,JG Bethell,Royal Challengers Bengaluru,40,190.48,4,3,33.33,38.1,0.652990814,bat_pp,27287000,0.029667764
2019,WP Saha,Sunrisers Hyderabad,68,170,11,1,30,27.5,0.802335586,bat_pp,17331030.64,0.059148024
2014,CA Pujara,Punjab Kings,64,101.59,11,0,17.46,50.79,0.437797885,bat_pp,36803349.29,0.013803565
2019,JM Bairstow,Sunrisers Hyderabad,195,142.34,28,4,23.36,39.42,0.838307743,bat_pp,31773556.17,0.032901729
2023,PN Mankad,Lucknow Super Giants,46,117.95,8,0,20.51,51.28,0.361080567,bat_pp,2366172.265,0.199279592
2018,M Vohra,Royal Challengers Bengaluru,38,131.03,2,2,13.79,34.48,0.439577572,bat_pp,16415807.79,0.033420938
2024,DJ Mitchell,Chennai Super Kings,129,146.59,13,4,19.32,29.55,0.67648301,bat_pp,155231545,0.003867473
2022,SA Yadav,Mumbai Indians,55,157.14,7,1,22.86,31.43,0.67600669,bat_pp,6218892.254,0.141412523
2022,Tilak Varma,Mumbai Indians,46,102.22,3,2,11.11,42.22,0.31493985,bat_pp,2487556.902,0.165013296
2018,Q de Kock,Royal Challengers Bengaluru,132,124.53,14,5,17.92,39.62,0.61655638,bat_pp,41785692.56,0.017573054
2024,RR Rossouw,Punjab Kings,82,157.69,16,1,32.69,46.15,0.590727857,bat_pp,88703740,0.006901492
2018,C Munro,Delhi Capitals,61,190.63,7,4,34.38,37.5,0.806007399,bat_pp,28354577.1,0.035593712
2014,DA Warner,Sunrisers Hyderabad,128,125.49,16,2,17.65,36.27,0.766243696,bat_pp,106536011.1,0.007603802
2025,Q de Kock,Kolkata Knight Riders,79,131.67,4,7,18.33,46.67,0.399026708,bat_pp,37782000,0.012044699
2019,SO Hetmyer,Royal Challengers Bengaluru,34,121.43,3,2,17.86,46.43,0.362453306,bat_pp,60658607.23,0.005999509
2014,RV Uthappa,Kolkata Knight Riders,302,143.81,39,8,22.38,35.71,1.318413872,bat_pp,96850919.19,0.016067177
2014,M Vijay,Delhi Capitals,89,82.41,9,1,9.26,50,0.33434004,bat_pp,96850919.19,0.002673478
2018,E Lewis,Mumbai Indians,242,151.25,26,13,24.38,43.75,0.933201275,bat_pp,56709154.19,0.019814914
2015,RG Sharma,Mumbai Indians,111,146.05,12,5,22.37,39.47,0.710838124,bat_pp,5236600.118,0.177059032
2023,SA Yadav,Mumbai Indians,72,124.14,7,1,13.79,31.03,0.464592037,bat_pp,2366172.265,0.256945446
2025,Priyansh Arya,Punjab Kings,318,193.9,39,16,33.54,31.71,1.170081163,bat_pp,39881000,0.03679762
2018,N Rana,Kolkata Knight Riders,107,125.88,11,5,18.82,47.06,0.532684749,bat_pp,50739769.54,0.011961754
2018,DJM Short,Rajasthan Royals,43,91.49,5,0,10.64,38.3,0.300706347,bat_pp,59693846.52,0.004763285
2024,R Ravindra,Chennai Super Kings,161,167.71,19,8,28.13,36.46,0.784417331,bat_pp,19958341.5,0.049931256
2025,AM Rahane,Kolkata Knight Riders,266,172.73,31,15,29.87,38.96,0.955275042,bat_pp,15742500,0.078112153
2018,G Gambhir,Delhi Capitals,55,98.21,6,1,12.5,42.86,0.329743318,bat_pp,41785692.56,0.008525151
2014,V Sehwag,Punjab Kings,221,133.13,29,8,22.29,43.98,1.031265848,bat_pp,61984588.28,0.020054213
2018,JC Buttler,Rajasthan Royals,218,186.32,25,11,30.77,25.64,1.14434516,bat_pp,65663231.17,0.021095622
2014,WP Saha,Punjab Kings,110,127.91,13,4,19.77,45.35,0.699421454,bat_pp,42614404.44,0.019758067
2023,HC Brook,Sunrisers Hyderabad,73,105.8,8,2,14.49,50.72,0.326419624,bat_pp,156758912.5,0.000867818
2014,NV Ojha,Sunrisers Hyderabad,39,111.43,5,2,20,54.29,0.418645324,bat_pp,9685091.919,0.055102518
2022,AM Rahane,Kolkata Knight Riders,81,109.46,7,4,14.86,45.95,0.428885542,bat_pp,12437784.51,0.043577257
2025,R Ravindra,Chennai Super Kings,103,133.77,13,0,16.88,29.87,0.543806658,bat_pp,41980000,0.015198663
2022,WP Saha,Gujarat Titans,191,144.7,25,6,23.48,35.61,0.933614702,bat_pp,23631790.57,0.05020016
2015,MEK Hussey,Chennai Super Kings,31,100,3,1,12.9,41.94,0.32577985,bat_pp,26183000.59,0.014524374
2018,PA Patel,Royal Challengers Bengaluru,116,170.59,16,4,29.41,33.82,0.841694448,bat_pp,25369884.77,0.041856289
2020,SM Curran,Chennai Super Kings,45,140.63,4,3,21.88,46.88,0.545181385,bat_pp,76415478.99,0.007527468
2016,SV Samson,Delhi Capitals,97,85.84,10,0,8.85,46.02,0.316646939,bat_pp,68728228.8,0.004196144
2024,TM Head,Sunrisers Hyderabad,395,227.01,46,24,40.23,23.56,1.480308963,bat_pp,75398179,0.024003185
2022,JM Bairstow,Punjab Kings,148,174.12,19,8,31.76,42.35,0.954822585,bat_pp,83955045.43,0.013114711
2022,D Brevis,Mumbai Indians,75,136.36,10,3,23.64,49.09,0.557656454,bat_pp,37313353.52,0.017823538
2022,F du Plessis,Royal Challengers Bengaluru,206,119.08,27,3,17.34,42.2,0.791734179,bat_pp,87064491.56,0.010110078
2014,KP Pietersen,Delhi Capitals,176,141.94,22,5,21.77,33.06,1.011723156,bat_pp,174331654.5,0.005772967
2025,Aniket Verma,Sunrisers Hyderabad,30,142.86,3,1,19.05,33.33,0.437791813,bat_pp,3148500,0.181413705
2023,N Jagadeesan,Kolkata Knight Riders,73,121.67,12,1,21.67,51.67,0.424728444,bat_pp,10647775.19,0.050703985
2024,Naman Dhir,Mumbai Indians,44,129.41,6,2,23.53,50,0.381606719,bat_pp,2217593.5,0.224958278
2016,DR Smith,Gujarat Titans,155,150.49,17,7,23.3,39.81,0.818920333,bat_pp,37636887.2,0.026804634
2022,RA Tripathi,Sunrisers Hyderabad,177,145.08,21,7,22.95,40.16,0.866463813,bat_pp,105721168.3,0.008926471
2018,SP Goswami,Sunrisers Hyderabad,44,146.67,6,1,23.33,30,0.608275646,bat_pp,14923461.63,0.051851796
2022,AK Markram,Sunrisers Hyderabad,42,85.71,3,1,8.16,46.94,0.199738453,bat_pp,32338239.72,0.006264784
2020,EJG Morgan,Kolkata Knight Riders,48,104.35,8,1,19.57,60.87,0.290257358,bat_pp,72942048.13,0.003368395
2014,CJ Anderson,Mumbai Indians,40,95.24,4,2,14.29,52.38,0.306155026,bat_pp,87165827.27,0.002752857
2018,SA Yadav,Mumbai Indians,262,137.89,31,12,22.63,43.16,0.927514784,bat_pp,47755077.22,0.023725192
2016,AJ Finch,Gujarat Titans,120,134.83,19,2,23.6,40.45,0.708252116,bat_pp,16363864,0.055175974
2022,PBB Rajapaksa,Punjab Kings,78,177.27,9,5,31.82,38.64,0.828193293,bat_pp,6218892.254,0.173670713
2015,M Vijay,Punjab Kings,182,121.33,21,7,18.67,47.33,0.709807688,bat_pp,52366001.18,0.015990625
2018,F du Plessis,Chennai Super Kings,82,115.49,11,2,18.31,47.89,0.448515077,bat_pp,23877538.61,0.022883723
2025,RR Pant,Lucknow Super Giants,90,126.76,11,4,21.13,50.7,0.403500534,bat_pp,283365000,0
2022,R Ashwin,Rajasthan Royals,49,148.48,7,2,27.27,45.45,0.592683097,bat_pp,62188922.54,0.010685746
2020,RA Tripathi,Kolkata Knight Riders,104,130,11,5,20,45,0.624076371,bat_pp,8336234.072,0.096806434
2022,RV Uthappa,Chennai Super Kings,118,124.21,13,5,18.95,47.37,0.586093336,bat_pp,24875569.02,0.029180733
2022,MR Marsh,Delhi Capitals,143,152.13,11,10,22.34,41.49,0.791622878,bat_pp,80845599.3,0.01103035
2024,Abhishek Sharma,Sunrisers Hyderabad,352,228.57,25,33,37.66,28.57,1.353730838,bat_pp,2217593.5,0.802809967
2018,RV Uthappa,Kolkata Knight Riders,188,131.47,16,11,18.88,44.76,0.720500484,bat_pp,95510154.43,0.008066961
2025,SK Rasheed,Chennai Super Kings,63,136.96,9,2,23.91,50,0.409988995,bat_pp,3148500,0.169773471
2021,SPD Smith,Delhi Capitals,53,98.15,4,1,9.26,38.89,0.334691293,bat_pp,29174564.85,0.013245213
2019,LS Livingstone,Rajasthan Royals,61,169.44,5,5,27.78,41.67,0.683642264,bat_pp,7221262.765,0.12291657
2019,SN Khan,Punjab Kings,42,113.51,4,1,13.51,35.14,0.371407644,bat_pp,3610631.383,0.133718149
2025,WG Jacks,Mumbai Indians,122,141.86,12,6,20.93,34.88,0.595183302,bat_pp,55098750,0.012362156
2022,LS Livingstone,Punjab Kings,83,188.64,7,6,29.55,34.09,0.875666404,bat_pp,143034521.8,0.006192972
2022,KH Pandya,Lucknow Super Giants,31,172.22,4,1,27.78,27.78,0.737115606,bat_pp,102611722.2,0.007592198
2014,MEK Hussey,Mumbai Indians,120,117.65,14,3,16.67,44.12,0.658235167,bat_pp,96850919.19,0.00708184
2023,H Klaasen,Sunrisers Hyderabad,46,176.92,7,1,30.77,30.77,0.699527546,bat_pp,62112021.95,0.012968829
2016,KD Karthik,Gujarat Titans,41,77.36,5,0,9.43,50.94,0.161206159,bat_pp,37636887.2,0.003769003
2018,MA Agarwal,Punjab Kings,45,125,6,1,19.44,41.67,0.44813998,bat_pp,14923461.63,0.037707051
2018,MA Agarwal,Punjab Kings,45,125,6,1,19.44,41.67,0.44813998,bat_pp,2984692.326,0.196043433
2014,JH Kallis,Kolkata Knight Riders,41,80.39,5,0,9.8,54.9,0.185639816,bat_pp,106536011.1,0.000419904
2018,Ishan Kishan,Mumbai Indians,60,90.91,4,3,10.61,53.03,0.24042669,bat_pp,92525462.11,0.001548251
2021,KS Bharat,Royal Challengers Bengaluru,78,109.86,5,3,11.27,39.44,0.432798943,bat_pp,2652233.169,0.21322825
2014,CM Gautam,Mumbai Indians,63,128.57,6,4,20.41,51.02,0.557952524,bat_pp,3874036.767,0.187972744
2022,D Padikkal,Rajasthan Royals,107,115.05,15,2,18.28,46.24,0.537424394,bat_pp,96392829.94,0.005472311
2025,RA Tripathi,Chennai Super Kings,37,100,4,1,13.51,51.35,0.184551317,bat_pp,35683000,0.00494057
2025,V Suryavanshi,Rajasthan Royals,132,194.12,11,12,33.82,42.65,0.788800305,bat_pp,11544500,0.088190548
2018,KK Nair,Punjab Kings,47,109.3,6,1,16.28,44.19,0.368456078,bat_pp,83571385.13,0.003934676
2018,JJ Roy,Delhi Capitals,57,116.33,5,4,18.37,51.02,0.382312328,bat_pp,22385192.45,0.020635992
2024,SD Hope,Delhi Capitals,94,138.24,10,5,22.06,45.59,0.506523896,bat_pp,8315975.625,0.078413304
2018,Shakib Al Hasan,Sunrisers Hyderabad,37,119.35,5,1,19.35,48.39,0.37599596,bat_pp,29846923.26,0.014728772
2018,Shakib Al Hasan,Sunrisers Hyderabad,37,119.35,5,1,19.35,48.39,0.37599596,bat_pp,2984692.326,0.164181115
2017,RA Tripathi,Lucknow Super Giants,290,162.01,35,12,26.26,34.64,1.185514284,bat_pp,1559800.21,1
2023,MA Agarwal,Sunrisers Hyderabad,148,128.7,21,2,20,40,0.616326043,bat_pp,97604605.91,0.006446663
2025,F du Plessis,Delhi Capitals,142,135.24,13,7,19.05,40,0.563243089,bat_pp,20990000,0.03349499
2022,DA Warner,Delhi Capitals,222,154.17,32,6,26.39,35.42,1.061530536,bat_pp,77736153.18,0.016123517
2022,MS Wade,Gujarat Titans,94,118.99,14,2,20.25,49.37,0.517923342,bat_pp,29850682.82,0.020994096
2020,AJ Finch,Royal Challengers Bengaluru,185,119.35,21,5,16.77,41.94,0.740802815,bat_pp,61132383.19,0.014096743
2024,A Raghuvanshi,Kolkata Knight Riders,74,160.87,6,4,21.74,21.74,0.304173849,bat_mid,2217593.5,0.336271646
2023,Vivrant Sharma,Sunrisers Hyderabad,40,190.48,4,2,28.57,19.05,0.355248074,bat_mid,30760239.44,0.02831342
2022,Lalit Yadav,Delhi Capitals,113,121.51,7,5,12.9,35.48,0.268555557,bat_mid,8084559.93,0.081438183
2017,P Negi,Royal Challengers Bengaluru,61,108.93,5,2,12.5,35.71,0.156867315,bat_mid,15598002.1,0.024655499
2014,Yuvraj Singh,Royal Challengers Bengaluru,240,125.65,17,14,16.23,40.31,0.460903718,bat_mid,271182573.7,0.004166763
2014,AJ Finch,Sunrisers Hyderabad,98,125.64,7,3,12.82,29.49,0.261965169,bat_mid,77480735.35,0.008288962
2016,Yuvraj Singh,Sunrisers Hyderabad,182,127.27,16,10,18.18,44.76,0.385172849,bat_mid,114547048,0.008243698
2013,MC Henriques,Royal Challengers Bengaluru,68,93.15,5,1,8.22,39.73,0.148451686,bat_mid,36939715.39,0.009852397
2018,SW Billings,Chennai Super Kings,41,113.89,2,2,11.11,38.89,0.108781558,bat_mid,14923461.63,0.017870472
2025,M Shahrukh Khan,Gujarat Titans,113,188.33,9,8,28.33,25,0.387520996,bat_mid,3148500,0.301746233
2018,CA Lynn,Kolkata Knight Riders,175,129.63,14,6,14.81,31.85,0.370789487,bat_mid,143265231.6,0.006345077
2016,MP Stoinis,Punjab Kings,58,131.82,3,2,11.36,25,0.231140114,bat_mid,9000125.199,0.062961793
2025,LS Livingstone,Royal Challengers Bengaluru,71,116.39,2,4,9.84,32.79,0.139341241,bat_mid,91831250,0.00371997
2020,MP Stoinis,Delhi Capitals,178,143.55,12,9,16.94,26.61,0.48819166,bat_mid,66689872.57,0.017946542
2014,KK Nair,Rajasthan Royals,147,148.48,16,4,20.2,28.28,0.414031099,bat_mid,14527637.88,0.069869603
2022,Q de Kock,Lucknow Super Giants,177,147.5,16,6,18.33,25,0.458263366,bat_mid,83955045.43,0.013381927
2017,BA Stokes,Lucknow Super Giants,247,147.02,17,12,17.26,27.38,0.610169266,bat_mid,226171030.4,0.006613992
2015,KD Karthik,Royal Challengers Bengaluru,92,115,10,2,15,37.5,0.210844718,bat_mid,183281004.1,0.002820302
2015,Yuvraj Singh,Delhi Capitals,176,111.39,14,7,13.29,41.77,0.350862805,bat_mid,279285339.6,0.003079921
2018,KL Rahul,Punjab Kings,156,127.87,9,6,12.3,26.23,0.35422906,bat_mid,164158077.9,0.005290202
2016,CH Morris,Delhi Capitals,70,162.79,5,5,23.26,32.56,0.302375023,bat_mid,114547048,0.00647161
2025,Sameer Rizvi,Delhi Capitals,75,150,6,4,20,26,0.249510094,bat_mid,9970250,0.061352518
2018,Yuvraj Singh,Punjab Kings,50,102.04,3,2,10.2,44.9,0.077449574,bat_mid,29846923.26,0.00636165
2025,MP Stoinis,Punjab Kings,45,140.63,2,4,18.75,40.63,0.13075221,bat_mid,115445000,0.00277667
2018,CH Gayle,Punjab Kings,104,144.44,2,10,16.67,34.72,0.281829733,bat_mid,29846923.26,0.023149284
2018,AJ Finch,Punjab Kings,94,140.3,3,6,13.43,22.39,0.300136799,bat_mid,92525462.11,0.007952585
2025,AK Markram,Lucknow Super Giants,146,146,6,9,15,25,0.33766946,bat_mid,20990000,0.039439342
2023,PD Salt,Delhi Capitals,66,160.98,6,3,21.95,21.95,0.313205642,bat_mid,23661722.65,0.032451407
2018,V Shankar,Delhi Capitals,100,119.05,7,3,11.9,29.76,0.243399286,bat_mid,47755077.22,0.012495397
2022,KD Karthik,Royal Challengers Bengaluru,88,129.41,8,3,16.18,33.82,0.250000662,bat_mid,68407814.79,0.008959541
2015,RS Bopara,Sunrisers Hyderabad,86,119.44,3,4,9.72,31.94,0.207306832,bat_mid,17455333.73,0.029116273
2025,PD Salt,Royal Challengers Bengaluru,66,200,5,5,30.3,24.24,0.341530536,bat_mid,120692500,0.006937445
2025,A Raghuvanshi,Kolkata Knight Riders,161,127.78,14,3,13.49,23.02,0.339773581,bat_mid,31485000,0.026456734
2021,VR Iyer,Kolkata Knight Riders,128,130.61,10,6,16.33,32.65,0.366953008,bat_mid,2652233.169,0.339194708
2014,DR Smith,Chennai Super Kings,189,154.92,10,15,20.49,33.61,0.46932529,bat_mid,87165827.27,0.013200124
2017,MK Tiwary,Lucknow Super Giants,122,120.79,10,3,12.87,28.71,0.316249018,bat_mid,7799001.048,0.099412392
2025,V Shankar,Chennai Super Kings,63,121.15,4,1,9.62,25,0.163274519,bat_mid,12594000,0.031783743
2025,SM Curran,Chennai Super Kings,78,177.27,8,3,25,20.45,0.327512724,bat_mid,25188000,0.031877541
2016,KP Pietersen,Lucknow Super Giants,42,113.51,1,2,8.11,32.43,0.141210904,bat_mid,57273524,0.006044559
2025,JC Buttler,Gujarat Titans,333,162.44,33,13,22.44,23.9,0.668881209,bat_mid,165296250,0.009920563
2014,PA Patel,Royal Challengers Bengaluru,48,114.29,5,0,11.9,23.81,0.185083954,bat_mid,27118257.37,0.016732364
2023,AM Rahane,Chennai Super Kings,150,144.23,8,6,13.46,21.15,0.388593741,bat_mid,5915430.661,0.161049637
2022,JM Sharma,Punjab Kings,157,150.96,14,8,21.15,37.5,0.388683049,bat_mid,2487556.902,0.383065372
2025,D Padikkal,Royal Challengers Bengaluru,141,145.36,12,7,19.59,29.9,0.32587838,bat_mid,20990000,0.03806216
2014,RG Sharma,Mumbai Indians,231,119.07,18,6,12.37,32.47,0.45746807,bat_mid,36803349.29,0.0304736
2018,DA Miller,Punjab Kings,46,109.52,1,1,4.76,23.81,0.148761492,bat_mid,44770384.89,0.008146105
2025,KK Nair,Delhi Capitals,83,184.44,10,4,31.11,24.44,0.349399028,bat_mid,5247500,0.16323736
2014,KL Rahul,Sunrisers Hyderabad,91,92.86,6,1,7.14,33.67,0.157884918,bat_mid,19370183.84,0.01998284
2022,Ishan Kishan,Mumbai Indians,126,124.75,7,5,11.88,24.75,0.331490803,bat_mid,189676213.7,0.004284587
2022,M Shahrukh Khan,Punjab Kings,68,87.18,1,5,7.69,51.28,0.083178851,bat_mid,2487556.902,0.081976658
2016,SW Billings,Delhi Capitals,78,144.44,4,3,12.96,18.52,0.311442891,bat_mid,4909159.2,0.155532668
2018,KH Pandya,Mumbai Indians,120,131.87,13,4,18.68,38.46,0.279878607,bat_mid,131326462.3,0.005224777
2018,RA Tripathi,Rajasthan Royals,107,122.99,8,2,11.49,29.89,0.257170308,bat_mid,50739769.54,0.012425751
2014,SA Yadav,Kolkata Knight Riders,62,134.78,4,2,13.04,28.26,0.222452814,bat_mid,13559128.69,0.040221331
2016,RR Pant,Delhi Capitals,118,131.11,10,4,15.56,33.33,0.315427422,bat_mid,31091341.6,0.024871977
2014,SPD Smith,Rajasthan Royals,71,104.41,3,2,7.35,33.82,0.141974706,bat_mid,77480735.35,0.004492288
2018,SV Samson,Rajasthan Royals,239,125.13,14,8,11.52,26.7,0.46793768,bat_mid,119387693,0.009609013
2022,SO Hetmyer,Rajasthan Royals,96,97.96,8,2,10.2,42.86,0.180537489,bat_mid,105721168.3,0.004186545
2022,SS Prabhudessai,Royal Challengers Bengaluru,46,135.29,6,1,20.59,38.24,0.180921368,bat_mid,3731335.352,0.118870995
2020,SA Yadav,Mumbai Indians,256,134.74,28,5,17.37,30,0.607068909,bat_mid,2778744.691,0.535598882
2018,AM Rahane,Rajasthan Royals,105,108.25,8,0,8.25,21.65,0.255657563,bat_mid,59693846.52,0.010499761
2025,MR Marsh,Lucknow Super Giants,270,171.97,27,13,25.48,21.66,0.605707777,bat_mid,35683000,0.041615212
2014,F du Plessis,Chennai Super Kings,160,107.38,8,1,6.04,25.5,0.328794326,bat_mid,92008373.23,0.008760871
2020,TK Curran,Rajasthan Royals,41,100,2,0,4.88,29.27,0.112362477,bat_mid,13893723.45,0.019826816
2018,Mandeep Singh,Royal Challengers Bengaluru,105,98.13,5,3,7.48,34.58,0.185519625,bat_mid,20892846.28,0.021769205
2018,Mandeep Singh,Royal Challengers Bengaluru,105,98.13,5,3,7.48,34.58,0.185519625,bat_mid,2984692.326,0.152384434
2014,Y Venugopal Rao,Sunrisers Hyderabad,40,97.56,4,0,9.76,31.71,0.100239708,bat_mid,10653601.11,0.023067136
2024,Azmatullah Omarzai,Gujarat Titans,42,127.27,2,2,12.12,30.3,0.134348514,bat_mid,5543983.75,0.05941023
2025,Abhishek Sharma,Sunrisers Hyderabad,129,226.32,10,10,35.09,22.81,0.491380515,bat_mid,3148500,0.382617254
2025,Abhishek Sharma,Sunrisers Hyderabad,129,226.32,10,10,35.09,22.81,0.491380515,bat_mid,39881000,0.030206625
2022,A Badoni,Lucknow Super Giants,75,104.17,6,2,11.11,40.28,0.163623513,bat_mid,2487556.902,0.161258645
2025,Ishan Kishan,Sunrisers Hyderabad,166,158.1,12,9,20,22.86,0.408597236,bat_mid,118068750,0.008484198
2022,RK Singh,Kolkata Knight Riders,61,105.17,5,1,10.34,37.93,0.147593335,bat_mid,6840781.479,0.052894601
2022,RK Singh,Kolkata Knight Riders,61,105.17,5,1,10.34,37.93,0.147593335,bat_mid,2487556.902,0.145460153
2018,PP Shaw,Delhi Capitals,56,175,4,3,21.88,18.75,0.338552732,bat_mid,17908153.96,0.046347447
2025,DA Miller,Lucknow Super Giants,80,121.21,8,1,13.64,30.3,0.181826315,bat_mid,78712500,0.005663219
2023,Tilak Varma,Mumbai Indians,200,136.05,12,13,17.01,36.73,0.398596859,bat_mid,2366172.265,0.412988377
2025,DP Conway,Chennai Super Kings,71,154.35,4,4,17.39,19.57,0.265332782,bat_mid,65593750,0.009916965
2019,R Parag,Rajasthan Royals,99,110,12,1,14.44,38.89,0.172927827,bat_mid,2888505.106,0.146771611
2023,RR Rossouw,Delhi Capitals,131,143.96,9,7,17.58,36.26,0.307424267,bat_mid,54421962.09,0.013848868
2025,N Rana,Rajasthan Royals,115,155.41,13,4,22.97,27.03,0.322513377,bat_mid,44079000,0.017937682
2016,Sachin Baby,Royal Challengers Bengaluru,46,127.78,3,1,11.11,27.78,0.194069621,bat_mid,1636386.4,0.290751534
2018,BA Stokes,Rajasthan Royals,146,126.96,10,4,12.17,25.22,0.341898703,bat_mid,186543270.4,0.004493329
2022,DP Conway,Chennai Super Kings,129,179.17,12,7,26.39,22.22,0.442612747,bat_mid,12437784.51,0.087243124
2015,AD Mathews,Delhi Capitals,40,90.91,3,1,9.09,43.18,0.021085793,bat_mid,130915003,0.000394867
2025,Abdul Samad,Lucknow Super Giants,87,174,4,8,24,30,0.295822773,bat_mid,44079000,0.016453193
2025,KL Rahul,Delhi Capitals,271,157.56,21,11,18.6,20.35,0.570475468,bat_mid,146930000,0.009518682
2025,RD Rickelton,Mumbai Indians,64,152.38,5,4,21.43,33.33,0.212068683,bat_mid,10495000,0.049538678
2022,N Rana,Kolkata Knight Riders,221,155.63,14,14,19.72,28.17,0.532799392,bat_mid,99502276.06,0.01312747
2022,N Pooran,Sunrisers Hyderabad,197,135.86,8,13,14.48,28.28,0.456835096,bat_mid,133706183.5,0.008376417
2019,CA Ingram,Delhi Capitals,122,114.02,13,3,14.95,42.06,0.219585939,bat_mid,92432163.39,0.005824139
2018,YK Pathan,Sunrisers Hyderabad,107,107,9,3,12,40,0.19514977,bat_mid,28354577.1,0.016873112
2016,KK Nair,Delhi Capitals,171,114.77,16,1,11.41,27.52,0.393749342,bat_mid,65455456,0.0147477
2021,MM Ali,Chennai Super Kings,224,140,16,12,17.5,35,0.560567419,bat_mid,92828160.9,0.014804659
2024,PJ Cummins,Sunrisers Hyderabad,47,146.88,3,3,18.75,31.25,0.186538751,bat_mid,227303333.8,0.002011933
2015,SN Khan,Royal Challengers Bengaluru,47,138.24,4,1,14.71,26.47,0.199751782,bat_mid,8727666.863,0.056110329
2018,DL Chahar,Chennai Super Kings,49,188.46,1,4,19.23,15.38,0.351136073,bat_mid,11938769.3,0.072105137
2025,Washington Sundar,Gujarat Titans,76,152,7,3,20,26,0.253533793,bat_mid,33584000,0.018507755
2013,AM Nayar,Lucknow Super Giants,44,97.78,3,0,6.67,28.89,0.153303215,bat_mid,83114359.62,0.004521948
2020,PJ Cummins,Kolkata Knight Riders,48,77.42,3,1,6.45,54.84,0.003816066,bat_mid,215352713.5,4.34E-05
2019,N Pooran,Punjab Kings,120,179.1,7,12,28.36,40.3,0.375852581,bat_mid,60658607.23,0.015190617
2014,KD Karthik,Delhi Capitals,224,130.23,16,9,14.53,29.65,0.484887522,bat_mid,242127298,0.004909616
2025,JP Inglis,Punjab Kings,107,169.84,10,5,23.81,22.22,0.3505635,bat_mid,27287000,0.031496422
2018,SR Watson,Chennai Super Kings,221,200.91,17,14,28.18,14.55,0.658304858,bat_mid,59693846.52,0.027036335
2013,DJG Sammy,Sunrisers Hyderabad,107,115.05,5,6,11.83,36.56,0.283225767,bat_mid,52331263.46,0.013268501
2023,SM Curran,Punjab Kings,140,112,10,4,11.2,37.6,0.243454944,bat_mid,218870934.5,0.002726973
2014,AR Patel,Punjab Kings,42,116.67,6,0,16.67,36.11,0.13979419,bat_mid,14527637.88,0.023590896
2020,RV Uthappa,Rajasthan Royals,63,106.78,4,2,10.17,33.9,0.167978076,bat_mid,41681170.36,0.009880138
2022,B Sai Sudharsan,Gujarat Titans,91,121.33,9,1,13.33,28,0.260804613,bat_mid,2487556.902,0.257035176
2020,SO Hetmyer,Delhi Capitals,90,150,4,6,16.67,28.33,0.329293087,bat_mid,107676356.8,0.007497433
2022,Abhishek Sharma,Sunrisers Hyderabad,144,156.52,7,9,17.39,25,0.408624663,bat_mid,6840781.479,0.146443188
2019,JM Bairstow,Sunrisers Hyderabad,217,173.6,15,13,22.4,24,0.622290665,bat_mid,31773556.17,0.048015093
2024,DJ Mitchell,Chennai Super Kings,149,143.27,11,6,16.35,25.96,0.366958836,bat_mid,155231545,0.005795457
2022,SA Yadav,Mumbai Indians,162,120.9,10,7,12.69,32.84,0.360248162,bat_mid,6218892.254,0.142016583
2022,AR Patel,Delhi Capitals,75,115.38,5,3,12.31,40,0.179313045,bat_mid,2487556.902,0.176721414
2022,Tilak Varma,Mumbai Indians,288,133.95,21,12,15.35,26.98,0.616369301,bat_mid,2487556.902,0.607460849
2018,Q de Kock,Royal Challengers Bengaluru,57,135.71,4,3,16.67,38.1,0.186477054,bat_mid,41785692.56,0.010940776
2024,RR Rossouw,Punjab Kings,118,218.52,7,10,31.48,18.52,0.498950226,bat_mid,88703740,0.013790043
2013,NLTC Perera,Sunrisers Hyderabad,112,131.76,6,6,14.12,29.41,0.360972749,bat_mid,83114359.62,0.010647525
2014,DA Warner,Sunrisers Hyderabad,271,132.2,14,13,13.17,28.78,0.564557588,bat_mid,106536011.1,0.012991585
2017,K Rabada,Delhi Capitals,48,92.31,5,1,11.54,48.08,0.058886757,bat_mid,77990010.48,0.001851096
2025,Q de Kock,Kolkata Knight Riders,43,159.26,3,2,18.52,11.11,0.266747172,bat_mid,37782000,0.01730873
2019,SO Hetmyer,Royal Challengers Bengaluru,47,123.68,1,4,13.16,39.47,0.070883391,bat_mid,60658607.23,0.002864853
2014,RV Uthappa,Kolkata Knight Riders,288,140.49,25,9,16.59,24.39,0.640372495,bat_mid,96850919.19,0.016209859
2025,JM Sharma,Royal Challengers Bengaluru,138,181.58,15,7,28.95,27.63,0.408279787,bat_mid,115445000,0.008670279
2014,M Vijay,Delhi Capitals,97,173.21,9,4,23.21,17.86,0.42989783,bat_mid,96850919.19,0.010882078
2018,E Lewis,Mumbai Indians,126,135.48,4,11,16.13,38.71,0.283358491,bat_mid,56709154.19,0.012249924
2015,RG Sharma,Mumbai Indians,292,135.81,22,11,15.35,26.51,0.696163463,bat_mid,5236600.118,0.325920841
2014,DJG Sammy,Sunrisers Hyderabad,49,100,1,4,10.2,48.98,0.03830397,bat_mid,67795643.43,0.001385136
2023,SA Yadav,Mumbai Indians,457,187.3,50,22,29.51,27.05,0.965152728,bat_mid,2366172.265,1
2022,R Powell,Delhi Capitals,137,115.13,5,9,11.76,40.34,0.281050152,bat_mid,34825796.62,0.019784865
2025,Priyansh Arya,Punjab Kings,138,212.31,8,13,32.31,26.15,0.4644653,bat_mid,39881000,0.028552067
2018,N Rana,Kolkata Knight Riders,150,125,10,7,14.17,32.5,0.322459625,bat_mid,50739769.54,0.015580349
2014,MK Tiwary,Delhi Capitals,76,115.15,6,2,12.12,30.3,0.202928741,bat_mid,54236514.74,0.009172804
2018,DJM Short,Rajasthan Royals,58,187.1,4,5,29.03,38.71,0.302534748,bat_mid,59693846.52,0.012424989
2024,R Ravindra,Chennai Super Kings,42,210,1,4,25,15,0.355716296,bat_mid,19958341.5,0.043694787
2019,Yuvraj Singh,Mumbai Indians,90,138.46,6,6,18.46,36.92,0.220415968,bat_mid,14442525.53,0.037415386
2014,YK Pathan,Kolkata Knight Riders,196,167.52,10,17,23.08,35.9,0.499606471,bat_mid,62953097.47,0.019456345
2025,AM Rahane,Kolkata Knight Riders,124,116.98,5,5,9.43,27.36,0.239560191,bat_mid,15742500,0.037307081
2022,R Parag,Rajasthan Royals,63,118.87,3,3,11.32,32.08,0.18962757,bat_mid,47263581.13,0.009836151
2014,V Sehwag,Punjab Kings,134,155.81,12,6,20.93,25.58,0.419236368,bat_mid,61984588.28,0.016581566
2018,JC Buttler,Rajasthan Royals,207,128.57,15,4,11.8,24.22,0.436803816,bat_mid,65663231.17,0.016308518
2014,WP Saha,Punjab Kings,168,138.84,12,9,17.36,32.23,0.403965596,bat_mid,42614404.44,0.023240115
2022,SW Billings,Kolkata Knight Riders,138,126.61,7,8,13.76,33.94,0.324266943,bat_mid,24875569.02,0.031958028
2023,HC Brook,Sunrisers Hyderabad,60,146.34,6,2,19.51,34.15,0.218041778,bat_mid,156758912.5,0.003410027
2014,GJ Bailey,Punjab Kings,68,77.27,4,0,4.55,44.32,0.034783685,bat_mid,62953097.47,0.001354593
2014,NV Ojha,Sunrisers Hyderabad,107,133.75,3,9,15,36.25,0.265852427,bat_mid,9685091.919,0.067295682
2016,NLTC Perera,Lucknow Super Giants,57,132.56,3,3,13.95,34.88,0.201323454,bat_mid,16363864,0.030161909
2025,SE Rutherford,Gujarat Titans,194,163.03,15,12,22.69,28.57,0.443595763,bat_mid,27287000,0.039854918
2015,EJG Morgan,Sunrisers Hyderabad,118,129.67,6,8,15.38,38.46,0.2828478,bat_mid,26183000.59,0.026484008
2025,R Ravindra,Chennai Super Kings,44,112.82,2,1,7.69,23.08,0.125175659,bat_mid,41980000,0.007310175
2022,WP Saha,Gujarat Titans,75,104.17,7,0,9.72,29.17,0.201713089,bat_mid,23631790.57,0.020926075
2017,SA Yadav,Kolkata Knight Riders,66,110,5,1,10,28.33,0.186032914,bat_mid,1559800.21,0.2923958
2015,MEK Hussey,Chennai Super Kings,42,144.83,2,2,13.79,24.14,0.205528986,bat_mid,26183000.59,0.019244382
2020,SM Curran,Chennai Super Kings,70,129.63,3,5,14.81,38.89,0.215672159,bat_mid,76415478.99,0.006919314
2025,V Nigam,Delhi Capitals,65,166.67,7,3,25.64,28.21,0.266276235,bat_mid,5247500,0.124402835
2016,SV Samson,Delhi Capitals,162,131.71,10,5,12.2,24.39,0.414011218,bat_mid,68728228.8,0.01476819
2024,TM Head,Sunrisers Hyderabad,110,142.86,8,6,18.18,32.47,0.277943355,bat_mid,75398179,0.009037447
2022,JM Bairstow,Punjab Kings,64,106.67,8,0,13.33,33.33,0.180369808,bat_mid,83955045.43,0.005267049
2022,D Brevis,Mumbai Indians,85,151.79,4,8,21.43,42.86,0.248182114,bat_mid,37313353.52,0.016306341
2022,R Tewatia,Gujarat Titans,59,100,6,1,11.86,38.98,0.139552714,bat_mid,111940060.6,0.00305635
2022,F du Plessis,Royal Challengers Bengaluru,189,153.66,12,10,17.89,26.83,0.476436664,bat_mid,87064491.56,0.013415734
2014,KP Pietersen,Delhi Capitals,93,114.81,9,2,13.58,35.8,0.210549914,bat_mid,174331654.5,0.002960937
2025,Aniket Verma,Sunrisers Hyderabad,149,167.42,5,15,22.47,37.08,0.347357567,bat_mid,3148500,0.270472667
2024,Naman Dhir,Mumbai Indians,46,200,4,3,30.43,26.09,0.317452532,bat_mid,2217593.5,0.350951556
2024,T Stubbs,Delhi Capitals,144,126.32,6,8,12.28,28.95,0.308816242,bat_mid,5543983.75,0.13656157
2016,DR Smith,Gujarat Titans,113,156.94,10,7,23.61,33.33,0.36693137,bat_mid,37636887.2,0.023901297
2022,RA Tripathi,Sunrisers Hyderabad,208,162.5,16,11,21.09,25,0.533659714,bat_mid,105721168.3,0.012375216
2016,JC Buttler,Mumbai Indians,167,146.49,14,7,18.42,27.19,0.45179122,bat_mid,62182683.2,0.017812244
2022,HR Shokeen,Mumbai Indians,42,105,5,0,12.5,45,0.0947794,bat_mid,2487556.902,0.093409543
2022,AK Markram,Sunrisers Hyderabad,249,138.33,16,12,15.56,27.22,0.554438572,bat_mid,32338239.72,0.042032709
2016,KH Pandya,Mumbai Indians,165,208.86,14,11,31.65,25.32,0.578701211,bat_mid,32727728,0.043349975
2022,DA Miller,Gujarat Titans,289,130.18,14,15,13.06,27.48,0.605718868,bat_mid,37313353.52,0.039797623
2020,EJG Morgan,Kolkata Knight Riders,200,112.36,13,10,12.92,38.2,0.422377327,bat_mid,72942048.13,0.014196228
2014,CJ Anderson,Mumbai Indians,203,169.17,17,11,23.33,30,0.542902962,bat_mid,87165827.27,0.015269551
2014,JP Duminy,Delhi Capitals,192,101.05,5,6,5.79,27.89,0.360180532,bat_mid,42614404.44,0.020721163
2022,Shahbaz Ahmed,Royal Challengers Bengaluru,171,119.58,11,6,11.89,33.57,0.369051569,bat_mid,29850682.82,0.030309802
2018,Shubman Gill,Kolkata Knight Riders,117,142.68,9,4,15.85,23.17,0.343038287,bat_mid,26862230.93,0.031307676
2018,SA Yadav,Mumbai Indians,187,132.62,21,3,17.02,30.5,0.406320493,bat_mid,47755077.22,0.020859289
2016,AJ Finch,Gujarat Titans,213,141.06,21,8,19.21,30.46,0.513887026,bat_mid,16363864,0.076989608
2014,Shakib Al Hasan,Kolkata Knight Riders,122,135.56,9,5,15.56,32.22,0.315071753,bat_mid,54236514.74,0.014241903
2022,PBB Rajapaksa,Punjab Kings,124,156.96,7,8,18.99,29.11,0.364316208,bat_mid,6218892.254,0.143620283
2015,M Vijay,Punjab Kings,40,114.29,3,1,11.43,37.14,0.091087015,bat_mid,52366001.18,0.004264395
2018,F du Plessis,Chennai Super Kings,43,116.22,2,2,10.81,35.14,0.129304105,bat_mid,23877538.61,0.013276178
2025,RR Pant,Lucknow Super Giants,108,117.39,9,5,15.22,41.3,0.181121154,bat_mid,283365000,0.001567015
2022,R Ashwin,Rajasthan Royals,69,113.11,1,4,8.2,29.51,0.19468219,bat_mid,62188922.54,0.007674737
2020,RA Tripathi,Kolkata Knight Riders,62,103.33,3,1,6.67,26.67,0.17294008,bat_mid,8336234.072,0.050859967
2022,A Manohar,Gujarat Titans,58,152.63,7,2,23.68,31.58,0.252735183,bat_mid,32338239.72,0.019160183
2024,RK Singh,Kolkata Knight Riders,79,129.51,5,3,13.11,29.51,0.205639039,bat_mid,2217593.5,0.227338998
2025,KH Pandya,Royal Challengers Bengaluru,68,138.78,3,4,14.29,34.69,0.170945322,bat_mid,60346250,0.00694476
2022,RV Uthappa,Chennai Super Kings,63,165.79,2,6,21.05,34.21,0.25655468,bat_mid,24875569.02,0.025284667
2022,MR Marsh,Delhi Capitals,71,102.9,3,3,8.7,33.33,0.174912978,bat_mid,80845599.3,0.005304152
2024,Abhishek Sharma,Sunrisers Hyderabad,99,198,8,8,32,32,0.380514537,bat_mid,2217593.5,0.420668148
2018,RV Uthappa,Kolkata Knight Riders,161,147.71,14,10,22.02,38.53,0.374384456,bat_mid,95510154.43,0.009609894
2017,CJ Anderson,Delhi Capitals,54,75,2,2,5.56,54.17,0,bat_mid,15598002.1,0
2020,PK Garg,Sunrisers Hyderabad,60,92.31,3,0,4.62,36.92,0.106292382,bat_mid,26398074.56,0.009871433
2021,SPD Smith,Delhi Capitals,78,114.71,7,0,10.29,25,0.258770847,bat_mid,29174564.85,0.021745093
2023,N Pooran,Lucknow Super Giants,219,169.77,15,18,25.58,36.43,0.512699257,bat_mid,189293781.2,0.006640131
2019,SN Khan,Punjab Kings,103,124.1,12,2,16.87,33.73,0.233504785,bat_mid,3610631.383,0.158548796
2025,WG Jacks,Mumbai Indians,98,130.67,8,5,17.33,36,0.211026794,bat_mid,55098750,0.00938958
2022,LS Livingstone,Punjab Kings,288,176.69,17,23,24.54,28.22,0.680948658,bat_mid,143034521.8,0.011671423
2023,Sikandar Raza,Punjab Kings,91,154.24,7,5,20.34,35.59,0.274393124,bat_mid,5915430.661,0.113720084
2018,MM Ali,Royal Challengers Bengaluru,72,205.71,4,6,28.57,20,0.424407357,bat_mid,25369884.77,0.041012357
2022,KH Pandya,Lucknow Super Giants,96,106.67,8,2,11.11,38.89,0.206902506,bat_mid,102611722.2,0.004943324
2014,MEK Hussey,Mumbai Indians,69,115,1,4,8.33,28.33,0.184699787,bat_mid,96850919.19,0.004675337
2023,H Klaasen,Sunrisers Hyderabad,293,178.66,17,18,21.34,17.68,0.707488373,bat_mid,62112021.95,0.02792505
2016,KD Karthik,Gujarat Titans,240,129.73,25,2,14.59,28.11,0.53891355,bat_mid,37636887.2,0.035103929
2025,TH David,Royal Challengers Bengaluru,56,164.71,6,3,26.47,44.12,0.190494109,bat_mid,31485000,0.014832972
2018,MA Agarwal,Punjab Kings,64,125.49,3,3,11.76,27.45,0.208311661,bat_mid,14923461.63,0.034221128
2018,MA Agarwal,Punjab Kings,64,125.49,3,3,11.76,27.45,0.208311661,bat_mid,2984692.326,0.171105642
2014,JH Kallis,Kolkata Knight Riders,87,142.62,6,3,14.75,26.23,0.29254846,bat_mid,106536011.1,0.006732118
2022,PJ Cummins,Kolkata Knight Riders,60,352.94,5,6,64.71,23.53,0.605408133,bat_mid,90173937.68,0.016459534
2021,RM Patidar,Royal Challengers Bengaluru,48,137.14,1,3,11.43,20,0.255454816,bat_mid,2652233.169,0.236130838
2018,Ishan Kishan,Mumbai Indians,215,190.27,18,14,28.32,28.32,0.578486539,bat_mid,92525462.11,0.015327888
2021,KS Bharat,Royal Challengers Bengaluru,87,124.29,5,3,11.43,25.71,0.290094245,bat_mid,2652233.169,0.268149955
2018,KD Karthik,Kolkata Knight Riders,284,131.48,26,6,14.81,27.31,0.552697342,bat_mid,110433616.1,0.012269769
2022,D Padikkal,Rajasthan Royals,239,131.32,21,12,18.13,38.46,0.49544614,bat_mid,96392829.94,0.012600914
2025,V Suryavanshi,Rajasthan Royals,101,252.5,6,10,40,20,0.510405544,bat_mid,11544500,0.108390338
2018,KK Nair,Punjab Kings,196,129.8,12,8,13.25,28.48,0.410109452,bat_mid,83571385.13,0.012030744
2022,TH David,Mumbai Indians,72,180,8,3,27.5,27.5,0.330222251,bat_mid,102611722.2,0.007889685
2024,SD Hope,Delhi Capitals,79,175.56,2,7,20,26.67,0.301118484,bat_mid,8315975.625,0.088771697
2018,Shakib Al Hasan,Sunrisers Hyderabad,150,113.64,15,2,12.88,34.09,0.295333818,bat_mid,29846923.26,0.024258499
2018,Shakib Al Hasan,Sunrisers Hyderabad,150,113.64,15,2,12.88,34.09,0.295333818,bat_mid,2984692.326,0.242584991
2017,RA Tripathi,Lucknow Super Giants,79,127.42,6,4,16.13,35.48,0.231072327,bat_mid,1559800.21,0.363186152
2023,MA Agarwal,Sunrisers Hyderabad,110,134.15,7,4,13.41,20.73,0.313703373,bat_mid,97604605.91,0.00787951
2016,SR Watson,Royal Challengers Bengaluru,123,126.8,9,8,17.53,44.33,0.283160699,bat_mid,155456708,0.004465538
2022,SN Thakur,Delhi Capitals,51,124.39,4,2,14.63,34.15,0.176638736,bat_mid,133706183.5,0.003238805
2025,VR Iyer,Kolkata Knight Riders,91,130,9,2,15.71,35.71,0.195241212,bat_mid,249256250,0.00192033
2022,MK Lomror,Royal Challengers Bengaluru,44,133.33,4,1,15.15,21.21,0.22428741,bat_mid,11815895.28,0.04653595
2025,F du Plessis,Delhi Capitals,43,116.22,3,1,10.81,29.73,0.11252345,bat_mid,20990000,0.013142589
2018,KA Pollard,Mumbai Indians,94,149.21,8,6,22.22,39.68,0.27373219,bat_mid,80586692.8,0.008327466
2022,DA Warner,Delhi Capitals,163,150.93,14,7,19.44,25,0.441230723,bat_mid,77736153.18,0.013915314
2022,MS Wade,Gujarat Titans,41,100,4,0,9.76,36.59,0.112020507,bat_mid,29850682.82,0.009200122
2020,AJ Finch,Royal Challengers Bengaluru,50,104.17,3,2,10.42,39.58,0.120376216,bat_mid,61132383.19,0.004827471
2017,P Negi,Royal Challengers Bengaluru,83,150.91,5,5,18.18,34.55,0.587997293,bat_death,15598002.1,0.069756184
2014,Yuvraj Singh,Royal Challengers Bengaluru,117,234,4,14,36,40,0.874482191,bat_death,271182573.7,0.003489772
2021,KA Jamieson,Royal Challengers Bengaluru,45,150,4,2,20,26.67,0.518704122,bat_death,198917487.6,0.002303582
2014,AJ Finch,Sunrisers Hyderabad,55,148.65,4,3,18.92,27.03,0.487397291,bat_death,77480735.35,0.009383313
2016,Yuvraj Singh,Sunrisers Hyderabad,46,176.92,5,3,30.77,34.62,0.509146691,bat_death,114547048,0.00583532
2018,Washington Sundar,Royal Challengers Bengaluru,52,236.36,4,4,36.36,22.73,0.67015601,bat_death,47755077.22,0.024267051
2014,M Manhas,Chennai Super Kings,25,192.31,2,1,23.08,23.08,0.556906404,bat_death,5811055.151,0.181516879
2013,MC Henriques,Royal Challengers Bengaluru,76,180.95,11,2,30.95,30.95,0.655605051,bat_death,36939715.39,0.031408021
2017,KV Sharma,Mumbai Indians,26,173.33,4,1,33.33,40,0.413327586,bat_death,49913606.71,0.013209286
2018,SW Billings,Chennai Super Kings,49,188.46,3,3,23.08,15.38,0.570519991,bat_death,14923461.63,0.070780341
2025,M Shahrukh Khan,Gujarat Titans,64,188.24,2,5,20.59,17.65,0.584318905,bat_death,3148500,0.354045762
2016,TG Southee,Mumbai Indians,27,192.86,1,2,21.43,21.43,0.526443294,bat_death,40909660,0.022028032
2016,MP Stoinis,Punjab Kings,43,186.96,5,1,26.09,17.39,0.64017396,bat_death,9000125.199,0.134023827
2019,SE Rutherford,Delhi Capitals,47,195.83,2,5,29.17,29.17,0.580254489,bat_death,28885051.06,0.035907053
2025,LS Livingstone,Royal Challengers Bengaluru,37,284.62,1,5,46.15,30.77,0.686193264,bat_death,91831250,0.011655037
2019,SM Curran,Punjab Kings,65,224.14,9,2,37.93,20.69,0.781523898,bat_death,103986183.8,0.011738317
2020,MP Stoinis,Delhi Capitals,99,180,10,4,25.45,16.36,0.763645131,bat_death,66689872.57,0.019302688
2022,Q de Kock,Lucknow Super Giants,54,317.65,5,4,52.94,5.88,1.053927395,bat_death,83955045.43,0.021422577
2022,Kuldeep Yadav,Delhi Capitals,43,122.86,3,2,14.29,34.29,0.310460532,bat_death,2487556.902,0.237205696
2022,Kuldeep Yadav,Delhi Capitals,43,122.86,3,2,14.29,34.29,0.310460532,bat_death,24875569.02,0.021282377
2017,BA Stokes,Lucknow Super Giants,36,144,2,2,16,20,0.462927929,bat_death,226171030.4,0.001225493
2015,Yuvraj Singh,Delhi Capitals,40,166.67,3,3,25,37.5,0.393595296,bat_death,279285339.6,0
2018,KL Rahul,Punjab Kings,91,267.65,11,4,44.12,5.88,0.985082545,bat_death,164158077.9,0.008826334
2016,CH Morris,Delhi Capitals,125,189.39,10,7,25.76,25.76,0.921836118,bat_death,114547048,0.01276101
2019,AR Patel,Delhi Capitals,81,158.82,8,3,21.57,23.53,0.59106431,bat_death,72212627.65,0.013025119
2025,Sameer Rizvi,Delhi Capitals,32,266.67,2,3,41.67,8.33,0.76109203,bat_death,9970250,0.144033018
2025,MP Stoinis,Punjab Kings,100,294.12,5,10,44.12,8.82,1.052463717,bat_death,115445000,0.014815802
2025,Naman Dhir,Mumbai Indians,173,205.95,19,10,34.52,26.19,1.003412814,bat_death,55098750,0.032298435
2020,AT Carey,Delhi Capitals,31,110.71,0,1,3.57,21.43,0.258028609,bat_death,33344936.29,0.012166057
2018,V Shankar,Delhi Capitals,109,184.75,4,8,20.34,15.25,0.746595219,bat_death,47755077.22,0.027344
2022,KD Karthik,Royal Challengers Bengaluru,242,220,19,19,34.55,25.45,1.259378127,bat_death,68407814.79,0.03268037
2016,TM Head,Royal Challengers Bengaluru,41,170.83,3,1,16.67,20.83,0.510815338,bat_death,8181932,0.117304847
2015,RS Bopara,Sunrisers Hyderabad,57,123.91,3,2,10.87,30.43,0.359947087,bat_death,17455333.73,0.036930945
2025,DL Chahar,Mumbai Indians,37,148,3,2,20,32,0.328138804,bat_death,97078750,0.003788559
2025,A Raghuvanshi,Kolkata Knight Riders,52,148.57,5,2,20,28.57,0.403251667,bat_death,31485000,0.021911356
2025,SB Dubey,Rajasthan Royals,77,208.11,3,7,27.03,21.62,0.66732019,bat_death,8396000,0.150077579
2020,NM Coulter-Nile,Mumbai Indians,25,166.67,4,0,26.67,33.33,0.405501495,bat_death,111149787.6,0.004303956
2017,MK Tiwary,Lucknow Super Giants,169,164.08,18,7,24.27,25.24,1.068285416,bat_death,7799001.048,0.260603705
2014,R Bhatia,Rajasthan Royals,39,169.57,4,2,26.09,34.78,0.484475351,bat_death,32929312.52,0.025573065
2025,JC Buttler,Gujarat Titans,97,210.87,9,6,32.61,17.39,0.794222338,bat_death,165296250,0.006527298
2022,PVD Chameera,Lucknow Super Giants,39,162.5,2,3,20.83,33.33,0.408569069,bat_death,24875569.02,0.028863918
2023,AM Rahane,Chennai Super Kings,33,366.67,3,3,66.67,11.11,1.051072561,bat_death,5915430.661,0.338853249
2022,JM Sharma,Punjab Kings,63,217.24,6,4,34.48,20.69,0.722819616,bat_death,2487556.902,0.555864709
2014,IK Pathan,Sunrisers Hyderabad,35,134.62,5,0,19.23,30.77,0.377133443,bat_death,46488441.21,0.012885479
2014,RG Sharma,Mumbai Indians,118,190.32,10,8,29.03,27.42,0.81805234,bat_death,36803349.29,0.040019374
2025,MJ Santner,Mumbai Indians,35,140,2,3,20,40,0.256654515,bat_death,20990000,0.020795891
2018,K Gowtham,Rajasthan Royals,91,227.5,6,7,32.5,27.5,0.734918039,bat_death,92525462.11,0.012559571
2022,Ishan Kishan,Mumbai Indians,34,226.67,5,1,40,6.67,0.756124828,bat_death,189676213.7,0.004953994
2022,M Shahrukh Khan,Punjab Kings,30,166.67,1,3,22.22,38.89,0.363853053,bat_death,2487556.902,0.278465871
2018,R Ashwin,Punjab Kings,68,158.14,4,4,18.6,25.58,0.499409786,bat_death,113418308.4,0.005755324
2018,KH Pandya,Mumbai Indians,101,177.19,9,6,26.32,26.32,0.665543323,bat_death,131326462.3,0.007032889
2018,RA Tripathi,Rajasthan Royals,31,172.22,1,2,16.67,16.67,0.450317034,bat_death,50739769.54,0.014351468
2014,SA Yadav,Kolkata Knight Riders,99,157.14,12,3,23.81,26.98,0.659792049,bat_death,13559128.69,0.090831241
2016,RR Pant,Delhi Capitals,27,180,2,2,26.67,40,0.367628401,bat_death,31091341.6,0.020020574
2014,KV Sharma,Sunrisers Hyderabad,33,137.5,1,2,12.5,20.83,0.401956457,bat_death,72638189.39,0.007928351
2014,SPD Smith,Rajasthan Royals,75,197.37,10,2,31.58,18.42,0.792174783,bat_death,77480735.35,0.016944897
2014,S Rana,Royal Challengers Bengaluru,46,143.75,5,0,15.63,21.88,0.465008446,bat_death,3874036.767,0.22802977
2018,SV Samson,Rajasthan Royals,68,261.54,3,8,42.31,30.77,0.738559658,bat_death,119387693,0.009182755
2022,SO Hetmyer,Rajasthan Royals,218,205.66,13,19,30.19,24.53,1.141695622,bat_death,105721168.3,0.018050166
2016,BCJ Cutting,Sunrisers Hyderabad,57,211.11,3,6,33.33,33.33,0.664203295,bat_death,8181932,0.153342712
2022,JD Unadkat,Mumbai Indians,55,177.42,4,3,22.58,29.03,0.518626987,bat_death,16169119.86,0.058949318
2020,SA Yadav,Mumbai Indians,47,235,5,3,40,20,0.773867769,bat_death,2778744.691,0.532645791
2018,MP Stoinis,Punjab Kings,64,148.84,5,2,16.28,27.91,0.446832237,bat_death,92525462.11,0.006574294
2018,HV Patel,Delhi Capitals,30,272.73,0,4,36.36,9.09,0.743505828,bat_death,2984692.326,0.476150799
2014,F du Plessis,Chennai Super Kings,52,185.71,5,3,28.57,21.43,0.662683408,bat_death,92008373.23,0.011136199
2015,D Wiese,Royal Challengers Bengaluru,83,153.7,10,3,24.07,33.33,0.566390516,bat_death,48874934.44,0.019567731
2020,TK Curran,Rajasthan Royals,42,200,3,3,28.57,19.05,0.629319193,bat_death,13893723.45,0.08436239
2018,Mandeep Singh,Royal Challengers Bengaluru,140,191.78,10,8,24.66,17.81,0.860647966,bat_death,20892846.28,0.07647748
2018,Mandeep Singh,Royal Challengers Bengaluru,140,191.78,10,8,24.66,17.81,0.860647966,bat_death,2984692.326,0.551596977
2020,Abdul Samad,Sunrisers Hyderabad,73,165.91,5,4,20.45,29.55,0.54054705,bat_death,2778744.691,0.371236576
2025,A Manohar,Sunrisers Hyderabad,31,147.62,2,2,19.05,38.1,0.263329201,bat_death,33584000,0.01236357
2024,Arshad Khan,Lucknow Super Giants,46,176.92,3,3,23.08,23.08,0.470371397,bat_death,2217593.5,0.405030249
2022,A Badoni,Lucknow Super Giants,84,168,5,5,20,24,0.607147656,bat_death,2487556.902,0.466476809
2025,Ishan Kishan,Sunrisers Hyderabad,82,221.62,7,5,32.43,16.22,0.766712414,bat_death,118068750,0.009773961
2022,RK Singh,Kolkata Knight Riders,99,202.04,11,5,32.65,22.45,0.788202046,bat_death,6840781.479,0.218781602
2022,RK Singh,Kolkata Knight Riders,99,202.04,11,5,32.65,22.45,0.788202046,bat_death,2487556.902,0.606390334
2025,DA Miller,Lucknow Super Giants,73,137.74,5,3,15.09,22.64,0.473496832,bat_death,78712500,0.008854603
2015,CH Morris,Rajasthan Royals,76,180.95,3,5,19.05,11.9,0.730340689,bat_death,24437467.22,0.054741286
2023,Tilak Varma,Mumbai Indians,87,212.2,8,6,34.15,31.71,0.701824745,bat_death,2366172.265,0.567463022
2019,R Parag,Rajasthan Royals,59,203.45,5,4,31.03,24.14,0.668016984,bat_death,2888505.106,0.441858723
2023,RR Rossouw,Delhi Capitals,40,250,3,3,37.5,12.5,0.746688391,bat_death,54421962.09,0.023665679
2016,Sachin Baby,Royal Challengers Bengaluru,73,192.11,6,4,26.32,23.68,0.72828923,bat_death,1636386.4,0.852833597
2015,AD Mathews,Delhi Capitals,104,179.31,9,5,24.14,20.69,0.797611171,bat_death,130915003,0.009002747
2025,Abdul Samad,Lucknow Super Giants,77,179.07,4,6,23.26,18.6,0.620336063,bat_death,44079000,0.024344117
2025,KL Rahul,Delhi Capitals,64,200,6,4,31.25,15.63,0.665879961,bat_death,146930000,0.006002722
2022,N Rana,Kolkata Knight Riders,42,190.91,2,4,27.27,27.27,0.536150025,bat_death,99502276.06,0.007648923
2022,R Shepherd,Sunrisers Hyderabad,33,194.12,2,3,29.41,29.41,0.512662792,bat_death,96392829.94,0.00751466
2022,N Pooran,Sunrisers Hyderabad,109,187.93,8,8,27.59,27.59,0.739344438,bat_death,133706183.5,0.007920548
2019,CA Ingram,Delhi Capitals,53,151.43,6,2,22.86,34.29,0.442300772,bat_death,92432163.39,0.006489424
2016,STR Binny,Royal Challengers Bengaluru,35,184.21,2,3,26.32,31.58,0.4809829,bat_death,32727728,0.025542133
2018,YK Pathan,Sunrisers Hyderabad,133,162.2,10,8,21.95,32.93,0.68411586,bat_death,28354577.1,0.043670834
2016,KK Nair,Delhi Capitals,43,195.45,2,4,27.27,27.27,0.583991086,bat_death,65455456,0.014441684
2021,MM Ali,Chennai Super Kings,55,211.54,4,4,30.77,19.23,0.756496402,bat_death,92828160.9,0.012956633
2024,PJ Cummins,Sunrisers Hyderabad,89,143.55,6,5,17.74,38.71,0.416864588,bat_death,227303333.8,0.000816334
2022,D Pretorius,Chennai Super Kings,34,154.55,3,2,22.73,31.82,0.396480101,bat_death,6218892.254,0.119846177
2015,SN Khan,Royal Challengers Bengaluru,64,177.78,8,1,25,16.67,0.668932734,bat_death,8727666.863,0.144626584
2025,Washington Sundar,Gujarat Titans,27,168.75,0,2,12.5,18.75,0.378421082,bat_death,33584000,0.018951302
2020,PJ Cummins,Kolkata Knight Riders,98,188.46,6,7,25,25,0.718327053,bat_death,215352713.5,0.003702927
2024,R Powell,Rajasthan Royals,80,181.82,8,5,29.55,40.91,0.508254284,bat_death,82050959.5,0.00919841
2018,BCJ Cutting,Mumbai Indians,90,187.5,5,8,27.08,35.42,0.593708662,bat_death,32831615.59,0.032052901
2022,Washington Sundar,Sunrisers Hyderabad,83,180.43,9,3,26.09,23.91,0.657771214,bat_death,108830614.4,0.008909328
2025,JP Inglis,Punjab Kings,26,162.5,5,0,31.25,25,0.410450974,bat_death,27287000,0.026206295
2018,SR Watson,Chennai Super Kings,31,182.35,5,0,29.41,17.65,0.515838765,bat_death,59693846.52,0.013902368
2016,R Bhatia,Lucknow Super Giants,33,173.68,1,2,15.79,15.79,0.521411085,bat_death,9818318.399,0.099377044
2013,DJG Sammy,Sunrisers Hyderabad,53,176.67,3,4,23.33,30,0.546178466,bat_death,52331263.46,0.01735395
2022,JO Holder,Lucknow Super Giants,48,184.62,0,6,23.08,30.77,0.502684928,bat_death,108830614.4,0.006169987
2023,SM Curran,Punjab Kings,111,194.74,8,8,28.07,26.32,0.760185721,bat_death,218870934.5,0.003967496
2022,UT Yadav,Kolkata Knight Riders,48,154.84,3,4,22.58,41.94,0.383016537,bat_death,24875569.02,0.026889293
2020,SO Hetmyer,Delhi Capitals,72,189.47,3,6,23.68,23.68,0.641849315,bat_death,107676356.8,0.008749625
2014,R Dhawan,Punjab Kings,54,135,5,1,15,30,0.408581222,bat_death,58110551.51,0.010806863
2024,DJ Mitchell,Chennai Super Kings,38,131.03,3,0,10.34,13.79,0.350745965,bat_death,155231545,0.001634363
2022,SA Yadav,Mumbai Indians,82,227.78,5,8,36.11,27.78,0.769612921,bat_death,6218892.254,0.23518462
2022,AR Patel,Delhi Capitals,107,194.55,7,7,25.45,16.36,0.797585524,bat_death,2487556.902,0.613641611
2022,Tilak Varma,Mumbai Indians,63,150,5,2,16.67,23.81,0.493193703,bat_death,2487556.902,0.378416534
2013,NLTC Perera,Sunrisers Hyderabad,117,160.27,5,8,17.81,26.03,0.714068788,bat_death,83114359.62,0.013806243
2014,DA Warner,Sunrisers Hyderabad,114,211.11,6,9,27.78,16.67,0.91853523,bat_death,106536011.1,0.013864734
2014,RV Uthappa,Kolkata Knight Riders,37,168.18,5,1,27.27,27.27,0.533853352,bat_death,96850919.19,0.007886896
2017,CR Woakes,Kolkata Knight Riders,32,110.34,2,1,10.34,37.93,0.241747591,bat_death,65511608.8,0.004384512
2025,JM Sharma,Royal Challengers Bengaluru,115,191.67,8,10,30,33.33,0.710950978,bat_death,115445000,0.009129166
2015,RG Sharma,Mumbai Indians,77,213.89,7,5,33.33,25,0.771521072,bat_death,5236600.118,0.280509675
2014,DJG Sammy,Sunrisers Hyderabad,59,140.48,3,4,16.67,30.95,0.439127777,bat_death,67795643.43,0.009742143
2023,SA Yadav,Mumbai Indians,76,253.33,8,5,43.33,16.67,0.869526321,bat_death,2366172.265,0.7037061
2022,R Powell,Delhi Capitals,113,235.42,5,13,37.5,31.25,0.867654874,bat_death,34825796.62,0.04518363
2018,N Rana,Kolkata Knight Riders,47,174.07,5,2,25.93,22.22,0.510384752,bat_death,50739769.54,0.016627175
2021,CH Morris,Rajasthan Royals,64,156.1,2,5,17.07,31.71,0.564702498,bat_death,215493944.9,0.002328319
2014,MK Tiwary,Delhi Capitals,71,165.12,8,2,23.26,23.26,0.6221045,bat_death,54236514.74,0.019340219
2014,YK Pathan,Kolkata Knight Riders,49,148.48,4,1,15.15,9.09,0.566986837,bat_death,62953097.47,0.014604185
2022,R Parag,Rajasthan Royals,120,151.9,8,7,18.99,29.11,0.656170125,bat_death,47263581.13,0.023978742
2018,JC Buttler,Rajasthan Royals,83,159.62,5,5,19.23,32.69,0.508660875,bat_death,65663231.17,0.012182099
2014,WP Saha,Punjab Kings,80,210.53,7,5,31.58,23.68,0.800495843,bat_death,42614404.44,0.033400801
2023,HC Brook,Sunrisers Hyderabad,29,145,3,0,15,10,0.456387836,bat_death,156758912.5,0.002887513
2020,CH Morris,Royal Challengers Bengaluru,34,178.95,2,3,26.32,36.84,0.432782152,bat_death,138937234.5,0.003278795
2014,GJ Bailey,Punjab Kings,188,191.84,15,10,25.51,17.35,1.060003164,bat_death,62953097.47,0.029658738
2014,NV Ojha,Sunrisers Hyderabad,82,200,5,6,26.83,24.39,0.746941123,bat_death,9685091.919,0.145544852
2017,Basil Thampi,Gujarat Titans,28,100,1,1,7.14,32.14,0.231373167,bat_death,13258301.78,0.030837517
2024,Sameer Rizvi,Chennai Super Kings,29,207.14,3,2,35.71,35.71,0.459049553,bat_death,93138927,0.006765304
2016,NLTC Perera,Lucknow Super Giants,93,189.8,4,8,24.49,26.53,0.773333882,bat_death,16363864,0.088136695
2025,SE Rutherford,Gujarat Titans,97,159.02,7,6,21.31,31.15,0.567246939,bat_death,27287000,0.037252237
2022,R Dhawan,Punjab Kings,32,168.42,4,2,31.58,47.37,0.372554026,bat_death,6840781.479,0.101981382
2014,BJ Hodge,Rajasthan Royals,70,175,4,5,22.5,35,0.557964122,bat_death,46488441.21,0.020362882
2015,EJG Morgan,Sunrisers Hyderabad,46,200,3,3,26.09,21.74,0.608822814,bat_death,26183000.59,0.041989626
2025,R Shepherd,Royal Challengers Bengaluru,70,318.18,5,7,54.55,18.18,0.976580809,bat_death,15742500,0.116540832
2017,SA Yadav,Kolkata Knight Riders,39,139.29,3,2,17.86,28.57,0.418185007,bat_death,1559800.21,0.51266566
2020,SM Curran,Chennai Super Kings,67,163.41,5,4,21.95,29.27,0.527486188,bat_death,76415478.99,0.010560363
2025,V Nigam,Delhi Capitals,57,178.13,6,4,31.25,37.5,0.465118999,bat_death,5247500,0.167677442
2016,SV Samson,Delhi Capitals,30,187.5,0,3,18.75,18.75,0.533814641,bat_death,68728228.8,0.012221557
2014,RN ten Doeschate,Kolkata Knight Riders,46,191.67,2,4,25,20.83,0.640853046,bat_death,19370183.84,0.060889617
2022,R Tewatia,Gujarat Titans,158,179.55,16,8,27.27,27.27,0.876961941,bat_death,111940060.6,0.012350686
2015,HH Pandya,Mumbai Indians,85,242.86,7,7,40,22.86,0.910498952,bat_death,1745533.373,1
2022,F du Plessis,Royal Challengers Bengaluru,48,165.52,6,0,20.69,17.24,0.531864229,bat_death,87064491.56,0.009034014
2025,Aniket Verma,Sunrisers Hyderabad,57,178.13,4,4,25,25,0.51620469,bat_death,3148500,0.31245875
2024,Naman Dhir,Mumbai Indians,49,272.22,2,5,38.89,11.11,0.818628904,bat_death,2217593.5,0.70691572
2024,T Stubbs,Delhi Capitals,223,301.35,16,18,45.95,1.35,1.526394208,bat_death,5543983.75,0.526550108
2022,RA Tripathi,Sunrisers Hyderabad,27,337.5,3,2,62.5,12.5,1.016749017,bat_death,105721168.3,0.015778282
2016,JC Buttler,Mumbai Indians,69,176.92,6,4,25.64,30.77,0.610697725,bat_death,62182683.2,0.016169964
2014,MG Johnson,Punjab Kings,56,112,4,3,14,46,0.247853875,bat_death,125906194.9,0.001075082
2022,AK Markram,Sunrisers Hyderabad,90,209.3,6,6,27.91,11.63,0.810452949,bat_death,32338239.72,0.045467381
2016,KH Pandya,Mumbai Indians,50,166.67,5,1,20,20,0.564520176,bat_death,32727728,0.030448817
2018,S Gopal,Rajasthan Royals,37,112.12,4,0,12.12,30.3,0.267083899,bat_death,2984692.326,0.169308069
2022,DA Miller,Gujarat Titans,174,175.76,15,8,23.23,22.22,0.928036435,bat_death,37313353.52,0.045101521
2020,EJG Morgan,Kolkata Knight Riders,170,220.78,11,13,31.17,16.88,1.09247581,bat_death,72942048.13,0.02608195
2014,JP Duminy,Delhi Capitals,190,226.19,16,13,34.52,14.29,1.221762926,bat_death,42614404.44,0.052403914
2022,Shahbaz Ahmed,Royal Challengers Bengaluru,43,172,3,3,24,32,0.461754495,bat_death,29850682.82,0.027026759
2018,Shubman Gill,Kolkata Knight Riders,60,157.89,8,1,23.68,21.05,0.523350813,bat_death,26862230.93,0.034742852
2018,TG Southee,Royal Challengers Bengaluru,44,141.94,5,1,19.35,41.94,0.29725374,bat_death,14923461.63,0.035580549
2016,AJ Finch,Gujarat Titans,53,143.24,4,1,13.51,24.32,0.44756994,bat_death,16363864,0.04986825
2013,MS Gony,Punjab Kings,36,200,2,3,27.78,33.33,0.536128868,bat_death,61566192.31,0.014030709
2014,Shakib Al Hasan,Kolkata Knight Riders,105,175,13,2,25,15,0.805112441,bat_death,54236514.74,0.025826591
2017,DT Christian,Lucknow Super Giants,75,159.57,4,5,19.15,31.91,0.590880609,bat_death,15598002.1,0.070111527
2025,M Jansen,Punjab Kings,55,119.57,2,3,10.87,26.09,0.338785227,bat_death,73465000,0.006155671
2018,F du Plessis,Chennai Super Kings,28,311.11,3,2,55.56,0,0.939237328,bat_death,23877538.61,0.072906158
2025,RR Pant,Lucknow Super Giants,70,189.19,3,7,27.03,37.84,0.50756937,bat_death,283365000,0.000734182
2022,R Ashwin,Rajasthan Royals,73,182.5,6,3,22.5,12.5,0.676509625,bat_death,62188922.54,0.01820237
2022,RD Chahar,Punjab Kings,71,129.09,7,4,20,49.09,0.354559888,bat_death,65298368.67,0.007728745
2020,RA Tripathi,Kolkata Knight Riders,45,204.55,5,3,36.36,40.91,0.548393239,bat_death,8336234.072,0.123748765
2022,K Rabada,Punjab Kings,42,168,5,2,28,36,0.448908062,bat_death,115049506.7,0.004791503
2022,A Manohar,Gujarat Titans,37,160.87,5,1,26.09,30.43,0.442031374,bat_death,32338239.72,0.023566966
2018,Rashid Khan,Sunrisers Hyderabad,53,240.91,3,6,40.91,36.36,0.615775579,bat_death,134311154.7,0.006104106
2024,RK Singh,Kolkata Knight Riders,76,194.87,6,5,28.21,28.21,0.593927656,bat_death,2217593.5,0.512134443
2025,KH Pandya,Royal Challengers Bengaluru,31,129.17,5,0,20.83,37.5,0.244199813,bat_death,60346250,0.005069807
2013,JP Faulkner,Rajasthan Royals,40,129.03,3,2,16.13,38.71,0.325568566,bat_death,49252953.85,0.009997629
2022,MR Marsh,Delhi Capitals,27,168.75,4,1,31.25,31.25,0.446516583,bat_death,80845599.3,0.007907972
2018,C de Grandhomme,Royal Challengers Bengaluru,96,184.62,2,9,21.15,25,0.647442372,bat_death,32831615.59,0.035199042
2017,CJ Anderson,Delhi Capitals,76,217.14,4,7,31.43,17.14,0.848885187,bat_death,15598002.1,0.101908231
2020,PK Garg,Sunrisers Hyderabad,55,183.33,6,2,26.67,26.67,0.574738203,bat_death,26398074.56,0.039143405
2023,N Pooran,Lucknow Super Giants,130,185.71,11,7,25.71,21.43,0.828993108,bat_death,189293781.2,0.005709466
2019,SN Khan,Punjab Kings,35,166.67,3,1,19.05,23.81,0.48160674,bat_death,3610631.383,0.253699781
2016,DS Kulkarni,Gujarat Titans,25,192.31,3,0,23.08,15.38,0.576904524,bat_death,32727728,0.03117623
2014,VR Aaron,Royal Challengers Bengaluru,34,121.43,2,1,10.71,32.14,0.280698816,bat_death,38740367.67,0.011219274
2022,LS Livingstone,Punjab Kings,66,212.9,5,5,32.26,22.58,0.70249122,bat_death,143034521.8,0.006732021
2022,OF Smith,Punjab Kings,46,143.75,1,5,18.75,50,0.292027516,bat_death,74626707.05,0.004813241
2023,Sikandar Raza,Punjab Kings,34,125.93,2,1,11.11,37.04,0.251187568,bat_death,5915430.661,0.078918198
2022,KH Pandya,Lucknow Super Giants,56,151.35,4,1,13.51,18.92,0.485479709,bat_death,102611722.2,0.006385794
2018,R Tewatia,Delhi Capitals,32,152.38,4,1,23.81,23.81,0.407613558,bat_death,44770384.89,0.014792647
2023,H Klaasen,Sunrisers Hyderabad,109,178.69,8,6,22.95,18.03,0.758092539,bat_death,62112021.95,0.020753178
2016,KD Karthik,Gujarat Titans,54,192.86,8,1,32.14,25,0.670764303,bat_death,37636887.2,0.03155031
2014,DS Kulkarni,Rajasthan Royals,32,168.42,1,2,15.79,15.79,0.524369657,bat_death,21307202.22,0.044598919
2017,PJ Cummins,Delhi Capitals,47,162.07,3,2,17.24,20.69,0.542367073,bat_death,70191009.43,0.012144626
2025,TH David,Royal Challengers Bengaluru,126,206.56,9,11,32.79,34.43,0.78016403,bat_death,31485000,0.044923673
2021,KS Bharat,Royal Challengers Bengaluru,26,200,0,2,15.38,15.38,0.573878556,bat_death,2652233.169,0.413232115
2018,KD Karthik,Kolkata Knight Riders,185,186.87,20,9,29.29,25.25,0.971282144,bat_death,110433616.1,0.014197945
2014,CM Gautam,Mumbai Indians,32,123.08,6,0,23.08,38.46,0.315544216,bat_death,3874036.767,0.153865079
2015,J Suchith,Mumbai Indians,32,168.42,2,1,15.79,10.53,0.523482296,bat_death,1745533.373,0.573788501
2018,Abhishek Sharma,Delhi Capitals,57,228,2,5,28,4,0.752854284,bat_death,2984692.326,0.482171735
2016,P Negi,Delhi Capitals,32,123.08,2,1,11.54,23.08,0.308820132,bat_death,139092844,0.001558898
2018,KK Nair,Punjab Kings,58,214.81,5,4,33.33,25.93,0.621285571,bat_death,83571385.13,0.011581724
2022,TH David,Mumbai Indians,114,247.83,4,13,36.96,23.91,0.931979579,bat_death,102611722.2,0.014750449
2018,Shakib Al Hasan,Sunrisers Hyderabad,52,162.5,6,2,25,37.5,0.408609027,bat_death,29846923.26,0.023607635
2018,Shakib Al Hasan,Sunrisers Hyderabad,52,162.5,6,2,25,37.5,0.408609027,bat_death,2984692.326,0.260458275
2018,CR Brathwaite,Sunrisers Hyderabad,69,197.14,1,8,25.71,31.43,0.56072123,bat_death,29846923.26,0.033404523
2016,SR Watson,Royal Challengers Bengaluru,49,196,4,4,32,36,0.563508245,bat_death,155456708,0.004258999
2016,CR Brathwaite,Delhi Capitals,62,229.63,6,5,40.74,25.93,0.834330083,bat_death,68728228.8,0.020626898
2022,SN Thakur,Delhi Capitals,69,150,3,5,17.39,32.61,0.466046574,bat_death,133706183.5,0.003991309
2025,VR Iyer,Kolkata Knight Riders,42,280,6,2,53.33,6.67,0.882436915,bat_death,249256250,0.004096417
2022,MK Lomror,Royal Challengers Bengaluru,36,171.43,3,2,23.81,23.81,0.483972918,bat_death,11815895.28,0.076027757
2022,DA Warner,Delhi Capitals,27,168.75,5,0,31.25,37.5,0.411389833,bat_death,77736153.18,0.007464018
2022,HV Patel,Royal Challengers Bengaluru,34,121.43,3,2,17.86,46.43,0.229467228,bat_death,133706183.5,0.000589978
