season,player,team,runs,balls,strike_rate,fours,sixes,boundary_pct,dot_balls,dot_pct
2021,S Dube,Rajasthan Royals,170,130,130.77,16,7,17.69,44,33.85
2022,Mohsin Khan,Lucknow Super Giants,1,3,33.33,0,0,0.00,2,66.67
2013,LJ Wright,Lucknow Super Giants,25,20,125.00,4,0,20.00,7,35.00
2024,A Raghuvanshi,Kolkata Knight Riders,74,46,160.87,6,4,21.74,10,21.74
2015,R Dhawan,Punjab Kings,13,12,108.33,2,0,16.67,6,50.00
2015,RR Rossouw,Royal Challengers Bengaluru,0,1,0.00,0,0,0.00,1,100.00
2013,MK Tiwary,Kolkata Knight Riders,95,98,96.94,8,1,9.18,38,38.78
2013,V Kohli,Royal Challengers Bengaluru,356,250,142.40,28,13,16.40,70,28.00
2014,YV Takawale,Royal Challengers Bengaluru,26,18,144.44,2,1,16.67,4,22.22
2023,Vivrant Sharma,Sunrisers Hyderabad,40,21,190.48,4,2,28.57,4,19.05
2017,S Dhawan,Sunrisers Hyderabad,155,130,119.23,13,1,10.77,28,21.54
2022,Lalit Yadav,Delhi Capitals,113,93,121.51,7,5,12.90,33,35.48
2017,P Negi,Royal Challengers Bengaluru,61,56,108.93,5,2,12.50,20,35.71
2023,SS Prabhudessai,Royal Challengers Bengaluru,16,16,100.00,1,0,6.25,6,37.50
2023,K Gowtham,Lucknow Super Giants,25,16,156.25,1,2,18.75,4,25.00
2022,DJ Mitchell,Rajasthan Royals,29,36,80.56,1,0,2.78,11,30.56
2023,Shahbaz Ahmed,Royal Challengers Bengaluru,15,16,93.75,0,1,6.25,4,25.00
2023,DA Warner,Delhi Capitals,172,142,121.13,15,3,12.68,39,27.46
2023,V Kohli,Royal Challengers Bengaluru,249,177,140.68,18,8,14.69,35,19.77
2019,KM Jadhav,Chennai Super Kings,96,92,104.35,11,1,13.04,37,40.22
2013,SP Narine,Kolkata Knight Riders,0,1,0.00,0,0,0.00,1,100.00
2020,JD Unadkat,Rajasthan Royals,4,5,80.00,0,0,0.00,1,20.00
2021,SN Thakur,Chennai Super Kings,0,1,0.00,0,0,0.00,1,100.00
2021,Harpreet Brar,Punjab Kings,10,12,83.33,0,0,0.00,3,25.00
2020,CH Gayle,Punjab Kings,135,115,117.39,5,9,12.17,44,38.26
2021,RG Sharma,Mumbai Indians,94,69,136.23,6,4,14.49,18,26.09
2018,TA Boult,Delhi Capitals,0,2,0.00,0,0,0.00,2,100.00
2021,PK Garg,Sunrisers Hyderabad,69,65,106.15,2,3,7.69,20,30.77
2015,KS Williamson,Sunrisers Hyderabad,10,13,76.92,0,0,0.00,3,23.08
2014,Yuvraj Singh,Royal Challengers Bengaluru,240,191,125.65,17,14,16.23,77,40.31
2020,M Vijay,Chennai Super Kings,0,1,0.00,0,0,0.00,1,100.00
2021,DA Miller,Rajasthan Royals,74,63,117.46,7,2,14.29,21,33.33
2023,AR Patel,Delhi Capitals,147,119,123.53,13,6,15.97,43,36.13
2023,SV Samson,Rajasthan Royals,238,153,155.56,10,19,18.95,46,30.07
2020,KD Karthik,Kolkata Knight Riders,59,56,105.36,5,1,10.71,22,39.29
2013,DR Smith,Mumbai Indians,180,116,155.17,15,10,21.55,37,31.90
2021,KA Jamieson,Royal Challengers Bengaluru,20,25,80.00,1,1,8.00,13,52.00
2018,B Kumar,Sunrisers Hyderabad,2,3,66.67,0,0,0.00,1,33.33
2023,Washington Sundar,Sunrisers Hyderabad,18,33,54.55,0,0,0.00,16,48.48
2016,CA Lynn,Kolkata Knight Riders,0,1,0.00,0,0,0.00,1,100.00
2020,CJ Jordan,Punjab Kings,7,11,63.64,0,0,0.00,7,63.64
2016,AM Rahane,Lucknow Super Giants,219,153,143.14,19,4,15.03,29,18.95
2016,Bipul Sharma,Sunrisers Hyderabad,1,1,100.00,0,0,0.00,0,0.00
2019,HH Pandya,Mumbai Indians,137,92,148.91,9,8,18.48,29,31.52
2024,Noor Ahmad,Gujarat Titans,1,4,25.00,0,0,0.00,3,75.00
2013,KK Nair,Royal Challengers Bengaluru,0,4,0.00,0,0,0.00,4,100.00
2014,DW Steyn,Sunrisers Hyderabad,5,7,71.43,0,0,0.00,3,42.86
2014,MA Starc,Royal Challengers Bengaluru,41,41,100.00,4,0,9.76,15,36.59
2014,AJ Finch,Sunrisers Hyderabad,98,78,125.64,7,3,12.82,23,29.49
2016,Yuvraj Singh,Sunrisers Hyderabad,182,143,127.27,16,10,18.18,64,44.76
2013,G Gambhir,Kolkata Knight Riders,110,108,101.85,7,2,8.33,36,33.33
2015,Karanveer Singh,Punjab Kings,4,7,57.14,0,0,0.00,4,57.14
2014,R Rampaul,Royal Challengers Bengaluru,13,13,100.00,0,1,7.69,6,46.15
2018,Washington Sundar,Royal Challengers Bengaluru,13,16,81.25,1,0,6.25,8,50.00
2016,JO Holder,Kolkata Knight Riders,1,1,100.00,0,0,0.00,0,0.00
2014,M Manhas,Chennai Super Kings,10,10,100.00,1,0,10.00,4,40.00
2013,MC Henriques,Royal Challengers Bengaluru,68,73,93.15,5,1,8.22,29,39.73
2025,S Dube,Chennai Super Kings,258,198,130.30,13,16,14.65,67,33.84
2019,JC Buttler,Rajasthan Royals,134,73,183.56,13,8,28.77,21,28.77
2021,N Pooran,Punjab Kings,58,53,109.43,1,4,9.43,21,39.62
2022,PWH de Silva,Royal Challengers Bengaluru,25,32,78.13,2,1,9.38,18,56.25
2020,DA Warner,Sunrisers Hyderabad,209,150,139.33,12,7,12.67,33,22.00
2021,LS Livingstone,Rajasthan Royals,35,31,112.90,2,1,9.68,7,22.58
2017,HH Pandya,Mumbai Indians,90,69,130.43,3,7,14.49,28,40.58
2013,DB Das,Kolkata Knight Riders,60,58,103.45,3,5,13.79,31,53.45
2013,CH Gayle,Royal Challengers Bengaluru,298,176,169.32,18,23,23.30,55,31.25
2018,AR Patel,Punjab Kings,68,57,119.30,3,3,10.53,13,22.81
2023,JM Sharma,Punjab Kings,204,132,154.55,15,13,21.21,46,34.85
2018,JC Archer,Rajasthan Royals,0,1,0.00,0,0,0.00,1,100.00
2017,KV Sharma,Mumbai Indians,23,26,88.46,1,1,7.69,12,46.15
2023,PWH de Silva,Royal Challengers Bengaluru,5,3,166.67,0,0,0.00,0,0.00
2014,Q de Kock,Delhi Capitals,25,21,119.05,3,0,14.29,5,23.81
2018,SW Billings,Chennai Super Kings,41,36,113.89,2,2,11.11,14,38.89
2013,CH Morris,Chennai Super Kings,1,5,20.00,0,0,0.00,4,80.00
2025,M Shahrukh Khan,Gujarat Titans,113,60,188.33,9,8,28.33,15,25.00
2024,Mohammad Nabi,Mumbai Indians,1,2,50.00,0,0,0.00,1,50.00
2016,TG Southee,Mumbai Indians,3,4,75.00,0,0,0.00,1,25.00
2013,R Vinay Kumar,Royal Challengers Bengaluru,8,5,160.00,1,0,20.00,1,20.00
2019,AM Rahane,Rajasthan Royals,129,83,155.42,10,4,16.87,17,20.48
2023,BA Stokes,Chennai Super Kings,7,7,100.00,1,0,14.29,3,42.86
2023,Lalit Yadav,Delhi Capitals,40,29,137.93,5,0,17.24,7,24.14
2013,S Badrinath,Chennai Super Kings,100,91,109.89,8,0,8.79,25,27.47
2018,CA Lynn,Kolkata Knight Riders,175,135,129.63,14,6,14.81,43,31.85
2013,SPD Smith,Lucknow Super Giants,90,85,105.88,10,0,11.76,33,38.82
2013,AB Agarkar,Delhi Capitals,3,7,42.86,0,0,0.00,4,57.14
2015,Gurkeerat Singh,Punjab Kings,17,22,77.27,2,0,9.09,11,50.00
2023,TH David,Mumbai Indians,65,61,106.56,2,2,6.56,17,27.87
2018,MM Sharma,Punjab Kings,3,5,60.00,0,0,0.00,2,40.00
2015,KL Rahul,Sunrisers Hyderabad,96,83,115.66,5,3,9.64,26,31.33
2025,Dhruv Jurel,Rajasthan Royals,168,127,132.28,9,11,15.75,45,35.43
2022,AS Roy,Kolkata Knight Riders,0,2,0.00,0,0,0.00,2,100.00
2017,KA Pollard,Mumbai Indians,262,185,141.62,18,15,17.84,53,28.65
2021,FA Allen,Punjab Kings,5,8,62.50,0,0,0.00,4,50.00
2016,MP Stoinis,Punjab Kings,58,44,131.82,3,2,11.36,11,25.00
2019,SE Rutherford,Delhi Capitals,26,30,86.67,0,2,6.67,16,53.33
2020,JDS Neesham,Punjab Kings,7,7,100.00,0,0,0.00,2,28.57
2017,YK Pathan,Kolkata Knight Riders,83,76,109.21,3,4,9.21,30,39.47
2021,PWH de Silva,Royal Challengers Bengaluru,0,1,0.00,0,0,0.00,1,100.00
2021,Rashid Khan,Sunrisers Hyderabad,6,4,150.00,1,0,25.00,1,25.00
2022,Kartik Tyagi,Sunrisers Hyderabad,0,1,0.00,0,0,0.00,1,100.00
2021,NT Ellis,Punjab Kings,1,2,50.00,0,0,0.00,1,50.00
2025,LS Livingstone,Royal Challengers Bengaluru,71,61,116.39,2,4,9.84,20,32.79
2017,JC Buttler,Mumbai Indians,48,34,141.18,1,4,14.71,8,23.53
2016,JJ Bumrah,Mumbai Indians,6,6,100.00,1,0,16.67,3,50.00
2013,DT Christian,Royal Challengers Bengaluru,3,10,30.00,0,0,0.00,7,70.00
2019,BA Stokes,Rajasthan Royals,59,55,107.27,3,1,7.27,19,34.55
2013,KB Arun Karthik,Royal Challengers Bengaluru,19,14,135.71,1,1,14.29,5,35.71
2024,MM Sharma,Gujarat Titans,2,14,14.29,0,0,0.00,11,78.57
2019,SM Curran,Punjab Kings,10,16,62.50,1,0,6.25,10,62.50
2025,R Sai Kishore,Gujarat Titans,1,3,33.33,0,0,0.00,2,66.67
2018,NV Ojha,Delhi Capitals,1,3,33.33,0,0,0.00,1,33.33
2022,VR Iyer,Kolkata Knight Riders,49,39,125.64,4,1,12.82,10,25.64
2017,STR Binny,Royal Challengers Bengaluru,36,48,75.00,2,1,6.25,23,47.92
2017,CR Brathwaite,Delhi Capitals,12,15,80.00,2,0,13.33,9,60.00
2020,Ishan Kishan,Mumbai Indians,298,190,156.84,15,18,17.37,41,21.58
2018,MJ McClenaghan,Mumbai Indians,0,2,0.00,0,0,0.00,2,100.00
2022,Harshit Rana,Kolkata Knight Riders,2,1,200.00,0,0,0.00,0,0.00
2025,Shashank Singh,Punjab Kings,146,125,116.80,6,7,10.40,35,28.00
2020,MP Stoinis,Delhi Capitals,178,124,143.55,12,9,16.94,33,26.61
2025,R Parag,Rajasthan Royals,245,152,161.18,17,15,21.05,44,28.95
2017,AB de Villiers,Royal Challengers Bengaluru,81,75,108.00,2,5,9.33,22,29.33
2018,P Negi,Royal Challengers Bengaluru,3,4,75.00,0,0,0.00,1,25.00
2014,KK Nair,Rajasthan Royals,147,99,148.48,16,4,20.20,28,28.28
2023,YBK Jaiswal,Rajasthan Royals,184,131,140.46,18,7,19.08,35,26.72
2023,WP Saha,Gujarat Titans,75,58,129.31,8,0,13.79,12,20.69
2025,MK Pandey,Kolkata Knight Riders,74,53,139.62,4,4,15.09,15,28.30
2017,RV Uthappa,Kolkata Knight Riders,247,130,190.00,19,17,27.69,26,20.00
2022,Q de Kock,Lucknow Super Giants,177,120,147.50,16,6,18.33,30,25.00
2014,CA Lynn,Kolkata Knight Riders,26,24,108.33,2,1,12.50,9,37.50
2016,JP Duminy,Delhi Capitals,127,107,118.69,8,2,9.35,22,20.56
2022,Kuldeep Yadav,Delhi Capitals,5,17,29.41,0,0,0.00,11,64.71
2017,BA Stokes,Lucknow Super Giants,247,168,147.02,17,12,17.26,46,27.38
2015,KD Karthik,Royal Challengers Bengaluru,92,80,115.00,10,2,15.00,30,37.50
2015,Yuvraj Singh,Delhi Capitals,176,158,111.39,14,7,13.29,66,41.77
2015,PA Patel,Mumbai Indians,93,59,157.63,10,3,22.03,15,25.42
2016,MS Dhoni,Lucknow Super Giants,106,108,98.15,4,4,7.41,40,37.04
2013,OA Shah,Rajasthan Royals,13,11,118.18,1,0,9.09,1,9.09
2018,KL Rahul,Punjab Kings,156,122,127.87,9,6,12.30,32,26.23
2016,CH Morris,Delhi Capitals,70,43,162.79,5,5,23.26,14,32.56
2019,M Vijay,Chennai Super Kings,20,30,66.67,0,0,0.00,12,40.00
2019,AR Patel,Delhi Capitals,29,36,80.56,2,0,5.56,16,44.44
2013,KV Sharma,Sunrisers Hyderabad,44,45,97.78,4,1,11.11,21,46.67
2015,SR Watson,Rajasthan Royals,129,75,172.00,9,8,22.67,17,22.67
2014,Ankit Sharma,Rajasthan Royals,6,6,100.00,0,0,0.00,2,33.33
2022,Shivam Mavi,Kolkata Knight Riders,3,6,50.00,0,0,0.00,3,50.00
2025,Sameer Rizvi,Delhi Capitals,75,50,150.00,6,4,20.00,13,26.00
2022,Shashank Singh,Sunrisers Hyderabad,27,24,112.50,2,1,12.50,9,37.50
2015,NM Coulter-Nile,Delhi Capitals,8,10,80.00,2,0,20.00,8,80.00
2016,KA Pollard,Mumbai Indians,105,73,143.84,7,7,19.18,29,39.73
2020,S Dhawan,Delhi Capitals,255,173,147.40,23,4,15.61,27,15.61
2018,Yuvraj Singh,Punjab Kings,50,49,102.04,3,2,10.20,22,44.90
2013,M Morkel,Delhi Capitals,2,4,50.00,0,0,0.00,2,50.00
2018,Mohammed Siraj,Royal Challengers Bengaluru,5,7,71.43,1,0,14.29,4,57.14
2023,PBB Rajapaksa,Punjab Kings,34,33,103.03,3,0,9.09,10,30.30
2025,MP Stoinis,Punjab Kings,45,32,140.63,2,4,18.75,13,40.63
2024,UT Yadav,Gujarat Titans,2,4,50.00,0,0,0.00,2,50.00
2014,V Kohli,Royal Challengers Bengaluru,257,183,140.44,14,13,14.75,51,27.87
2020,SS Cottrell,Punjab Kings,0,1,0.00,0,0,0.00,1,100.00
2019,E Lewis,Mumbai Indians,19,20,95.00,1,1,10.00,9,45.00
2023,LS Livingstone,Punjab Kings,168,105,160.00,12,10,20.95,26,24.76
2025,RK Singh,Kolkata Knight Riders,103,85,121.18,7,4,12.94,31,36.47
2019,DA Miller,Punjab Kings,151,119,126.89,11,6,14.29,38,31.93
2025,Urvil Patel,Chennai Super Kings,17,7,242.86,2,1,42.86,1,14.29
2021,AR Patel,Delhi Capitals,14,21,66.67,1,0,4.76,10,47.62
2021,KH Pandya,Mumbai Indians,84,79,106.33,5,3,10.13,32,40.51
2023,DJ Hooda,Lucknow Super Giants,41,40,102.50,0,1,2.50,10,25.00
2024,Lalit Yadav,Delhi Capitals,7,8,87.50,1,0,12.50,4,50.00
2022,SN Khan,Delhi Capitals,31,29,106.90,2,0,6.90,7,24.14
2023,Shubman Gill,Gujarat Titans,401,242,165.70,24,21,18.60,44,18.18
2017,MP Stoinis,Punjab Kings,6,6,100.00,0,0,0.00,1,16.67
2019,RK Bhui,Sunrisers Hyderabad,7,12,58.33,0,0,0.00,7,58.33
2017,M Vohra,Punjab Kings,69,42,164.29,5,4,21.43,14,33.33
2024,Swapnil Singh,Royal Challengers Bengaluru,15,9,166.67,2,1,33.33,4,44.44
2013,CL White,Sunrisers Hyderabad,120,117,102.56,11,3,11.97,48,41.03
2022,RD Gaikwad,Chennai Super Kings,158,102,154.90,11,7,17.65,18,17.65
2024,WP Saha,Gujarat Titans,3,5,60.00,0,0,0.00,2,40.00
2025,Naman Dhir,Mumbai Indians,39,35,111.43,3,0,8.57,8,22.86
2014,BB McCullum,Chennai Super Kings,168,141,119.15,10,8,12.77,45,31.91
2018,CH Gayle,Punjab Kings,104,72,144.44,2,10,16.67,25,34.72
2025,MA Agarwal,Royal Challengers Bengaluru,59,33,178.79,7,1,24.24,6,18.18
2024,Tanush Kotian,Rajasthan Royals,5,6,83.33,0,0,0.00,2,33.33
2021,DJ Malan,Punjab Kings,23,22,104.55,1,1,9.09,8,36.36
2019,CH Morris,Delhi Capitals,19,18,105.56,1,1,11.11,8,44.44
2019,CA Lynn,Kolkata Knight Riders,112,73,153.42,5,8,17.81,19,26.03
2017,MN Samuels,Delhi Capitals,28,27,103.70,1,2,11.11,14,51.85
2015,YK Pathan,Kolkata Knight Riders,194,158,122.78,17,7,15.19,58,36.71
2024,KL Rahul,Lucknow Super Giants,219,145,151.03,18,6,16.55,29,20.00
2018,AJ Finch,Punjab Kings,94,67,140.30,3,6,13.43,15,22.39
2021,Shubman Gill,Kolkata Knight Riders,169,145,116.55,14,5,13.10,54,37.24
2019,B Kumar,Sunrisers Hyderabad,0,1,0.00,0,0,0.00,0,0.00
2013,DJ Hussey,Punjab Kings,152,146,104.11,10,4,9.59,52,35.62
2020,SN Khan,Punjab Kings,9,14,64.29,1,0,7.14,7,50.00
2017,Anureet Singh,Punjab Kings,1,1,100.00,0,0,0.00,0,0.00
2022,N Jagadeesan,Chennai Super Kings,31,26,119.23,3,1,15.38,9,34.62
2025,Rashid Khan,Gujarat Titans,12,8,150.00,1,1,25.00,4,50.00
2015,J Botha,Kolkata Knight Riders,4,3,133.33,1,0,33.33,1,33.33
2020,R Tewatia,Rajasthan Royals,96,99,96.97,5,3,8.08,40,40.40
2025,AK Markram,Lucknow Super Giants,146,100,146.00,6,9,15.00,25,25.00
2023,SP Narine,Kolkata Knight Riders,12,10,120.00,1,1,20.00,6,60.00
2014,R Tewatia,Rajasthan Royals,16,13,123.08,0,1,7.69,2,15.38
2023,RD Chahar,Punjab Kings,0,8,0.00,0,0,0.00,8,100.00
2017,EJG Morgan,Punjab Kings,37,32,115.63,4,1,15.63,11,34.38
2023,PD Salt,Delhi Capitals,66,41,160.98,6,3,21.95,9,21.95
2021,Q de Kock,Mumbai Indians,99,91,108.79,9,0,9.89,25,27.47
2020,AT Carey,Delhi Capitals,1,1,100.00,0,0,0.00,0,0.00
2020,S Gopal,Rajasthan Royals,16,25,64.00,0,0,0.00,10,40.00
2022,Mohammed Siraj,Royal Challengers Bengaluru,2,5,40.00,0,0,0.00,3,60.00
2024,Shahbaz Ahmed,Sunrisers Hyderabad,98,97,101.03,2,4,6.19,32,32.99
2013,LRPL Taylor,Lucknow Super Giants,54,64,84.38,1,1,3.13,26,40.63
2016,MJ McClenaghan,Mumbai Indians,28,17,164.71,1,3,23.53,7,41.18
2017,TS Mills,Royal Challengers Bengaluru,2,5,40.00,0,0,0.00,3,60.00
2016,NV Ojha,Sunrisers Hyderabad,71,71,100.00,2,4,8.45,32,45.07
2018,V Shankar,Delhi Capitals,100,84,119.05,7,3,11.90,25,29.76
2023,C Green,Mumbai Indians,179,119,150.42,9,12,17.65,35,29.41
2017,GJ Maxwell,Punjab Kings,272,141,192.91,17,24,29.08,37,26.24
2013,AP Tare,Mumbai Indians,41,27,151.85,4,1,18.52,7,25.93
2022,KD Karthik,Royal Challengers Bengaluru,88,68,129.41,8,3,16.18,23,33.82
2020,K Rabada,Delhi Capitals,4,11,36.36,0,0,0.00,7,63.64
2013,Iqbal Abdulla,Kolkata Knight Riders,4,6,66.67,0,0,0.00,2,33.33
2016,TM Head,Royal Challengers Bengaluru,13,15,86.67,0,1,6.67,7,46.67
2024,SP Narine,Kolkata Knight Riders,174,77,225.97,13,15,36.36,21,27.27
2025,B Kumar,Royal Challengers Bengaluru,8,13,61.54,1,0,7.69,8,61.54
2021,CJ Jordan,Punjab Kings,3,4,75.00,0,0,0.00,1,25.00
2021,SS Iyer,Delhi Capitals,100,91,109.89,3,3,6.59,22,24.18
2015,RS Bopara,Sunrisers Hyderabad,86,72,119.44,3,4,9.72,23,31.94
2022,M Theekshana,Chennai Super Kings,0,3,0.00,0,0,0.00,3,100.00
2024,MA Agarwal,Sunrisers Hyderabad,0,2,0.00,0,0,0.00,2,100.00
2018,M Markande,Mumbai Indians,3,7,42.86,0,0,0.00,5,71.43
2023,JC Buttler,Rajasthan Royals,162,108,150.00,12,7,17.59,24,22.22
2020,R Ashwin,Delhi Capitals,8,5,160.00,0,1,20.00,3,60.00
2016,V Kohli,Royal Challengers Bengaluru,443,281,157.65,35,16,18.15,50,17.79
2013,S Nadeem,Delhi Capitals,3,5,60.00,0,0,0.00,3,60.00
2022,KS Williamson,Sunrisers Hyderabad,86,65,132.31,3,5,12.31,17,26.15
2018,Kuldeep Yadav,Kolkata Knight Riders,2,9,22.22,0,0,0.00,7,77.78
2021,Ishan Kishan,Mumbai Indians,124,101,122.77,5,7,11.88,33,32.67
2021,AK Markram,Punjab Kings,120,95,126.32,10,3,13.68,24,25.26
2025,PD Salt,Royal Challengers Bengaluru,66,33,200.00,5,5,30.30,8,24.24
2016,G Gambhir,Kolkata Knight Riders,205,160,128.13,18,3,13.13,42,26.25
2019,RG Sharma,Mumbai Indians,119,88,135.23,13,4,19.32,31,35.23
2025,A Raghuvanshi,Kolkata Knight Riders,161,126,127.78,14,3,13.49,29,23.02
2022,KK Nair,Rajasthan Royals,13,13,100.00,1,0,7.69,2,15.38
2016,Q de Kock,Delhi Capitals,160,111,144.14,14,6,18.02,27,24.32
2025,SB Dubey,Rajasthan Royals,14,20,70.00,1,0,5.00,9,45.00
2014,SV Samson,Rajasthan Royals,179,133,134.59,10,8,13.53,36,27.07
2019,S Dhawan,Delhi Capitals,150,114,131.58,18,1,16.67,29,25.44
2023,KH Pandya,Lucknow Super Giants,133,114,116.67,8,5,11.40,39,34.21
2015,LMP Simmons,Mumbai Indians,230,172,133.72,18,11,16.86,64,37.21
2017,PP Chawla,Kolkata Knight Riders,2,5,40.00,0,0,0.00,3,60.00
2023,Rahmanullah Gurbaz,Kolkata Knight Riders,75,51,147.06,4,5,17.65,16,31.37
2021,VR Iyer,Kolkata Knight Riders,128,98,130.61,10,6,16.33,32,32.65
2025,XC Bartlett,Punjab Kings,11,15,73.33,1,0,6.67,7,46.67
2015,SPD Smith,Rajasthan Royals,173,133,130.08,18,2,15.04,38,28.57
2024,B Kumar,Sunrisers Hyderabad,13,17,76.47,3,0,17.65,13,76.47
2013,BMAJ Mendis,Delhi Capitals,20,20,100.00,0,0,0.00,4,20.00
2013,Mandeep Singh,Punjab Kings,61,49,124.49,6,0,12.24,11,22.45
2018,SK Raina,Chennai Super Kings,202,172,117.44,15,6,12.21,48,27.91
2023,JJ Roy,Kolkata Knight Riders,95,57,166.67,7,6,22.81,13,22.81
2024,TH David,Mumbai Indians,70,65,107.69,3,2,7.69,17,26.15
2016,SE Marsh,Punjab Kings,96,75,128.00,7,3,13.33,19,25.33
2024,Abishek Porel,Delhi Capitals,120,80,150.00,12,3,18.75,20,25.00
2014,DR Smith,Chennai Super Kings,189,122,154.92,10,15,20.49,41,33.61
2014,MS Dhoni,Chennai Super Kings,118,114,103.51,5,4,7.89,33,28.95
2024,H Klaasen,Sunrisers Hyderabad,293,194,151.03,9,22,15.98,54,27.84
2016,NS Naik,Punjab Kings,12,17,70.59,1,0,5.88,9,52.94
2022,PN Mankad,Punjab Kings,4,1,400.00,1,0,100.00,0,0.00
2019,K Gowtham,Rajasthan Royals,15,13,115.38,1,1,15.38,6,46.15
2016,KS Williamson,Sunrisers Hyderabad,91,81,112.35,10,0,12.35,18,22.22
2017,DL Chahar,Lucknow Super Giants,14,6,233.33,0,2,33.33,2,33.33
2020,N Rana,Kolkata Knight Riders,185,109,169.72,18,8,23.85,25,22.94
2024,N Rana,Kolkata Knight Riders,27,17,158.82,3,1,23.53,5,29.41
2023,GD Phillips,Sunrisers Hyderabad,8,7,114.29,0,1,14.29,4,57.14
2017,MK Tiwary,Lucknow Super Giants,122,101,120.79,10,3,12.87,29,28.71
2025,V Shankar,Chennai Super Kings,63,52,121.15,4,1,9.62,13,25.00
2013,PA Reddy,Sunrisers Hyderabad,19,22,86.36,2,0,9.09,9,40.91
2025,SM Curran,Chennai Super Kings,78,44,177.27,8,3,25.00,9,20.45
2020,HH Pandya,Mumbai Indians,82,66,124.24,3,7,15.15,29,43.94
2022,Avesh Khan,Lucknow Super Giants,12,4,300.00,0,2,50.00,2,50.00
2023,PK Garg,Delhi Capitals,12,9,133.33,1,0,11.11,1,11.11
2023,KM Asif,Rajasthan Royals,0,2,0.00,0,0,0.00,2,100.00
2016,KP Pietersen,Lucknow Super Giants,42,37,113.51,1,2,8.11,12,32.43
2016,A Ashish Reddy,Sunrisers Hyderabad,32,18,177.78,2,3,27.78,7,38.89
2024,MS Dhoni,Chennai Super Kings,7,4,175.00,1,0,25.00,1,25.00
2024,Tilak Varma,Mumbai Indians,311,190,163.68,32,12,23.16,47,24.74
2016,WP Saha,Punjab Kings,159,132,120.45,15,1,12.12,36,27.27
2023,R Parag,Rajasthan Royals,52,49,106.12,3,2,10.20,18,36.73
2024,J Fraser-McGurk,Delhi Capitals,38,26,146.15,1,3,15.38,10,38.46
2014,R Bhatia,Rajasthan Royals,28,30,93.33,0,1,3.33,8,26.67
2025,JC Buttler,Gujarat Titans,333,205,162.44,33,13,22.44,49,23.90
2015,KM Jadhav,Delhi Capitals,130,85,152.94,11,5,18.82,22,25.88
2022,PVD Chameera,Lucknow Super Giants,4,4,100.00,1,0,25.00,3,75.00
2014,PA Patel,Royal Challengers Bengaluru,48,42,114.29,5,0,11.90,10,23.81
2013,R Sathish,Punjab Kings,48,40,120.00,4,2,15.00,17,42.50
2023,AM Rahane,Chennai Super Kings,150,104,144.23,8,6,13.46,22,21.15
2022,JM Sharma,Punjab Kings,157,104,150.96,14,8,21.15,39,37.50
2014,IK Pathan,Sunrisers Hyderabad,20,28,71.43,0,0,0.00,10,35.71
2025,D Padikkal,Royal Challengers Bengaluru,141,97,145.36,12,7,19.59,29,29.90
2014,RG Sharma,Mumbai Indians,231,194,119.07,18,6,12.37,63,32.47
2013,B Chipli,Delhi Capitals,0,1,0.00,0,0,0.00,1,100.00
2020,KL Nagarkoti,Kolkata Knight Riders,7,15,46.67,0,0,0.00,9,60.00
2025,RM Patidar,Royal Challengers Bengaluru,226,150,150.67,18,10,18.67,39,26.00
2018,DA Miller,Punjab Kings,46,42,109.52,1,1,4.76,10,23.81
2020,AS Rajpoot,Rajasthan Royals,0,1,0.00,0,0,0.00,1,100.00
2014,TG Southee,Rajasthan Royals,4,4,100.00,1,0,25.00,3,75.00
2019,KL Rahul,Punjab Kings,238,168,141.67,15,7,13.10,33,19.64
2013,JA Morkel,Chennai Super Kings,21,22,95.45,1,1,9.09,10,45.45
2014,AM Nayar,Rajasthan Royals,11,15,73.33,1,0,6.67,9,60.00
2018,H Klaasen,Rajasthan Royals,22,18,122.22,3,0,16.67,7,38.89
2023,P Dubey,Delhi Capitals,15,18,83.33,2,0,11.11,9,50.00
2025,KK Nair,Delhi Capitals,83,45,184.44,10,4,31.11,11,24.44
2013,S Narwal,Kolkata Knight Riders,6,3,200.00,1,0,33.33,0,0.00
2022,SE Rutherford,Royal Challengers Bengaluru,26,31,83.87,1,1,6.45,12,38.71
2021,R Parag,Rajasthan Royals,63,53,118.87,5,3,15.09,21,39.62
2025,MJ Santner,Mumbai Indians,5,8,62.50,0,0,0.00,3,37.50
2019,DJ Bravo,Chennai Super Kings,47,42,111.90,4,1,11.90,15,35.71
2024,D Ferreira,Rajasthan Royals,5,6,83.33,0,0,0.00,2,33.33
2013,DPMD Jayawardene,Delhi Capitals,139,125,111.20,10,3,10.40,43,34.40
2016,Sandeep Sharma,Punjab Kings,5,5,100.00,0,0,0.00,0,0.00
2024,T Kohler-Cadmore,Rajasthan Royals,0,1,0.00,0,0,0.00,1,100.00
2018,K Gowtham,Rajasthan Royals,27,18,150.00,3,1,22.22,6,33.33
2019,Q de Kock,Mumbai Indians,153,114,134.21,11,6,14.91,29,25.44
2014,CH Gayle,Royal Challengers Bengaluru,29,34,85.29,3,1,11.76,15,44.12
2015,Mandeep Singh,Royal Challengers Bengaluru,85,55,154.55,10,4,25.45,20,36.36
2024,Shashank Singh,Punjab Kings,190,131,145.04,14,10,18.32,36,27.48
2013,UA Birla,Lucknow Super Giants,0,1,0.00,0,0,0.00,1,100.00
2019,KMA Paul,Delhi Capitals,0,5,0.00,0,0,0.00,4,80.00
2014,KL Rahul,Sunrisers Hyderabad,91,98,92.86,6,1,7.14,33,33.67
2020,Mohammed Shami,Punjab Kings,0,1,0.00,0,0,0.00,1,100.00
2020,Washington Sundar,Royal Challengers Bengaluru,88,74,118.92,8,2,13.51,24,32.43
2022,Ishan Kishan,Mumbai Indians,126,101,124.75,7,5,11.88,25,24.75
2013,KW Richardson,Lucknow Super Giants,24,23,104.35,2,1,13.04,11,47.83
2022,RA Bawa,Punjab Kings,10,9,111.11,1,0,11.11,3,33.33
2021,DJ Hooda,Punjab Kings,119,81,146.91,5,8,16.05,24,29.63
2021,F du Plessis,Chennai Super Kings,226,175,129.14,16,7,13.14,48,27.43
2018,SS Iyer,Delhi Capitals,200,151,132.45,12,10,14.57,45,29.80
2019,SP Narine,Kolkata Knight Riders,23,14,164.29,1,3,28.57,8,57.14
2013,RT Ponting,Mumbai Indians,4,10,40.00,0,0,0.00,6,60.00
2020,N Jagadeesan,Chennai Super Kings,30,22,136.36,4,0,18.18,6,27.27
2017,SP Jackson,Kolkata Knight Riders,22,16,137.50,3,0,18.75,4,25.00
2019,RA Tripathi,Rajasthan Royals,64,62,103.23,5,0,8.06,20,32.26
2022,M Shahrukh Khan,Punjab Kings,68,78,87.18,1,5,7.69,40,51.28
2021,KM Jadhav,Sunrisers Hyderabad,42,44,95.45,1,1,4.55,14,31.82
2018,MK Tiwary,Punjab Kings,34,30,113.33,3,1,13.33,12,40.00
2021,CH Gayle,Punjab Kings,79,74,106.76,7,3,13.51,32,43.24
2016,SW Billings,Delhi Capitals,78,54,144.44,4,3,12.96,10,18.52
2024,PD Salt,Kolkata Knight Riders,124,64,193.75,14,6,31.25,16,25.00
2018,R Ashwin,Punjab Kings,34,26,130.77,3,1,15.38,7,26.92
2015,KA Pollard,Mumbai Indians,226,158,143.04,15,14,18.35,56,35.44
2019,MA Agarwal,Punjab Kings,202,126,160.32,14,10,19.05,28,22.22
2017,CH Morris,Delhi Capitals,45,41,109.76,5,0,12.20,12,29.27
2013,S Dhawan,Sunrisers Hyderabad,151,108,139.81,17,2,17.59,28,25.93
2018,KH Pandya,Mumbai Indians,120,91,131.87,13,4,18.68,35,38.46
2018,RA Tripathi,Rajasthan Royals,107,87,122.99,8,2,11.49,26,29.89
2015,GJ Bailey,Punjab Kings,89,85,104.71,5,1,7.06,24,28.24
2019,PA Patel,Royal Challengers Bengaluru,85,65,130.77,7,2,13.85,17,26.15
2020,BA Stokes,Rajasthan Royals,82,59,138.98,8,2,16.95,15,25.42
2014,SA Yadav,Kolkata Knight Riders,62,46,134.78,4,2,13.04,13,28.26
2016,RR Pant,Delhi Capitals,118,90,131.11,10,4,15.56,30,33.33
2013,PA Patel,Sunrisers Hyderabad,53,57,92.98,3,0,5.26,17,29.82
2014,KV Sharma,Sunrisers Hyderabad,9,5,180.00,0,1,20.00,1,20.00
2019,R Ashwin,Punjab Kings,8,8,100.00,1,0,12.50,3,37.50
2014,SPD Smith,Rajasthan Royals,71,68,104.41,3,2,7.35,23,33.82
2020,KH Pandya,Mumbai Indians,69,66,104.55,5,3,12.12,26,39.39
2013,Gurkeerat Singh,Punjab Kings,58,50,116.00,5,1,12.00,15,30.00
2015,AT Rayudu,Mumbai Indians,120,101,118.81,6,4,9.90,27,26.73
2013,R Dravid,Rajasthan Royals,191,157,121.66,16,3,12.10,43,27.39
2024,SA Yadav,Mumbai Indians,213,127,167.72,21,10,24.41,42,33.07
2014,S Rana,Royal Challengers Bengaluru,6,8,75.00,0,0,0.00,4,50.00
2013,KC Sangakkara,Sunrisers Hyderabad,45,64,70.31,1,0,1.56,24,37.50
2014,SE Marsh,Punjab Kings,50,31,161.29,5,2,22.58,8,25.81
2014,Harbhajan Singh,Mumbai Indians,1,1,100.00,0,0,0.00,0,0.00
2021,YS Chahal,Royal Challengers Bengaluru,1,11,9.09,0,0,0.00,10,90.91
2023,UT Yadav,Kolkata Knight Riders,3,5,60.00,0,0,0.00,3,60.00
2015,SS Tiwary,Delhi Capitals,26,25,104.00,2,1,12.00,13,52.00
2016,KC Cariappa,Punjab Kings,12,8,150.00,0,1,12.50,1,12.50
2023,AT Rayudu,Chennai Super Kings,92,79,116.46,5,5,12.66,30,37.97
2020,K Gowtham,Punjab Kings,20,14,142.86,1,1,14.29,4,28.57
2024,MA Starc,Kolkata Knight Riders,2,2,100.00,0,0,0.00,0,0.00
2017,RG Sharma,Mumbai Indians,202,160,126.25,21,5,16.25,55,34.38
2016,PP Chawla,Kolkata Knight Riders,3,7,42.86,0,0,0.00,4,57.14
2017,MJ Guptill,Punjab Kings,8,4,200.00,0,1,25.00,1,25.00
2021,Shakib Al Hasan,Kolkata Knight Riders,33,32,103.13,2,1,9.38,9,28.13
2014,PP Chawla,Kolkata Knight Riders,0,2,0.00,0,0,0.00,1,50.00
2024,SM Curran,Punjab Kings,166,130,127.69,14,3,13.08,35,26.92
2016,AD Russell,Kolkata Knight Riders,99,65,152.31,3,9,18.46,23,35.38
2014,M Vohra,Punjab Kings,90,71,126.76,5,4,12.68,26,36.62
2020,MM Ali,Royal Challengers Bengaluru,6,9,66.67,0,0,0.00,2,22.22
2020,SR Watson,Chennai Super Kings,132,84,157.14,14,5,22.62,22,26.19
2018,SV Samson,Rajasthan Royals,239,191,125.13,14,8,11.52,51,26.70
2016,AR Patel,Punjab Kings,28,34,82.35,1,1,5.88,16,47.06
2016,GJ Bailey,Lucknow Super Giants,42,36,116.67,2,2,11.11,12,33.33
2022,Anmolpreet Singh,Mumbai Indians,8,9,88.89,0,0,0.00,3,33.33
2019,CR Brathwaite,Kolkata Knight Riders,1,1,100.00,0,0,0.00,0,0.00
2022,SO Hetmyer,Rajasthan Royals,96,98,97.96,8,2,10.20,42,42.86
2015,Sandeep Sharma,Punjab Kings,7,9,77.78,1,0,11.11,5,55.56
2020,R Parag,Rajasthan Royals,39,40,97.50,1,1,5.00,11,27.50
2017,HM Amla,Punjab Kings,169,117,144.44,11,8,16.24,28,23.93
2019,P Simran Singh,Punjab Kings,1,6,16.67,0,0,0.00,5,83.33
2023,SN Khan,Delhi Capitals,28,35,80.00,1,0,2.86,13,37.14
2016,BCJ Cutting,Sunrisers Hyderabad,8,7,114.29,1,0,14.29,3,42.86
2024,Q de Kock,Lucknow Super Giants,97,69,140.58,11,3,20.29,20,28.99
2017,NV Ojha,Sunrisers Hyderabad,40,32,125.00,2,1,9.38,10,31.25
2019,V Shankar,Sunrisers Hyderabad,152,129,117.83,3,8,8.53,37,28.68
2023,R Shepherd,Lucknow Super Giants,0,1,0.00,0,0,0.00,1,100.00
2022,Anuj Rawat,Royal Challengers Bengaluru,35,24,145.83,2,2,16.67,5,20.83
2023,AU Rashid,Sunrisers Hyderabad,18,12,150.00,1,1,16.67,5,41.67
2016,AT Rayudu,Mumbai Indians,160,128,125.00,8,8,12.50,36,28.13
2014,KM Jadhav,Delhi Capitals,21,20,105.00,0,1,5.00,4,20.00
2013,CM Gautam,Delhi Capitals,29,20,145.00,2,1,15.00,5,25.00
2018,M Ashwin,Royal Challengers Bengaluru,1,2,50.00,0,0,0.00,1,50.00
2025,PJ Cummins,Sunrisers Hyderabad,16,22,72.73,2,0,9.09,11,50.00
2019,R Tewatia,Delhi Capitals,5,7,71.43,1,0,14.29,4,57.14
2022,SS Prabhudessai,Royal Challengers Bengaluru,46,34,135.29,6,1,20.59,13,38.24
2022,JD Unadkat,Mumbai Indians,4,6,66.67,0,0,0.00,3,50.00
2020,SA Yadav,Mumbai Indians,256,190,134.74,28,5,17.37,57,30.00
2025,G Coetzee,Gujarat Titans,5,5,100.00,1,0,20.00,3,60.00
2018,AM Rahane,Rajasthan Royals,105,97,108.25,8,0,8.25,21,21.65
2014,MK Pandey,Kolkata Knight Riders,221,187,118.18,16,5,11.23,55,29.41
2015,GJ Maxwell,Punjab Kings,87,55,158.18,7,6,23.64,20,36.36
2021,PJ Cummins,Kolkata Knight Riders,48,19,252.63,3,5,42.11,6,31.58
2025,Musheer Khan,Punjab Kings,0,3,0.00,0,0,0.00,3,100.00
2018,MP Stoinis,Punjab Kings,33,29,113.79,1,2,10.34,10,34.48
2013,IK Pathan,Delhi Capitals,68,92,73.91,3,0,3.26,38,41.30
2017,Mandeep Singh,Royal Challengers Bengaluru,76,81,93.83,3,2,6.17,27,33.33
2021,N Rana,Kolkata Knight Riders,204,166,122.89,11,11,13.25,55,33.13
2018,HV Patel,Delhi Capitals,30,22,136.36,1,2,13.64,5,22.73
2020,D Padikkal,Royal Challengers Bengaluru,181,140,129.29,13,5,12.86,36,25.71
2016,JA Morkel,Lucknow Super Giants,2,3,66.67,0,0,0.00,1,33.33
2025,MR Marsh,Lucknow Super Giants,270,157,171.97,27,13,25.48,34,21.66
2014,F du Plessis,Chennai Super Kings,160,149,107.38,8,1,6.04,38,25.50
2024,AK Markram,Sunrisers Hyderabad,122,101,120.79,6,2,7.92,21,20.79
2021,D Padikkal,Royal Challengers Bengaluru,127,103,123.30,7,6,12.62,30,29.13
2016,MC Henriques,Sunrisers Hyderabad,75,62,120.97,6,2,12.90,21,33.87
2013,A Ashish Reddy,Sunrisers Hyderabad,24,17,141.18,2,0,11.76,2,11.76
2013,MEK Hussey,Chennai Super Kings,345,238,144.96,30,10,16.81,51,21.43
2016,Harbhajan Singh,Mumbai Indians,41,51,80.39,4,0,7.84,27,52.94
2016,MK Pandey,Kolkata Knight Riders,174,124,140.32,10,7,13.71,22,17.74
2017,Yuvraj Singh,Sunrisers Hyderabad,158,123,128.46,17,5,17.89,49,39.84
2013,KD Karthik,Mumbai Indians,275,215,127.91,30,4,15.81,66,30.70
2021,AD Russell,Kolkata Knight Riders,92,67,137.31,6,7,19.40,29,43.28
2025,YBK Jaiswal,Rajasthan Royals,168,116,144.83,14,6,17.24,28,24.14
2023,AS Roy,Kolkata Knight Riders,0,1,0.00,0,0,0.00,1,100.00
2015,D Wiese,Royal Challengers Bengaluru,39,31,125.81,2,1,9.68,6,19.35
2020,TK Curran,Rajasthan Royals,41,41,100.00,2,0,4.88,12,29.27
2013,Sachin Baby,Rajasthan Royals,3,7,42.86,0,0,0.00,4,57.14
2021,RD Gaikwad,Chennai Super Kings,252,158,159.49,23,9,20.25,36,22.78
2018,RK Singh,Kolkata Knight Riders,26,29,89.66,4,0,13.79,15,51.72
2021,SA Yadav,Mumbai Indians,180,120,150.00,17,8,20.83,32,26.67
2015,Q de Kock,Delhi Capitals,37,20,185.00,3,3,30.00,6,30.00
2015,Harbhajan Singh,Mumbai Indians,35,18,194.44,4,2,33.33,6,33.33
2023,R Dhawan,Punjab Kings,11,6,183.33,1,0,16.67,0,0.00
2025,Arshad Khan,Gujarat Titans,8,7,114.29,0,1,14.29,4,57.14
2020,AB de Villiers,Royal Challengers Bengaluru,218,158,137.97,17,6,14.56,43,27.22
2018,Mandeep Singh,Royal Challengers Bengaluru,105,107,98.13,5,3,7.48,37,34.58
2014,Y Venugopal Rao,Sunrisers Hyderabad,40,41,97.56,4,0,9.76,13,31.71
2023,RD Gaikwad,Chennai Super Kings,173,117,147.86,7,12,16.24,33,28.21
2024,Azmatullah Omarzai,Gujarat Titans,42,33,127.27,2,2,12.12,10,30.30
2022,CV Varun,Kolkata Knight Riders,1,7,14.29,0,0,0.00,6,85.71
2020,Abdul Samad,Sunrisers Hyderabad,38,21,180.95,3,2,23.81,4,19.05
2015,SV Samson,Rajasthan Royals,84,70,120.00,6,2,11.43,23,32.86
2013,STR Binny,Rajasthan Royals,208,140,148.57,19,8,19.29,44,31.43
2022,MS Dhoni,Chennai Super Kings,73,93,78.49,5,2,7.53,46,49.46
2018,BB McCullum,Royal Challengers Bengaluru,59,38,155.26,7,3,26.32,16,42.11
2016,DA Miller,Punjab Kings,82,73,112.33,5,2,9.59,23,31.51
2017,Ankit Sharma,Lucknow Super Giants,8,5,160.00,1,0,20.00,1,20.00
2013,TL Suman,Lucknow Super Giants,4,5,80.00,0,0,0.00,1,20.00
2025,Abhishek Sharma,Sunrisers Hyderabad,129,57,226.32,10,10,35.09,13,22.81
2025,A Manohar,Sunrisers Hyderabad,30,40,75.00,0,2,5.00,20,50.00
2025,RD Gaikwad,Chennai Super Kings,43,30,143.33,4,1,16.67,9,30.00
2021,Abhishek Sharma,Sunrisers Hyderabad,36,39,92.31,2,0,5.13,12,30.77
2018,AD Russell,Kolkata Knight Riders,157,98,160.20,6,15,21.43,37,37.76
2016,YK Pathan,Kolkata Knight Riders,185,149,124.16,12,7,12.75,40,26.85
2015,G Gambhir,Kolkata Knight Riders,115,87,132.18,14,0,16.09,21,24.14
2014,LRPL Taylor,Delhi Capitals,33,36,91.67,2,0,5.56,10,27.78
2022,FA Allen,Mumbai Indians,5,3,166.67,1,0,33.33,1,33.33
2015,AB de Villiers,Royal Challengers Bengaluru,316,169,186.98,31,16,27.81,39,23.08
2025,M Theekshana,Rajasthan Royals,3,10,30.00,0,0,0.00,6,60.00
2024,MP Stoinis,Lucknow Super Giants,182,116,156.90,10,11,18.10,29,25.00
2021,SM Curran,Chennai Super Kings,10,6,166.67,2,0,33.33,2,33.33
2018,AJ Tye,Punjab Kings,13,9,144.44,1,1,22.22,4,44.44
2013,AJ Finch,Lucknow Super Giants,188,128,146.88,14,10,18.75,42,32.81
2025,Sediqullah Atal,Delhi Capitals,21,14,150.00,0,2,14.29,4,28.57
2024,RA Jadeja,Chennai Super Kings,139,109,127.52,12,2,12.84,24,22.02
2025,PHKD Mendis,Sunrisers Hyderabad,56,41,136.59,6,0,14.63,11,26.83
2017,AD Mathews,Delhi Capitals,11,11,100.00,1,0,9.09,4,36.36
2023,PP Shaw,Delhi Capitals,19,16,118.75,2,0,12.50,5,31.25
2024,Arshad Khan,Lucknow Super Giants,32,24,133.33,2,2,16.67,10,41.67
2022,A Badoni,Lucknow Super Giants,75,72,104.17,6,2,11.11,29,40.28
2014,AB Dinda,Royal Challengers Bengaluru,0,3,0.00,0,0,0.00,3,100.00
2015,NLTC Perera,Punjab Kings,12,15,80.00,0,1,6.67,7,46.67
2018,RG Sharma,Mumbai Indians,142,112,126.79,13,4,15.18,35,31.25
2015,P Negi,Chennai Super Kings,23,17,135.29,1,1,11.76,5,29.41
2025,Ishan Kishan,Sunrisers Hyderabad,166,105,158.10,12,9,20.00,24,22.86
2020,KS Williamson,Sunrisers Hyderabad,171,136,125.74,11,6,12.50,36,26.47
2016,M Vohra,Punjab Kings,56,32,175.00,6,2,25.00,8,25.00
2022,PK Garg,Sunrisers Hyderabad,19,10,190.00,2,1,30.00,3,30.00
2023,MS Dhoni,Chennai Super Kings,2,4,50.00,0,0,0.00,2,50.00
2020,AR Patel,Delhi Capitals,46,39,117.95,2,3,12.82,15,38.46
2021,JD Unadkat,Rajasthan Royals,12,11,109.09,1,0,9.09,4,36.36
2023,SN Thakur,Kolkata Knight Riders,75,38,197.37,7,4,28.95,7,18.42
2024,A Nortje,Delhi Capitals,1,2,50.00,0,0,0.00,1,50.00
2019,RV Uthappa,Kolkata Knight Riders,136,130,104.62,9,6,11.54,55,42.31
2024,D Brevis,Mumbai Indians,51,34,150.00,2,4,17.65,12,35.29
2021,Navdeep Saini,Royal Challengers Bengaluru,2,4,50.00,0,0,0.00,2,50.00
2022,RK Singh,Kolkata Knight Riders,61,58,105.17,5,1,10.34,22,37.93
2018,PP Shaw,Delhi Capitals,56,32,175.00,4,3,21.88,6,18.75
2013,BJ Rohrer,Delhi Capitals,119,109,109.17,15,0,13.76,44,40.37
2020,Ravi Bishnoi,Punjab Kings,5,6,83.33,1,0,16.67,4,66.67
2022,AD Russell,Kolkata Knight Riders,221,131,168.70,9,23,24.43,61,46.56
2023,Mohsin Khan,Lucknow Super Giants,0,6,0.00,0,0,0.00,6,100.00
2025,Shubman Gill,Gujarat Titans,270,161,167.70,24,10,21.12,27,16.77
2019,MJ Guptill,Sunrisers Hyderabad,0,1,0.00,0,0,0.00,1,100.00
2022,NT Ellis,Punjab Kings,0,2,0.00,0,0,0.00,2,100.00
2021,AB de Villiers,Royal Challengers Bengaluru,135,121,111.57,9,3,9.92,41,33.88
2025,DA Miller,Lucknow Super Giants,80,66,121.21,8,1,13.64,20,30.30
2025,RG Sharma,Mumbai Indians,161,98,164.29,16,7,23.47,22,22.45
2022,MA Agarwal,Punjab Kings,48,41,117.07,5,1,14.63,14,34.15
2020,Kuldeep Yadav,Kolkata Knight Riders,4,10,40.00,0,0,0.00,6,60.00
2023,A Zampa,Rajasthan Royals,5,11,45.45,0,0,0.00,6,54.55
2020,MK Pandey,Sunrisers Hyderabad,163,151,107.95,6,6,7.95,44,29.14
2015,CH Morris,Rajasthan Royals,0,3,0.00,0,0,0.00,3,100.00
2019,RA Jadeja,Chennai Super Kings,28,30,93.33,1,1,6.67,12,40.00
2015,GH Vihari,Sunrisers Hyderabad,15,16,93.75,2,0,12.50,7,43.75
2019,S Dube,Royal Challengers Bengaluru,26,24,108.33,0,2,8.33,9,37.50
2016,IK Pathan,Lucknow Super Giants,9,11,81.82,0,0,0.00,2,18.18
2013,AM Rahane,Rajasthan Royals,195,179,108.94,12,4,8.94,50,27.93
2024,Rahmanullah Gurbaz,Kolkata Knight Riders,11,5,220.00,1,1,40.00,2,40.00
2013,B Lee,Kolkata Knight Riders,5,6,83.33,1,0,16.67,4,66.67
2015,RA Jadeja,Chennai Super Kings,68,71,95.77,4,2,8.45,30,42.25
2019,N Rana,Kolkata Knight Riders,244,148,164.86,18,16,22.97,51,34.46
2023,Anuj Rawat,Royal Challengers Bengaluru,15,29,51.72,0,0,0.00,16,55.17
2024,N Pooran,Lucknow Super Giants,288,168,171.43,16,21,22.02,39,23.21
2016,DJ Bravo,Gujarat Titans,43,47,91.49,4,0,8.51,18,38.30
2023,KS Sharma,Lucknow Super Giants,5,8,62.50,0,0,0.00,3,37.50
2017,KD Karthik,Gujarat Titans,220,168,130.95,13,7,11.90,40,23.81
2021,KS Williamson,Sunrisers Hyderabad,118,115,102.61,7,1,6.96,39,33.91
2023,Tilak Varma,Mumbai Indians,200,147,136.05,12,13,17.01,54,36.73
2016,SPD Smith,Lucknow Super Giants,124,91,136.26,6,5,12.09,23,25.27
2025,Rahmanullah Gurbaz,Kolkata Knight Riders,1,2,50.00,0,0,0.00,1,50.00
2025,Kuldeep Yadav,Delhi Capitals,1,2,50.00,0,0,0.00,1,50.00
2025,DP Conway,Chennai Super Kings,71,46,154.35,4,4,17.39,9,19.57
2019,R Parag,Rajasthan Royals,99,90,110.00,12,1,14.44,35,38.89
2019,DA Warner,Sunrisers Hyderabad,277,192,144.27,13,10,11.98,34,17.71
2016,Z Khan,Delhi Capitals,0,2,0.00,0,0,0.00,2,100.00
2017,MS Dhoni,Lucknow Super Giants,155,166,93.37,7,7,8.43,72,43.37
2023,D Padikkal,Rajasthan Royals,81,81,100.00,5,1,7.41,26,32.10
2021,SP Narine,Kolkata Knight Riders,53,27,196.30,2,5,25.93,6,22.22
2024,Yudhvir Singh,Lucknow Super Giants,21,13,161.54,1,2,23.08,6,46.15
2015,V Kohli,Royal Challengers Bengaluru,225,167,134.73,13,10,13.77,50,29.94
2015,BB McCullum,Chennai Super Kings,131,84,155.95,12,7,22.62,31,36.90
2019,RK Singh,Kolkata Knight Riders,30,25,120.00,1,2,12.00,10,40.00
2019,Shakib Al Hasan,Sunrisers Hyderabad,4,4,100.00,0,0,0.00,1,25.00
2017,G Gambhir,Kolkata Knight Riders,186,141,131.91,17,2,13.48,26,18.44
2022,Ramandeep Singh,Mumbai Indians,14,23,60.87,0,0,0.00,9,39.13
2014,S Anirudha,Sunrisers Hyderabad,2,3,66.67,0,0,0.00,1,33.33
2023,RR Rossouw,Delhi Capitals,131,91,143.96,9,7,17.58,33,36.26
2020,JR Philippe,Royal Challengers Bengaluru,16,14,114.29,2,0,14.29,5,35.71
2015,KV Sharma,Sunrisers Hyderabad,37,40,92.50,2,0,5.00,10,25.00
2025,N Rana,Rajasthan Royals,115,74,155.41,13,4,22.97,20,27.03
2024,RK Bhui,Delhi Capitals,3,7,42.86,0,0,0.00,4,57.14
2024,N Wadhera,Mumbai Indians,101,69,146.38,8,6,20.29,24,34.78
2023,AD Russell,Kolkata Knight Riders,112,86,130.23,5,8,15.12,37,43.02
2021,CA Lynn,Mumbai Indians,24,17,141.18,2,1,17.65,5,29.41
2014,JDS Neesham,Delhi Capitals,32,30,106.67,3,0,10.00,13,43.33
2021,RA Tripathi,Kolkata Knight Riders,246,157,156.69,23,8,19.75,37,23.57
2024,MK Pandey,Kolkata Knight Riders,35,27,129.63,2,1,11.11,6,22.22
2016,Sachin Baby,Royal Challengers Bengaluru,46,36,127.78,3,1,11.11,10,27.78
2025,N Pooran,Lucknow Super Giants,276,137,201.46,21,22,31.39,40,29.20
2023,CV Varun,Kolkata Knight Riders,0,2,0.00,0,0,0.00,2,100.00
2018,BA Stokes,Rajasthan Royals,146,115,126.96,10,4,12.17,29,25.22
2018,RR Pant,Delhi Capitals,415,248,167.34,34,25,23.79,69,27.82
2023,HV Patel,Royal Challengers Bengaluru,6,6,100.00,0,1,16.67,4,66.67
2022,SA Abbott,Sunrisers Hyderabad,1,3,33.33,0,0,0.00,2,66.67
2022,DP Conway,Chennai Super Kings,129,72,179.17,12,7,26.39,16,22.22
2018,DR Shorey,Chennai Super Kings,8,9,88.89,0,1,11.11,6,66.67
2015,AD Mathews,Delhi Capitals,40,44,90.91,3,1,9.09,19,43.18
2025,Abdul Samad,Lucknow Super Giants,87,50,174.00,4,8,24.00,15,30.00
2017,KH Pandya,Mumbai Indians,160,128,125.00,16,3,14.84,42,32.81
2022,RG Sharma,Mumbai Indians,32,28,114.29,3,1,14.29,10,35.71
2019,H Klaasen,Royal Challengers Bengaluru,3,3,100.00,0,0,0.00,1,33.33
2025,Harpreet Brar,Punjab Kings,4,11,36.36,0,0,0.00,8,72.73
2016,UT Khawaja,Lucknow Super Giants,17,19,89.47,1,0,5.26,7,36.84
2023,Dhruv Jurel,Rajasthan Royals,26,21,123.81,3,0,14.29,6,28.57
2017,SPD Smith,Lucknow Super Giants,242,204,118.63,17,5,10.78,56,27.45
2015,KK Nair,Rajasthan Royals,109,90,121.11,13,1,15.56,33,36.67
2016,JP Faulkner,Gujarat Titans,21,19,110.53,1,0,5.26,5,26.32
2015,A Mishra,Delhi Capitals,2,4,50.00,0,0,0.00,2,50.00
2016,KM Jadhav,Royal Challengers Bengaluru,6,4,150.00,0,0,0.00,0,0.00
2024,SB Dubey,Rajasthan Royals,23,14,164.29,2,1,21.43,2,14.29
2023,KR Mayers,Lucknow Super Giants,78,46,169.57,4,7,23.91,15,32.61
2019,MM Ali,Royal Challengers Bengaluru,144,76,189.47,7,14,27.63,23,30.26
2016,CH Gayle,Royal Challengers Bengaluru,67,25,268.00,2,9,44.00,9,36.00
2019,TA Boult,Delhi Capitals,1,1,100.00,0,0,0.00,0,0.00
2021,KD Karthik,Kolkata Knight Riders,98,86,113.95,9,4,15.12,36,41.86
2013,SS Tiwary,Royal Challengers Bengaluru,72,67,107.46,1,4,7.46,23,34.33
2023,T Stubbs,Mumbai Indians,16,23,69.57,1,0,4.35,11,47.83
2024,AD Russell,Kolkata Knight Riders,126,73,172.60,10,10,27.40,29,39.73
2015,CJ Anderson,Mumbai Indians,57,53,107.55,6,2,15.09,25,47.17
2014,Imran Tahir,Delhi Capitals,4,6,66.67,1,0,16.67,5,83.33
2015,RV Uthappa,Kolkata Knight Riders,61,54,112.96,4,1,9.26,15,27.78
2024,SS Prabhudessai,Royal Challengers Bengaluru,20,12,166.67,2,0,16.67,2,16.67
2015,AM Rahane,Rajasthan Royals,197,161,122.36,10,6,9.94,43,26.71
2016,RV Uthappa,Kolkata Knight Riders,109,86,126.74,7,4,12.79,21,24.42
2025,KL Rahul,Delhi Capitals,271,172,157.56,21,11,18.60,35,20.35
2021,RA Jadeja,Chennai Super Kings,65,69,94.20,6,0,8.70,26,37.68
2025,RD Rickelton,Mumbai Indians,64,42,152.38,5,4,21.43,14,33.33
2022,N Rana,Kolkata Knight Riders,221,142,155.63,14,14,19.72,40,28.17
2022,R Shepherd,Sunrisers Hyderabad,25,23,108.70,0,2,8.70,11,47.83
2021,Washington Sundar,Royal Challengers Bengaluru,11,15,73.33,1,0,6.67,7,46.67
2015,MS Dhoni,Chennai Super Kings,192,196,97.96,15,4,9.69,78,39.80
2021,MC Henriques,Punjab Kings,19,23,82.61,0,0,0.00,8,34.78
2013,R Bhatia,Kolkata Knight Riders,32,42,76.19,3,0,7.14,23,54.76
2015,MK Tiwary,Delhi Capitals,34,25,136.00,4,1,20.00,8,32.00
2025,R Tewatia,Gujarat Titans,17,13,130.77,1,0,7.69,2,15.38
2013,MS Dhoni,Chennai Super Kings,207,155,133.55,14,8,14.19,48,30.97
2022,N Pooran,Sunrisers Hyderabad,197,145,135.86,8,13,14.48,41,28.28
2022,MM Ali,Chennai Super Kings,89,78,114.10,5,3,10.26,23,29.49
2015,SE Marsh,Punjab Kings,41,21,195.24,2,3,23.81,2,9.52
2014,DJ Hussey,Chennai Super Kings,84,66,127.27,6,4,15.15,20,30.30
2025,R Minz,Mumbai Indians,6,15,40.00,0,0,0.00,10,66.67
2021,S Gopal,Rajasthan Royals,0,1,0.00,0,0,0.00,1,100.00
2015,MA Agarwal,Delhi Capitals,73,59,123.73,6,2,13.56,14,23.73
2024,C Green,Royal Challengers Bengaluru,127,93,136.56,12,4,17.20,24,25.81
2019,CA Ingram,Delhi Capitals,122,107,114.02,13,3,14.95,45,42.06
2022,A Nortje,Delhi Capitals,1,3,33.33,0,0,0.00,2,66.67
2021,R Ashwin,Delhi Capitals,14,16,87.50,1,0,6.25,6,37.50
2016,STR Binny,Royal Challengers Bengaluru,26,15,173.33,3,1,26.67,5,33.33
2018,YK Pathan,Sunrisers Hyderabad,107,100,107.00,9,3,12.00,40,40.00
2016,KK Nair,Delhi Capitals,171,149,114.77,16,1,11.41,41,27.52
2014,R Shukla,Delhi Capitals,3,3,100.00,0,0,0.00,0,0.00
2016,SK Raina,Gujarat Titans,165,149,110.74,14,0,9.40,34,22.82
2025,Azmatullah Omarzai,Punjab Kings,28,25,112.00,3,1,16.00,11,44.00
2021,MM Ali,Chennai Super Kings,224,160,140.00,16,12,17.50,56,35.00
2021,R Tewatia,Rajasthan Royals,110,109,100.92,9,3,11.01,45,41.28
2020,SPD Smith,Rajasthan Royals,136,102,133.33,10,4,13.73,23,22.55
2021,JO Holder,Sunrisers Hyderabad,42,33,127.27,0,4,12.12,12,36.36
2024,MM Ali,Chennai Super Kings,70,69,101.45,3,3,8.70,23,33.33
2017,CA Lynn,Kolkata Knight Riders,81,54,150.00,2,5,12.96,11,20.37
2021,MS Dhoni,Chennai Super Kings,37,55,67.27,2,0,3.64,27,49.09
2013,EJG Morgan,Kolkata Knight Riders,186,153,121.57,19,6,16.34,58,37.91
2017,IK Pathan,Gujarat Titans,2,3,66.67,0,0,0.00,1,33.33
2024,PJ Cummins,Sunrisers Hyderabad,47,32,146.88,3,3,18.75,10,31.25
2020,RK Singh,Kolkata Knight Riders,11,11,100.00,1,0,9.09,3,27.27
2018,MA Wood,Chennai Super Kings,1,1,100.00,0,0,0.00,0,0.00
2024,D Padikkal,Lucknow Super Giants,11,16,68.75,0,0,0.00,7,43.75
2021,Sachin Baby,Royal Challengers Bengaluru,7,16,43.75,0,0,0.00,10,62.50
2024,Kumar Kushagra,Delhi Capitals,1,3,33.33,0,0,0.00,2,66.67
2022,D Pretorius,Chennai Super Kings,10,6,166.67,0,1,16.67,3,50.00
2021,AF Milne,Mumbai Indians,3,4,75.00,0,0,0.00,1,25.00
2013,RG Sharma,Mumbai Indians,298,262,113.74,20,9,11.07,81,30.92
2016,S Nadeem,Delhi Capitals,0,1,0.00,0,0,0.00,0,0.00
2015,SN Khan,Royal Challengers Bengaluru,47,34,138.24,4,1,14.71,9,26.47
2018,DL Chahar,Chennai Super Kings,49,26,188.46,1,4,19.23,4,15.38
2025,SA Yadav,Mumbai Indians,532,304,175.00,51,28,25.99,78,25.66
2024,Kuldeep Yadav,Delhi Capitals,21,10,210.00,3,1,40.00,3,30.00
2013,J Syed Mohammad,Royal Challengers Bengaluru,9,11,81.82,1,0,9.09,6,54.55
2013,CA Pujara,Royal Challengers Bengaluru,27,26,103.85,4,0,15.38,11,42.31
2025,SO Hetmyer,Rajasthan Royals,125,91,137.36,9,5,15.38,27,29.67
2013,KA Pollard,Mumbai Indians,204,161,126.71,14,11,15.53,59,36.65
2018,S Nadeem,Delhi Capitals,6,8,75.00,0,0,0.00,2,25.00
2024,JM Sharma,Punjab Kings,146,116,125.86,6,10,13.79,44,37.93
2025,AR Patel,Delhi Capitals,183,117,156.41,15,11,22.22,38,32.48
2013,NV Ojha,Delhi Capitals,9,9,100.00,1,0,11.11,3,33.33
2017,WP Saha,Punjab Kings,103,98,105.10,5,4,9.18,32,32.65
2017,A Mishra,Delhi Capitals,12,20,60.00,0,0,0.00,8,40.00
2019,AS Joseph,Mumbai Indians,4,2,200.00,1,0,50.00,1,50.00
2025,Washington Sundar,Gujarat Titans,76,50,152.00,7,3,20.00,13,26.00
2013,AM Nayar,Lucknow Super Giants,44,45,97.78,3,0,6.67,13,28.89
2024,SV Samson,Rajasthan Royals,276,179,154.19,20,13,18.44,38,21.23
2017,BB McCullum,Gujarat Titans,116,71,163.38,8,8,22.54,17,23.94
2024,Ashutosh Sharma,Punjab Kings,77,52,148.08,2,8,19.23,21,40.38
2016,PSP Handscomb,Lucknow Super Giants,6,12,50.00,0,0,0.00,6,50.00
2023,KD Karthik,Royal Challengers Bengaluru,58,53,109.43,5,1,11.32,17,32.08
2023,MG Bracewell,Royal Challengers Bengaluru,43,30,143.33,6,1,23.33,8,26.67
2024,RA Tripathi,Sunrisers Hyderabad,54,39,138.46,3,2,12.82,7,17.95
2013,MN Samuels,Lucknow Super Giants,6,9,66.67,1,0,11.11,6,66.67
2025,Ramandeep Singh,Kolkata Knight Riders,32,21,152.38,1,3,19.05,8,38.10
2024,RD Chahar,Punjab Kings,19,10,190.00,3,1,40.00,5,50.00
2020,SV Samson,Rajasthan Royals,251,139,180.58,11,19,21.58,29,20.86
2020,Mujeeb Ur Rahman,Punjab Kings,1,3,33.33,0,0,0.00,2,66.67
2018,RA Jadeja,Chennai Super Kings,37,37,100.00,1,1,5.41,14,37.84
2020,PJ Cummins,Kolkata Knight Riders,48,62,77.42,3,1,6.45,34,54.84
2016,PV Tambe,Gujarat Titans,6,10,60.00,1,0,10.00,7,70.00
2016,P Kumar,Gujarat Titans,2,5,40.00,0,0,0.00,3,60.00
2020,Navdeep Saini,Royal Challengers Bengaluru,2,5,40.00,0,0,0.00,3,60.00
2015,DA Warner,Sunrisers Hyderabad,176,112,157.14,8,10,16.07,27,24.11
2024,R Powell,Rajasthan Royals,23,24,95.83,2,1,12.50,11,45.83
2020,P Dubey,Delhi Capitals,1,1,100.00,0,0,0.00,0,0.00
2013,MM Sharma,Chennai Super Kings,0,3,0.00,0,0,0.00,3,100.00
2024,SS Iyer,Kolkata Knight Riders,239,168,142.26,24,7,18.45,43,25.60
2019,V Kohli,Royal Challengers Bengaluru,138,112,123.21,9,2,9.82,20,17.86
2022,DJ Hooda,Lucknow Super Giants,332,223,148.88,23,15,17.04,52,23.32
2023,Abishek Porel,Delhi Capitals,22,19,115.79,0,2,10.53,8,42.11
2024,BR Sharath,Gujarat Titans,2,5,40.00,0,0,0.00,3,60.00
2019,N Pooran,Punjab Kings,120,67,179.10,7,12,28.36,27,40.30
2014,KD Karthik,Delhi Capitals,224,172,130.23,16,9,14.53,51,29.65
2013,WP Saha,Chennai Super Kings,10,9,111.11,1,0,11.11,2,22.22
2025,K Kartikeya,Rajasthan Royals,2,4,50.00,0,0,0.00,2,50.00
2024,Gulbadin Naib,Delhi Capitals,11,7,157.14,0,1,14.29,1,14.29
2013,MR Marsh,Lucknow Super Giants,91,73,124.66,3,6,12.33,23,31.51
2013,Yuvraj Singh,Lucknow Super Giants,141,123,114.63,7,9,13.01,58,47.15
2025,HV Patel,Sunrisers Hyderabad,3,3,100.00,0,0,0.00,0,0.00
2018,BCJ Cutting,Mumbai Indians,6,10,60.00,0,0,0.00,4,40.00
2023,GJ Maxwell,Royal Challengers Bengaluru,237,134,176.87,13,19,23.88,36,26.87
2014,MA Agarwal,Delhi Capitals,18,14,128.57,1,1,14.29,5,35.71
2022,Washington Sundar,Sunrisers Hyderabad,18,23,78.26,0,0,0.00,9,39.13
2025,SS Iyer,Punjab Kings,330,189,174.60,19,22,21.69,38,20.11
2019,KH Pandya,Mumbai Indians,118,111,106.31,10,3,11.71,47,42.34
2018,WP Saha,Sunrisers Hyderabad,15,8,187.50,3,0,37.50,2,25.00
2020,RA Jadeja,Chennai Super Kings,43,44,97.73,3,1,9.09,17,38.64
2024,YBK Jaiswal,Rajasthan Royals,120,73,164.38,5,8,17.81,17,23.29
2020,WP Saha,Sunrisers Hyderabad,126,91,138.46,12,3,16.48,22,24.18
2017,KK Nair,Delhi Capitals,50,55,90.91,2,1,5.45,20,36.36
2025,JP Inglis,Punjab Kings,107,63,169.84,10,5,23.81,14,22.22
2025,P Simran Singh,Punjab Kings,181,96,188.54,17,10,28.13,21,21.88
2018,SR Watson,Chennai Super Kings,221,110,200.91,17,14,28.18,16,14.55
2020,KK Nair,Punjab Kings,2,2,100.00,0,0,0.00,0,0.00
2024,Ravi Bishnoi,Lucknow Super Giants,2,2,100.00,0,0,0.00,0,0.00
2015,F du Plessis,Chennai Super Kings,229,194,118.04,17,3,10.31,51,26.29
2022,AJ Finch,Kolkata Knight Riders,22,8,275.00,3,1,50.00,1,12.50
2020,RD Gaikwad,Chennai Super Kings,98,69,142.03,8,2,14.49,11,15.94
2024,AJ Turner,Lucknow Super Giants,20,14,142.86,0,2,14.29,3,21.43
2016,R Sathish,Kolkata Knight Riders,6,8,75.00,1,0,12.50,5,62.50
2016,R Bhatia,Lucknow Super Giants,1,1,100.00,0,0,0.00,0,0.00
2021,SK Raina,Chennai Super Kings,109,85,128.24,5,8,15.29,35,41.18
2025,Avesh Khan,Lucknow Super Giants,0,1,0.00,0,0,0.00,1,100.00
2016,GJ Maxwell,Punjab Kings,111,81,137.04,8,5,16.05,27,33.33
2023,RA Jadeja,Chennai Super Kings,38,36,105.56,1,1,5.56,8,22.22
2013,DJG Sammy,Sunrisers Hyderabad,107,93,115.05,5,6,11.83,34,36.56
2013,AB de Villiers,Royal Challengers Bengaluru,186,145,128.28,19,2,14.48,38,26.21
2022,JO Holder,Lucknow Super Giants,2,4,50.00,0,0,0.00,2,50.00
2023,SM Curran,Punjab Kings,140,125,112.00,10,4,11.20,47,37.60
2017,N Rana,Mumbai Indians,183,146,125.34,10,11,14.38,54,36.99
2022,AT Rayudu,Chennai Super Kings,214,140,152.86,18,13,22.14,46,32.86
2018,IS Sodhi,Rajasthan Royals,1,3,33.33,0,0,0.00,2,66.67
2014,AR Patel,Punjab Kings,42,36,116.67,6,0,16.67,13,36.11
2024,Abdul Samad,Sunrisers Hyderabad,86,62,138.71,7,4,17.74,19,30.65
2023,M Shahrukh Khan,Punjab Kings,27,20,135.00,1,3,20.00,11,55.00
2024,M Shahrukh Khan,Gujarat Titans,87,51,170.59,5,7,23.53,14,27.45
2023,Ishan Kishan,Mumbai Indians,96,60,160.00,11,3,23.33,16,26.67
2020,RV Uthappa,Rajasthan Royals,63,59,106.78,4,2,10.17,20,33.90
2019,Kuldeep Yadav,Kolkata Knight Riders,0,1,0.00,0,0,0.00,1,100.00
2018,DJ Hooda,Sunrisers Hyderabad,41,37,110.81,1,1,5.41,8,21.62
2025,HH Pandya,Mumbai Indians,109,79,137.97,9,6,18.99,30,37.97
2020,Q de Kock,Mumbai Indians,146,104,140.38,9,8,16.35,30,28.85
2019,MJ Santner,Chennai Super Kings,14,14,100.00,0,1,7.14,6,42.86
2015,Anureet Singh,Punjab Kings,6,11,54.55,0,0,0.00,5,45.45
2014,JP Faulkner,Rajasthan Royals,21,23,91.30,1,0,4.35,7,30.43
2022,UT Yadav,Kolkata Knight Riders,7,9,77.78,1,0,11.11,5,55.56
2025,Arshdeep Singh,Punjab Kings,1,1,100.00,0,0,0.00,0,0.00
2025,B Sai Sudharsan,Gujarat Titans,265,179,148.04,26,6,17.88,35,19.55
2022,B Sai Sudharsan,Gujarat Titans,91,75,121.33,9,1,13.33,21,28.00
2022,TG Southee,Kolkata Knight Riders,1,6,16.67,0,0,0.00,5,83.33
2019,STR Binny,Rajasthan Royals,11,12,91.67,0,1,8.33,8,66.67
2025,PWA Mulder,Sunrisers Hyderabad,1,4,25.00,0,0,0.00,3,75.00
2023,Mandeep Singh,Kolkata Knight Riders,7,4,175.00,0,1,25.00,2,50.00
2015,DJ Hooda,Rajasthan Royals,127,80,158.75,4,10,17.50,25,31.25
2020,SO Hetmyer,Delhi Capitals,90,60,150.00,4,6,16.67,17,28.33
2013,YK Pathan,Kolkata Knight Riders,171,137,124.82,15,7,16.06,54,39.42
2021,SN Khan,Punjab Kings,0,1,0.00,0,0,0.00,1,100.00
2019,MK Pandey,Sunrisers Hyderabad,190,164,115.85,16,2,10.98,45,27.44
2022,Abhishek Sharma,Sunrisers Hyderabad,144,92,156.52,7,9,17.39,23,25.00
2017,SS Tiwary,Mumbai Indians,26,22,118.18,4,0,18.18,6,27.27
2024,MJ Santner,Chennai Super Kings,14,15,93.33,1,0,6.67,4,26.67
2025,JG Bethell,Royal Challengers Bengaluru,12,9,133.33,2,0,22.22,3,33.33
2013,BB Samantray,Sunrisers Hyderabad,72,63,114.29,6,2,12.70,21,33.33
2021,J Yadav,Mumbai Indians,15,12,125.00,1,0,8.33,3,25.00
2023,V Shankar,Gujarat Titans,146,111,131.53,14,3,15.32,30,27.03
2014,CA Pujara,Punjab Kings,32,29,110.34,3,0,10.34,5,17.24
2019,JM Bairstow,Sunrisers Hyderabad,217,125,173.60,15,13,22.40,30,24.00
2014,KA Pollard,Mumbai Indians,116,98,118.37,7,6,13.27,38,38.78
2013,MC Juneja,Delhi Capitals,94,92,102.17,8,1,9.78,30,32.61
2019,Mohammad Nabi,Sunrisers Hyderabad,35,28,125.00,1,1,7.14,7,25.00
2024,Shubman Gill,Gujarat Titans,166,98,169.39,14,5,19.39,14,14.29
2020,S Dube,Royal Challengers Bengaluru,61,60,101.67,1,4,8.33,25,41.67
2014,R Dhawan,Punjab Kings,28,35,80.00,3,0,8.57,18,51.43
2023,PN Mankad,Lucknow Super Giants,32,21,152.38,3,1,19.05,4,19.05
2016,Iqbal Abdulla,Royal Challengers Bengaluru,19,19,100.00,0,1,5.26,7,36.84
2022,K Kartikeya,Mumbai Indians,1,3,33.33,0,0,0.00,2,66.67
2014,KK Cooper,Rajasthan Royals,26,15,173.33,2,2,26.67,6,40.00
2024,RR Pant,Delhi Capitals,306,217,141.01,25,14,17.97,68,31.34
2016,NM Coulter-Nile,Delhi Capitals,5,8,62.50,1,0,12.50,6,75.00
2018,M Vohra,Royal Challengers Bengaluru,8,7,114.29,0,1,14.29,3,42.86
2017,JP Faulkner,Gujarat Titans,12,27,44.44,0,0,0.00,15,55.56
2019,Mandeep Singh,Punjab Kings,71,59,120.34,2,2,6.78,10,16.95
2024,JD Unadkat,Sunrisers Hyderabad,2,9,22.22,0,0,0.00,7,77.78
2016,MJ Guptill,Mumbai Indians,29,22,131.82,1,2,13.64,7,31.82
2023,Ravi Bishnoi,Lucknow Super Giants,8,16,50.00,0,0,0.00,7,43.75
2024,DJ Mitchell,Chennai Super Kings,149,104,143.27,11,6,16.35,27,25.96
2022,E Lewis,Lucknow Super Giants,38,28,135.71,4,1,17.86,8,28.57
2021,HV Patel,Royal Challengers Bengaluru,8,16,50.00,1,0,6.25,12,75.00
2022,SA Yadav,Mumbai Indians,162,134,120.90,10,7,12.69,44,32.84
2022,AR Patel,Delhi Capitals,75,65,115.38,5,3,12.31,26,40.00
2022,Tilak Varma,Mumbai Indians,288,215,133.95,21,12,15.35,58,26.98
2021,Virat Singh,Sunrisers Hyderabad,14,23,60.87,1,0,4.35,11,47.83
2022,B Indrajith,Kolkata Knight Riders,0,1,0.00,0,0,0.00,1,100.00
2017,SE Marsh,Punjab Kings,133,81,164.20,16,4,24.69,20,24.69
2013,R McLaren,Kolkata Knight Riders,1,3,33.33,0,0,0.00,2,66.67
2022,SV Samson,Rajasthan Royals,236,169,139.64,17,15,18.93,65,38.46
2023,Harpreet Singh,Punjab Kings,49,35,140.00,6,1,20.00,12,34.29
2024,R Tewatia,Gujarat Titans,55,55,100.00,5,1,10.91,21,38.18
2024,WG Jacks,Royal Challengers Bengaluru,139,65,213.85,9,12,32.31,17,26.15
2017,CH Gayle,Royal Challengers Bengaluru,70,39,179.49,4,6,25.64,11,28.21
2025,Noor Ahmad,Chennai Super Kings,1,2,50.00,0,0,0.00,1,50.00
2018,Shivam Mavi,Kolkata Knight Riders,0,3,0.00,0,0,0.00,3,100.00
2017,RR Pant,Delhi Capitals,252,148,170.27,20,15,23.65,38,25.68
2024,HH Pandya,Mumbai Indians,153,109,140.37,11,8,17.43,37,33.94
2015,Bipul Sharma,Sunrisers Hyderabad,1,2,50.00,0,0,0.00,1,50.00
2024,RG Sharma,Mumbai Indians,87,66,131.82,10,3,19.70,25,37.88
2023,KM Jadhav,Royal Challengers Bengaluru,8,5,160.00,1,0,20.00,1,20.00
2013,DH Yagnik,Rajasthan Royals,78,65,120.00,11,1,18.46,29,44.62
2016,SA Yadav,Kolkata Knight Riders,104,89,116.85,8,2,11.24,25,28.09
2013,SR Watson,Rajasthan Royals,253,171,147.95,22,12,19.88,51,29.82
2013,A Mukund,Royal Challengers Bengaluru,1,3,33.33,0,0,0.00,2,66.67
2022,Arshdeep Singh,Punjab Kings,4,6,66.67,1,0,16.67,5,83.33
2014,Mohammed Shami,Delhi Capitals,1,3,33.33,0,0,0.00,2,66.67
2021,TK Curran,Delhi Capitals,11,7,157.14,1,0,14.29,1,14.29
2013,AD Russell,Delhi Capitals,0,3,0.00,0,0,0.00,3,100.00
2015,V Sehwag,Punjab Kings,33,24,137.50,2,2,16.67,7,29.17
2019,KK Nair,Punjab Kings,4,3,133.33,0,0,0.00,0,0.00
2018,Q de Kock,Royal Challengers Bengaluru,57,42,135.71,4,3,16.67,16,38.10
2013,DW Steyn,Sunrisers Hyderabad,0,2,0.00,0,0,0.00,2,100.00
2024,F du Plessis,Royal Challengers Bengaluru,109,61,178.69,5,7,19.67,8,13.11
2025,Suryansh Shedge,Punjab Kings,6,7,85.71,0,0,0.00,1,14.29
2020,RR Pant,Delhi Capitals,235,202,116.34,22,5,13.37,65,32.18
2025,JR Hazlewood,Royal Challengers Bengaluru,0,1,0.00,0,0,0.00,1,100.00
2020,MK Lomror,Rajasthan Royals,38,34,111.76,1,2,8.82,9,26.47
2014,S Dhawan,Sunrisers Hyderabad,113,96,117.71,7,4,11.46,32,33.33
2019,YK Pathan,Sunrisers Hyderabad,10,14,71.43,1,0,7.14,7,50.00
2023,Atharva Taide,Punjab Kings,61,52,117.31,6,0,11.54,15,28.85
2023,HR Shokeen,Mumbai Indians,5,2,250.00,1,0,50.00,0,0.00
2016,MG Johnson,Punjab Kings,2,5,40.00,0,0,0.00,4,80.00
2024,G Coetzee,Mumbai Indians,5,7,71.43,0,0,0.00,1,14.29
2021,Mohammad Nabi,Sunrisers Hyderabad,34,20,170.00,3,2,25.00,5,25.00
2015,JP Duminy,Delhi Capitals,213,150,142.00,11,12,15.33,37,24.67
2020,AD Russell,Kolkata Knight Riders,112,76,147.37,8,9,22.37,34,44.74
2021,DT Christian,Royal Challengers Bengaluru,2,5,40.00,0,0,0.00,3,60.00
2018,S Dhawan,Sunrisers Hyderabad,186,128,145.31,20,6,20.31,37,28.91
2016,S Gopal,Mumbai Indians,2,16,12.50,0,0,0.00,14,87.50
2018,AT Rayudu,Chennai Super Kings,293,194,151.03,21,18,20.10,56,28.87
2013,Harbhajan Singh,Mumbai Indians,14,21,66.67,0,1,4.76,12,57.14
2021,JA Richardson,Punjab Kings,15,18,83.33,2,0,11.11,9,50.00
2021,M Shahrukh Khan,Punjab Kings,75,61,122.95,2,6,13.11,23,37.70
2021,RV Uthappa,Chennai Super Kings,55,37,148.65,2,3,13.51,7,18.92
2018,JP Duminy,Mumbai Indians,10,10,100.00,1,0,10.00,3,30.00
2014,GJ Maxwell,Punjab Kings,400,193,207.25,33,29,32.12,47,24.35
2024,Sikandar Raza,Punjab Kings,35,33,106.06,0,2,6.06,12,36.36
2025,SH Johnson,Kolkata Knight Riders,1,3,33.33,0,0,0.00,2,66.67
2024,RR Rossouw,Punjab Kings,118,54,218.52,7,10,31.48,10,18.52
2013,NLTC Perera,Sunrisers Hyderabad,112,85,131.76,6,6,14.12,25,29.41
2014,DA Warner,Sunrisers Hyderabad,271,205,132.20,14,13,13.17,59,28.78
2022,Shubman Gill,Gujarat Titans,205,129,158.91,18,6,18.60,23,17.83
2017,K Rabada,Delhi Capitals,48,52,92.31,5,1,11.54,25,48.08
2024,DJ Hooda,Lucknow Super Giants,68,59,115.25,7,0,11.86,16,27.12
2017,AF Milne,Royal Challengers Bengaluru,5,8,62.50,0,0,0.00,4,50.00
2020,SP Narine,Kolkata Knight Riders,94,53,177.36,8,6,26.42,17,32.08
2025,Q de Kock,Kolkata Knight Riders,43,27,159.26,3,2,18.52,3,11.11
2019,SO Hetmyer,Royal Challengers Bengaluru,47,38,123.68,1,4,13.16,15,39.47
2019,JC Archer,Rajasthan Royals,7,5,140.00,1,0,20.00,1,20.00
2017,KM Jadhav,Royal Challengers Bengaluru,150,100,150.00,10,7,17.00,21,21.00
2021,V Shankar,Sunrisers Hyderabad,28,23,121.74,1,2,13.04,8,34.78
2014,RV Uthappa,Kolkata Knight Riders,288,205,140.49,25,9,16.59,50,24.39
2017,R Bhatia,Lucknow Super Giants,16,17,94.12,0,1,5.88,6,35.29
2024,P Simran Singh,Punjab Kings,72,47,153.19,3,6,19.15,15,31.91
2017,CR Woakes,Kolkata Knight Riders,14,18,77.78,2,0,11.11,10,55.56
2025,JM Sharma,Royal Challengers Bengaluru,138,76,181.58,15,7,28.95,21,27.63
2024,KD Karthik,Royal Challengers Bengaluru,125,83,150.60,14,4,21.69,23,27.71
2025,RA Jadeja,Chennai Super Kings,139,114,121.93,11,3,12.28,30,26.32
2013,PC Valthaty,Punjab Kings,2,5,40.00,0,0,0.00,3,60.00
2024,S Dube,Chennai Super Kings,280,181,154.70,20,18,20.99,58,32.04
2014,STR Binny,Rajasthan Royals,88,93,94.62,2,3,5.38,37,39.78
2014,M Vijay,Delhi Capitals,97,56,173.21,9,4,23.21,10,17.86
2022,JC Buttler,Rajasthan Royals,322,214,150.47,26,15,19.16,61,28.50
2024,MR Marsh,Delhi Capitals,18,12,150.00,2,1,25.00,5,41.67
2013,AD Mathews,Lucknow Super Giants,132,102,129.41,3,9,11.76,32,31.37
2018,E Lewis,Mumbai Indians,126,93,135.48,4,11,16.13,36,38.71
2015,RG Sharma,Mumbai Indians,292,215,135.81,22,11,15.35,57,26.51
2023,PP Chawla,Mumbai Indians,17,9,188.89,1,1,22.22,1,11.11
2014,DJG Sammy,Sunrisers Hyderabad,49,49,100.00,1,4,10.20,24,48.98
2018,KS Williamson,Sunrisers Hyderabad,488,299,163.21,34,25,19.73,65,21.74
2025,Akash Madhwal,Rajasthan Royals,4,9,44.44,0,0,0.00,5,55.56
2017,AD Nath,Gujarat Titans,0,1,0.00,0,0,0.00,1,100.00
2020,UT Yadav,Royal Challengers Bengaluru,0,2,0.00,0,0,0.00,2,100.00
2020,GJ Maxwell,Punjab Kings,62,69,89.86,3,0,4.35,23,33.33
2017,DR Smith,Gujarat Titans,101,62,162.90,11,5,25.81,20,32.26
2023,NT Ellis,Punjab Kings,0,5,0.00,0,0,0.00,5,100.00
2014,RR Rossouw,Royal Challengers Bengaluru,18,19,94.74,0,1,5.26,8,42.11
2015,JA Morkel,Delhi Capitals,31,32,96.88,2,1,9.38,13,40.63
2013,LA Pomersbach,Punjab Kings,16,29,55.17,1,0,3.45,19,65.52
2022,RR Pant,Delhi Capitals,233,153,152.29,22,12,22.22,50,32.68
2023,B Sai Sudharsan,Gujarat Titans,199,141,141.13,15,7,15.60,35,24.82
2025,SP Narine,Kolkata Knight Riders,27,13,207.69,3,2,38.46,6,46.15
2023,SA Yadav,Mumbai Indians,457,244,187.30,50,22,29.51,66,27.05
2022,J Suchith,Sunrisers Hyderabad,2,7,28.57,0,0,0.00,4,57.14
2018,SP Narine,Kolkata Knight Riders,49,30,163.33,7,2,30.00,12,40.00
2016,SS Tiwary,Lucknow Super Giants,99,87,113.79,8,2,11.49,29,33.33
2014,G Gambhir,Kolkata Knight Riders,124,97,127.84,12,1,13.40,21,21.65
2017,SV Samson,Delhi Capitals,120,91,131.87,4,7,12.09,24,26.37
2019,PP Chawla,Kolkata Knight Riders,8,13,61.54,0,1,7.69,10,76.92
2024,Saurav Chauhan,Royal Challengers Bengaluru,2,3,66.67,0,0,0.00,1,33.33
2020,SN Thakur,Chennai Super Kings,11,20,55.00,0,0,0.00,10,50.00
2024,HV Patel,Punjab Kings,12,13,92.31,1,1,15.38,9,69.23
2025,VG Arora,Kolkata Knight Riders,0,7,0.00,0,0,0.00,7,100.00
2019,UT Yadav,Royal Challengers Bengaluru,10,11,90.91,0,1,9.09,7,63.64
2021,Mustafizur Rahman,Rajasthan Royals,0,3,0.00,0,0,0.00,3,100.00
2022,R Powell,Delhi Capitals,137,119,115.13,5,9,11.76,48,40.34
2025,Priyansh Arya,Punjab Kings,138,65,212.31,8,13,32.31,17,26.15
2023,KL Rahul,Lucknow Super Giants,90,81,111.11,7,1,9.88,24,29.63
2019,SV Samson,Rajasthan Royals,150,109,137.61,10,4,12.84,25,22.94
2018,N Rana,Kolkata Knight Riders,150,120,125.00,10,7,14.17,39,32.50
2024,A Kamboj,Mumbai Indians,2,2,100.00,0,0,0.00,0,0.00
2016,Ishan Kishan,Gujarat Titans,36,33,109.09,4,0,12.12,11,33.33
2021,CH Morris,Rajasthan Royals,3,8,37.50,0,0,0.00,5,62.50
2020,JC Archer,Rajasthan Royals,17,14,121.43,1,1,14.29,4,28.57
2014,MK Tiwary,Delhi Capitals,76,66,115.15,6,2,12.12,20,30.30
2013,TM Dilshan,Royal Challengers Bengaluru,23,14,164.29,3,0,21.43,1,7.14
2024,RD Gaikwad,Chennai Super Kings,227,165,137.58,15,8,13.94,40,24.24
2023,R Powell,Delhi Capitals,7,9,77.78,1,0,11.11,6,66.67
2018,DJM Short,Rajasthan Royals,58,31,187.10,4,5,29.03,12,38.71
2017,TM Head,Royal Challengers Bengaluru,82,60,136.67,5,2,11.67,9,15.00
2019,PP Shaw,Delhi Capitals,101,65,155.38,8,4,18.46,13,20.00
2025,Tilak Varma,Mumbai Indians,232,174,133.33,15,10,14.37,50,28.74
2024,R Ravindra,Chennai Super Kings,42,20,210.00,1,4,25.00,3,15.00
2021,RV Patel,Delhi Capitals,18,20,90.00,2,0,10.00,11,55.00
2013,MA Agarwal,Royal Challengers Bengaluru,14,10,140.00,0,1,10.00,2,20.00
2019,Yuvraj Singh,Mumbai Indians,90,65,138.46,6,6,18.46,24,36.92
2021,MP Stoinis,Delhi Capitals,36,36,100.00,3,0,8.33,12,33.33
2018,Mohammad Nabi,Sunrisers Hyderabad,14,10,140.00,2,0,20.00,2,20.00
2022,Rashid Khan,Gujarat Titans,6,9,66.67,0,0,0.00,3,33.33
2014,YK Pathan,Kolkata Knight Riders,196,117,167.52,10,17,23.08,42,35.90
2023,MW Short,Punjab Kings,7,9,77.78,0,0,0.00,3,33.33
2016,AD Nath,Gujarat Titans,15,16,93.75,1,0,6.25,6,37.50
2025,AM Rahane,Kolkata Knight Riders,124,106,116.98,5,5,9.43,29,27.36
2018,AD Hales,Sunrisers Hyderabad,29,29,100.00,2,0,6.90,9,31.03
2016,Shakib Al Hasan,Kolkata Knight Riders,53,55,96.36,5,1,10.91,22,40.00
2021,CR Woakes,Delhi Capitals,2,4,50.00,0,0,0.00,2,50.00
2021,M Ashwin,Punjab Kings,5,12,41.67,0,0,0.00,7,58.33
2013,SR Tendulkar,Mumbai Indians,84,61,137.70,8,2,16.39,13,21.31
2018,G Gambhir,Delhi Capitals,19,18,105.56,1,0,5.56,2,11.11
2020,V Kohli,Royal Challengers Bengaluru,263,242,108.68,7,7,5.79,65,26.86
2016,F du Plessis,Lucknow Super Giants,83,70,118.57,5,2,10.00,19,27.14
2024,GJ Maxwell,Royal Challengers Bengaluru,36,35,102.86,4,1,14.29,16,45.71
2014,AD Russell,Kolkata Knight Riders,2,8,25.00,0,0,0.00,6,75.00
2020,KA Pollard,Mumbai Indians,57,52,109.62,3,3,11.54,21,40.38
2024,PP Shaw,Delhi Capitals,47,25,188.00,4,3,28.00,5,20.00
2022,R Parag,Rajasthan Royals,63,53,118.87,3,3,11.32,17,32.08
2017,S Badree,Royal Challengers Bengaluru,10,16,62.50,0,0,0.00,8,50.00
2025,V Kohli,Royal Challengers Bengaluru,278,200,139.00,20,9,14.50,40,20.00
2021,Abdul Samad,Sunrisers Hyderabad,60,56,107.14,2,3,8.93,19,33.93
2020,HV Patel,Delhi Capitals,11,15,73.33,1,0,6.67,9,60.00
2014,V Sehwag,Punjab Kings,134,86,155.81,12,6,20.93,22,25.58
2024,R Parag,Rajasthan Royals,410,270,151.85,26,25,18.89,76,28.15
2023,Rashid Khan,Gujarat Titans,41,19,215.79,2,4,31.58,7,36.84
2014,HV Patel,Royal Challengers Bengaluru,2,1,200.00,0,0,0.00,0,0.00
2025,J Fraser-McGurk,Delhi Capitals,22,12,183.33,3,1,33.33,4,33.33
2021,DA Warner,Sunrisers Hyderabad,81,73,110.96,4,4,10.96,29,39.73
2016,PA Patel,Mumbai Indians,73,46,158.70,5,4,19.57,11,23.91
2021,WP Saha,Sunrisers Hyderabad,41,47,87.23,0,0,0.00,12,25.53
2018,JC Buttler,Rajasthan Royals,207,161,128.57,15,4,11.80,39,24.22
2019,C de Grandhomme,Royal Challengers Bengaluru,35,28,125.00,4,2,21.43,15,53.57
2025,N Wadhera,Punjab Kings,321,209,153.59,25,19,21.05,70,33.49
2015,Iqbal Abdulla,Royal Challengers Bengaluru,5,6,83.33,1,0,16.67,3,50.00
2025,MS Dhoni,Chennai Super Kings,46,54,85.19,3,1,7.41,24,44.44
2022,M Ashwin,Mumbai Indians,1,4,25.00,0,0,0.00,3,75.00
2017,Vishnu Vinod,Royal Challengers Bengaluru,2,2,100.00,0,0,0.00,0,0.00
2017,I Sharma,Punjab Kings,1,5,20.00,0,0,0.00,4,80.00
2025,Ravi Bishnoi,Lucknow Super Giants,1,2,50.00,0,0,0.00,1,50.00
2024,Harpreet Brar,Punjab Kings,22,15,146.67,3,1,26.67,5,33.33
2015,SK Raina,Chennai Super Kings,226,170,132.94,16,10,15.29,54,31.76
2021,JM Bairstow,Sunrisers Hyderabad,74,65,113.85,7,2,13.85,27,41.54
2023,DJ Willey,Royal Challengers Bengaluru,14,15,93.33,1,0,6.67,6,40.00
2013,Azhar Mahmood,Punjab Kings,145,102,142.16,15,4,18.63,25,24.51
2014,WP Saha,Punjab Kings,168,121,138.84,12,9,17.36,39,32.23
2022,SW Billings,Kolkata Knight Riders,138,109,126.61,7,8,13.76,37,33.94
2019,SR Watson,Chennai Super Kings,147,82,179.27,16,7,28.05,23,28.05
2025,AD Russell,Kolkata Knight Riders,98,73,134.25,11,7,24.66,40,54.79
2022,HE van der Dussen,Rajasthan Royals,9,13,69.23,1,0,7.69,7,53.85
2025,Mohammed Shami,Sunrisers Hyderabad,1,3,33.33,0,0,0.00,2,66.67
2017,DJ Hooda,Sunrisers Hyderabad,25,19,131.58,2,1,15.79,5,26.32
2023,HC Brook,Sunrisers Hyderabad,60,41,146.34,6,2,19.51,14,34.15
2020,CH Morris,Royal Challengers Bengaluru,0,2,0.00,0,0,0.00,2,100.00
2013,RE van der Merwe,Delhi Capitals,14,16,87.50,1,0,6.25,6,37.50
2023,MK Pandey,Delhi Capitals,108,96,112.50,8,3,11.46,33,34.38
2023,DP Conway,Chennai Super Kings,293,193,151.81,28,9,19.17,43,22.28
2014,GJ Bailey,Punjab Kings,68,88,77.27,4,0,4.55,39,44.32
2016,M Vijay,Punjab Kings,173,134,129.10,13,5,13.43,36,26.87
2014,NV Ojha,Sunrisers Hyderabad,107,80,133.75,3,9,15.00,29,36.25
2023,RV Patel,Delhi Capitals,7,13,53.85,0,0,0.00,5,38.46
2022,TA Boult,Rajasthan Royals,1,3,33.33,0,0,0.00,2,66.67
2025,A Badoni,Lucknow Super Giants,208,151,137.75,16,8,15.89,45,29.80
2022,DR Sams,Mumbai Indians,16,14,114.29,0,1,7.14,5,35.71
2023,Arshad Khan,Mumbai Indians,2,4,50.00,0,0,0.00,2,50.00
2018,BB Sran,Punjab Kings,1,1,100.00,0,0,0.00,0,0.00
2019,KA Pollard,Mumbai Indians,118,90,131.11,6,7,14.44,27,30.00
2024,Sameer Rizvi,Chennai Super Kings,22,29,75.86,1,0,3.45,14,48.28
2016,BB McCullum,Gujarat Titans,81,66,122.73,8,2,15.15,18,27.27
2019,SPD Smith,Rajasthan Royals,191,166,115.06,19,1,12.05,48,28.92
2014,AP Tare,Mumbai Indians,21,11,190.91,3,1,36.36,4,36.36
2016,KV Sharma,Sunrisers Hyderabad,0,1,0.00,0,0,0.00,0,0.00
2022,GJ Maxwell,Royal Challengers Bengaluru,147,93,158.06,11,10,22.58,33,35.48
2018,AB de Villiers,Royal Challengers Bengaluru,310,185,167.57,18,22,21.62,47,25.41
2023,RK Singh,Kolkata Knight Riders,213,173,123.12,14,8,12.72,52,30.06
2023,HH Pandya,Gujarat Titans,183,138,132.61,13,7,14.49,37,26.81
2024,DA Miller,Gujarat Titans,121,88,137.50,12,3,17.05,19,21.59
2016,NLTC Perera,Lucknow Super Giants,57,43,132.56,3,3,13.95,15,34.88
2025,Nithish Kumar Reddy,Sunrisers Hyderabad,102,92,110.87,9,1,10.87,28,30.43
2024,SO Hetmyer,Rajasthan Royals,29,26,111.54,2,1,11.54,9,34.62
2023,YV Dhull,Delhi Capitals,7,10,70.00,0,0,0.00,3,30.00
2016,DA Warner,Sunrisers Hyderabad,307,199,154.27,28,11,19.60,47,23.62
2013,DB Ravi Teja,Sunrisers Hyderabad,10,13,76.92,0,0,0.00,3,23.08
2023,KV Sharma,Royal Challengers Bengaluru,1,3,33.33,0,0,0.00,2,66.67
2016,R Vinay Kumar,Mumbai Indians,2,3,66.67,0,0,0.00,1,33.33
2017,AJ Finch,Gujarat Titans,155,95,163.16,11,10,22.11,25,26.32
2022,AM Rahane,Kolkata Knight Riders,33,27,122.22,4,0,14.81,7,25.93
2025,SE Rutherford,Gujarat Titans,194,119,163.03,15,12,22.69,34,28.57
2017,LMP Simmons,Mumbai Indians,35,22,159.09,3,2,22.73,6,27.27
2023,A Nortje,Delhi Capitals,1,1,100.00,0,0,0.00,0,0.00
2017,IR Jaggi,Kolkata Knight Riders,27,26,103.85,3,0,11.54,10,38.46
2020,Abhishek Sharma,Sunrisers Hyderabad,44,32,137.50,4,2,18.75,11,34.38
2019,BCJ Cutting,Mumbai Indians,3,4,75.00,0,0,0.00,1,25.00
2024,RM Patidar,Royal Challengers Bengaluru,294,158,186.08,10,28,24.05,43,27.22
2013,AC Gilchrist,Punjab Kings,81,63,128.57,11,1,19.05,21,33.33
2022,R Dhawan,Punjab Kings,5,21,23.81,0,0,0.00,16,76.19
2013,SV Samson,Rajasthan Royals,126,111,113.51,8,4,10.81,37,33.33
2019,Abhishek Sharma,Sunrisers Hyderabad,2,3,66.67,0,0,0.00,1,33.33
2015,STR Binny,Rajasthan Royals,25,34,73.53,2,0,5.88,14,41.18
2017,V Kohli,Royal Challengers Bengaluru,135,106,127.36,8,4,11.32,25,23.58
2019,AB de Villiers,Royal Challengers Bengaluru,227,150,151.33,15,12,18.00,36,24.00
2023,S Dube,Chennai Super Kings,323,213,151.64,10,26,16.90,63,29.58
2014,BJ Hodge,Rajasthan Royals,31,32,96.88,0,1,3.13,11,34.38
2019,F du Plessis,Chennai Super Kings,156,116,134.48,9,7,13.79,29,25.00
2015,EJG Morgan,Sunrisers Hyderabad,118,91,129.67,6,8,15.38,35,38.46
2022,RV Patel,Delhi Capitals,6,3,200.00,0,1,33.33,2,66.67
2021,MK Pandey,Sunrisers Hyderabad,150,114,131.58,9,5,12.28,31,27.19
2025,R Ravindra,Chennai Super Kings,44,39,112.82,2,1,7.69,9,23.08
2013,MK Pandey,Lucknow Super Giants,56,58,96.55,3,1,6.90,17,29.31
2021,Lalit Yadav,Delhi Capitals,34,47,72.34,3,0,6.38,21,44.68
2025,R Shepherd,Royal Challengers Bengaluru,0,1,0.00,0,0,0.00,1,100.00
2022,V Kohli,Royal Challengers Bengaluru,151,125,120.80,10,4,11.20,35,28.00
2016,AB de Villiers,Royal Challengers Bengaluru,405,237,170.89,26,24,21.10,46,19.41
2015,DJ Bravo,Chennai Super Kings,103,92,111.96,11,2,14.13,34,36.96
2013,SE Marsh,Punjab Kings,146,105,139.05,16,3,18.10,25,23.81
2017,MJ McClenaghan,Mumbai Indians,2,3,66.67,0,0,0.00,1,33.33
2019,J Suchith,Delhi Capitals,6,15,40.00,0,0,0.00,9,60.00
2019,DJ Hooda,Sunrisers Hyderabad,36,47,76.60,2,0,4.26,20,42.55
2013,KK Cooper,Rajasthan Royals,4,4,100.00,1,0,25.00,3,75.00
2018,KM Jadhav,Chennai Super Kings,13,14,92.86,0,1,7.14,5,35.71
2013,R Dhawan,Mumbai Indians,13,12,108.33,2,0,16.67,5,41.67
2013,B Laughlin,Chennai Super Kings,4,8,50.00,0,0,0.00,4,50.00
2022,CJ Jordan,Chennai Super Kings,0,1,0.00,0,0,0.00,1,100.00
2018,P Chopra,Rajasthan Royals,8,6,133.33,2,0,33.33,4,66.67
2023,A Manohar,Gujarat Titans,63,56,112.50,5,2,12.50,19,33.93
2022,WP Saha,Gujarat Titans,75,72,104.17,7,0,9.72,21,29.17
2024,A Badoni,Lucknow Super Giants,102,79,129.11,8,2,12.66,19,24.05
2017,SA Yadav,Kolkata Knight Riders,66,60,110.00,5,1,10.00,17,28.33
2015,MEK Hussey,Chennai Super Kings,42,29,144.83,2,2,13.79,7,24.14
2025,H Klaasen,Sunrisers Hyderabad,310,190,163.16,25,14,20.53,35,18.42
2020,JC Buttler,Rajasthan Royals,173,119,145.38,11,9,16.81,41,34.45
2018,PA Patel,Royal Challengers Bengaluru,26,23,113.04,3,0,13.04,6,26.09
2020,SM Curran,Chennai Super Kings,70,54,129.63,3,5,14.81,21,38.89
2025,V Nigam,Delhi Capitals,65,39,166.67,7,3,25.64,11,28.21
2014,LMP Simmons,Mumbai Indians,179,120,149.17,12,9,17.50,37,30.83
2017,Kuldeep Yadav,Kolkata Knight Riders,4,7,57.14,0,0,0.00,3,42.86
2013,M Vijay,Chennai Super Kings,61,60,101.67,4,1,8.33,23,38.33
2020,DL Chahar,Chennai Super Kings,0,3,0.00,0,0,0.00,2,66.67
2016,SV Samson,Delhi Capitals,162,123,131.71,10,5,12.20,30,24.39
2024,MS Wade,Gujarat Titans,4,6,66.67,0,0,0.00,2,33.33
2021,MA Agarwal,Punjab Kings,183,112,163.39,14,10,21.43,31,27.68
2014,RN ten Doeschate,Kolkata Knight Riders,6,9,66.67,1,0,11.11,5,55.56
2017,MC Henriques,Sunrisers Hyderabad,131,106,123.58,11,2,12.26,29,27.36
2024,TM Head,Sunrisers Hyderabad,110,77,142.86,8,6,18.18,25,32.47
2022,JM Bairstow,Punjab Kings,64,60,106.67,8,0,13.33,20,33.33
2022,D Brevis,Mumbai Indians,85,56,151.79,4,8,21.43,24,42.86
2022,R Tewatia,Gujarat Titans,59,59,100.00,6,1,11.86,23,38.98
2023,Noor Ahmad,Gujarat Titans,1,3,33.33,0,0,0.00,2,66.67
2023,S Dhawan,Punjab Kings,145,97,149.48,18,4,22.68,32,32.99
2024,JM Bairstow,Punjab Kings,105,57,184.21,6,9,26.32,20,35.09
2023,Q de Kock,Lucknow Super Giants,58,43,134.88,3,3,13.95,11,25.58
2018,Basil Thampi,Sunrisers Hyderabad,3,6,50.00,0,0,0.00,3,50.00
2022,SS Iyer,Kolkata Knight Riders,200,142,140.85,13,9,15.49,38,26.76
2023,SO Hetmyer,Rajasthan Royals,125,104,120.19,3,9,11.54,38,36.54
2015,HH Pandya,Mumbai Indians,22,17,129.41,1,1,11.76,3,17.65
2022,F du Plessis,Royal Challengers Bengaluru,189,123,153.66,12,10,17.89,33,26.83
2019,MS Dhoni,Chennai Super Kings,159,158,100.63,5,7,7.59,57,36.08
2021,NM Coulter-Nile,Mumbai Indians,1,1,100.00,0,0,0.00,0,0.00
2024,DA Warner,Delhi Capitals,33,28,117.86,4,1,17.86,11,39.29
2021,KL Rahul,Punjab Kings,254,160,158.75,11,16,16.88,32,20.00
2022,JR Hazlewood,Royal Challengers Bengaluru,3,11,27.27,0,0,0.00,8,72.73
2014,KP Pietersen,Delhi Capitals,93,81,114.81,9,2,13.58,29,35.80
2025,Aniket Verma,Sunrisers Hyderabad,149,89,167.42,5,15,22.47,33,37.08
2022,Harpreet Brar,Punjab Kings,15,20,75.00,1,1,10.00,13,65.00
2023,N Jagadeesan,Kolkata Knight Riders,14,13,107.69,2,0,15.38,6,46.15
2015,RN ten Doeschate,Kolkata Knight Riders,27,27,100.00,1,1,7.41,10,37.04
2014,JD Unadkat,Delhi Capitals,1,5,20.00,0,0,0.00,4,80.00
2024,Naman Dhir,Mumbai Indians,46,23,200.00,4,3,30.43,6,26.09
2022,DJ Bravo,Chennai Super Kings,12,16,75.00,0,1,6.25,9,56.25
2024,T Stubbs,Delhi Capitals,144,114,126.32,6,8,12.28,33,28.95
2022,SP Narine,Kolkata Knight Riders,37,21,176.19,5,2,33.33,10,47.62
2017,MG Johnson,Mumbai Indians,2,6,33.33,0,0,0.00,4,66.67
2021,Shahbaz Ahmed,Royal Challengers Bengaluru,15,19,78.95,2,0,10.53,9,47.37
2013,M Vohra,Punjab Kings,53,40,132.50,5,1,15.00,11,27.50
2016,DR Smith,Gujarat Titans,113,72,156.94,10,7,23.61,24,33.33
2022,RA Tripathi,Sunrisers Hyderabad,208,128,162.50,16,11,21.09,32,25.00
2013,M Manhas,Lucknow Super Giants,9,10,90.00,1,0,10.00,5,50.00
2016,JC Buttler,Mumbai Indians,167,114,146.49,14,7,18.42,31,27.19
2019,C Munro,Delhi Capitals,34,31,109.68,3,2,16.13,16,51.61
2017,Mohammed Shami,Delhi Capitals,8,5,160.00,0,1,20.00,2,40.00
2019,RR Pant,Delhi Capitals,309,211,146.45,24,12,17.06,51,24.17
2024,Sumit Kumar,Delhi Capitals,16,14,114.29,2,1,21.43,8,57.14
2017,DA Miller,Punjab Kings,48,52,92.31,2,2,7.69,21,40.38
2015,SA Abbott,Royal Challengers Bengaluru,1,4,25.00,0,0,0.00,3,75.00
2018,SP Goswami,Sunrisers Hyderabad,5,6,83.33,0,0,0.00,2,33.33
2016,HH Pandya,Mumbai Indians,11,14,78.57,0,0,0.00,5,35.71
2022,HR Shokeen,Mumbai Indians,42,40,105.00,5,0,12.50,18,45.00
2022,AK Markram,Sunrisers Hyderabad,249,180,138.33,16,12,15.56,49,27.22
2014,SK Raina,Chennai Super Kings,282,182,154.95,26,11,20.33,51,28.02
2022,KL Rahul,Lucknow Super Giants,265,164,161.59,15,15,18.29,29,17.68
2015,AR Patel,Punjab Kings,132,108,122.22,8,6,12.96,33,30.56
2023,R Tewatia,Gujarat Titans,18,21,85.71,1,0,4.76,7,33.33
2016,EJG Morgan,Sunrisers Hyderabad,75,65,115.38,7,1,12.31,21,32.31
2018,HH Pandya,Mumbai Indians,146,114,128.07,13,4,14.91,34,29.82
2015,DR Smith,Chennai Super Kings,105,63,166.67,11,5,25.40,20,31.75
2016,HM Amla,Punjab Kings,46,26,176.92,6,1,26.92,4,15.38
2023,B Kumar,Sunrisers Hyderabad,21,24,87.50,2,0,8.33,9,37.50
2020,V Shankar,Sunrisers Hyderabad,72,72,100.00,8,0,11.11,29,40.28
2016,KH Pandya,Mumbai Indians,165,79,208.86,14,11,31.65,20,25.32
2018,S Gopal,Rajasthan Royals,13,12,108.33,1,0,8.33,4,33.33
2018,TK Curran,Kolkata Knight Riders,17,15,113.33,3,0,20.00,7,46.67
2018,MK Pandey,Sunrisers Hyderabad,160,133,120.30,12,2,10.53,36,27.07
2022,DA Miller,Gujarat Titans,289,222,130.18,14,15,13.06,61,27.48
2022,DJ Willey,Royal Challengers Bengaluru,9,16,56.25,2,0,12.50,12,75.00
2020,EJG Morgan,Kolkata Knight Riders,200,178,112.36,13,10,12.92,68,38.20
2022,KA Pollard,Mumbai Indians,54,73,73.97,2,2,5.48,34,46.58
2015,A Ashish Reddy,Sunrisers Hyderabad,17,15,113.33,0,1,6.67,6,40.00
2023,P Simran Singh,Punjab Kings,100,56,178.57,4,9,23.21,16,28.57
2024,AM Rahane,Chennai Super Kings,78,60,130.00,7,2,15.00,16,26.67
2024,S Dhawan,Punjab Kings,49,35,140.00,4,2,17.14,9,25.71
2019,P Ray Barman,Royal Challengers Bengaluru,19,24,79.17,2,0,8.33,11,45.83
2019,AD Nath,Royal Challengers Bengaluru,39,40,97.50,3,1,10.00,16,40.00
2015,MG Johnson,Punjab Kings,2,6,33.33,0,0,0.00,4,66.67
2016,AP Tare,Sunrisers Hyderabad,0,1,0.00,0,0,0.00,1,100.00
2014,CJ Anderson,Mumbai Indians,203,120,169.17,17,11,23.33,36,30.00
2017,AM Rahane,Lucknow Super Giants,116,94,123.40,9,3,12.77,28,29.79
2013,PP Chawla,Punjab Kings,41,32,128.13,1,3,12.50,12,37.50
2022,HH Pandya,Gujarat Titans,293,219,133.79,27,7,15.53,61,27.85
2014,JP Duminy,Delhi Capitals,192,190,101.05,5,6,5.79,53,27.89
2021,AT Rayudu,Chennai Super Kings,163,116,140.52,9,10,16.38,34,29.31
2019,Rashid Khan,Sunrisers Hyderabad,1,2,50.00,0,0,0.00,1,50.00
2022,JDS Neesham,Rajasthan Royals,21,19,110.53,2,0,10.53,5,26.32
2022,Shahbaz Ahmed,Royal Challengers Bengaluru,171,143,119.58,11,6,11.89,48,33.57
2025,A Mhatre,Chennai Super Kings,47,25,188.00,2,3,20.00,3,12.00
2024,Ishan Kishan,Mumbai Indians,64,51,125.49,4,3,13.73,16,31.37
2019,MP Stoinis,Royal Challengers Bengaluru,78,74,105.41,1,5,8.11,26,35.14
2019,Shubman Gill,Kolkata Knight Riders,143,102,140.20,7,7,13.73,24,23.53
2020,MA Agarwal,Punjab Kings,146,81,180.25,12,7,23.46,15,18.52
2023,A Badoni,Lucknow Super Giants,96,81,118.52,5,4,11.11,27,33.33
2023,M Jansen,Sunrisers Hyderabad,16,17,94.12,2,0,11.76,6,35.29
2022,RA Jadeja,Chennai Super Kings,27,43,62.79,0,0,0.00,16,37.21
2018,CJ Anderson,Royal Challengers Bengaluru,17,22,77.27,0,1,4.55,10,45.45
2020,SS Iyer,Delhi Capitals,288,228,126.32,13,10,10.09,52,22.81
2020,KL Rahul,Punjab Kings,249,195,127.69,18,8,13.33,49,25.13
2018,Shubman Gill,Kolkata Knight Riders,117,82,142.68,9,4,15.85,19,23.17
2018,SA Yadav,Mumbai Indians,187,141,132.62,21,3,17.02,43,30.50
2013,DA Miller,Punjab Kings,267,174,153.45,16,14,17.24,39,22.41
2018,TG Southee,Royal Challengers Bengaluru,8,15,53.33,0,0,0.00,8,53.33
2025,Simarjeet Singh,Sunrisers Hyderabad,0,1,0.00,0,0,0.00,1,100.00
2016,AJ Finch,Gujarat Titans,213,151,141.06,21,8,19.21,46,30.46
2013,MS Gony,Punjab Kings,9,7,128.57,2,0,28.57,4,57.14
2023,AK Markram,Sunrisers Hyderabad,171,133,128.57,12,5,12.78,32,24.06
2021,PP Shaw,Delhi Capitals,116,75,154.67,9,6,20.00,17,22.67
2024,A Manohar,Gujarat Titans,7,7,100.00,1,0,14.29,3,42.86
2023,N Rana,Kolkata Knight Riders,262,174,150.57,23,14,21.26,57,32.76
2023,Aman Hakim Khan,Delhi Capitals,71,70,101.43,4,4,11.43,33,47.14
2014,Shakib Al Hasan,Kolkata Knight Riders,122,90,135.56,9,5,15.56,29,32.22
2013,SK Raina,Chennai Super Kings,297,207,143.48,21,11,15.46,44,21.26
2020,JO Holder,Sunrisers Hyderabad,39,28,139.29,1,3,14.29,9,32.14
2017,YS Chahal,Royal Challengers Bengaluru,0,2,0.00,0,0,0.00,2,100.00
2013,A Mishra,Sunrisers Hyderabad,45,58,77.59,3,0,5.17,26,44.83
2014,AB de Villiers,Royal Challengers Bengaluru,243,160,151.88,12,15,16.88,44,27.50
2020,DW Steyn,Royal Challengers Bengaluru,0,1,0.00,0,0,0.00,1,100.00
2022,PBB Rajapaksa,Punjab Kings,124,79,156.96,7,8,18.99,23,29.11
2015,M Vijay,Punjab Kings,40,35,114.29,3,1,11.43,13,37.14
2023,CJ Jordan,Mumbai Indians,2,4,50.00,0,0,0.00,2,50.00
2017,AB Dinda,Lucknow Super Giants,7,6,116.67,1,0,16.67,2,33.33
2015,P Kumar,Sunrisers Hyderabad,7,5,140.00,1,0,20.00,1,20.00
2020,MS Dhoni,Chennai Super Kings,85,93,91.40,5,1,6.45,38,40.86
2023,R Ashwin,Rajasthan Royals,31,27,114.81,1,2,11.11,12,44.44
2016,Gurkeerat Singh,Punjab Kings,63,59,106.78,6,0,10.17,19,32.20
2017,DT Christian,Lucknow Super Giants,4,2,200.00,1,0,50.00,1,50.00
2025,M Jansen,Punjab Kings,20,17,117.65,1,1,11.76,6,35.29
2023,MP Stoinis,Lucknow Super Giants,268,186,144.09,14,19,17.74,59,31.72
2013,B Kumar,Lucknow Super Giants,2,11,18.18,0,0,0.00,9,81.82
2022,B Kumar,Sunrisers Hyderabad,0,1,0.00,0,0,0.00,1,100.00
2025,TM Head,Sunrisers Hyderabad,96,55,174.55,9,5,25.45,13,23.64
2018,F du Plessis,Chennai Super Kings,43,37,116.22,2,2,10.81,13,35.14
2023,AS Joseph,Gujarat Titans,7,8,87.50,1,0,12.50,3,37.50
2013,LR Shukla,Kolkata Knight Riders,3,12,25.00,0,0,0.00,9,75.00
2013,X Thalaivan Sargunam,Sunrisers Hyderabad,10,17,58.82,0,0,0.00,9,52.94
2017,Imran Tahir,Lucknow Super Giants,0,2,0.00,0,0,0.00,2,100.00
2013,RV Uthappa,Lucknow Super Giants,117,101,115.84,7,5,11.88,35,34.65
2025,RR Pant,Lucknow Super Giants,108,92,117.39,9,5,15.22,38,41.30
2020,AM Rahane,Delhi Capitals,31,23,134.78,1,1,8.70,2,8.70
2022,R Ashwin,Rajasthan Royals,69,61,113.11,1,4,8.20,18,29.51
2024,Mukesh Kumar,Delhi Capitals,1,1,100.00,0,0,0.00,0,0.00
2017,DA Warner,Sunrisers Hyderabad,282,193,146.11,21,13,17.62,52,26.94
2015,CH Gayle,Royal Challengers Bengaluru,138,84,164.29,4,13,20.24,21,25.00
2022,RM Patidar,Royal Challengers Bengaluru,200,113,176.99,12,13,22.12,20,17.70
2020,Gurkeerat Singh,Royal Challengers Bengaluru,32,40,80.00,4,0,10.00,21,52.50
2019,A Mishra,Delhi Capitals,8,9,88.89,1,0,11.11,4,44.44
2019,KS Williamson,Sunrisers Hyderabad,88,82,107.32,6,2,9.76,28,34.15
2024,VR Iyer,Kolkata Knight Riders,182,131,138.93,13,9,16.79,42,32.06
2013,KM Jadhav,Delhi Capitals,69,71,97.18,5,0,7.04,21,29.58
2022,RD Chahar,Punjab Kings,6,13,46.15,0,0,0.00,8,61.54
2025,JC Archer,Rajasthan Royals,34,30,113.33,2,2,13.33,13,43.33
2019,Navdeep Saini,Royal Challengers Bengaluru,2,3,66.67,0,0,0.00,1,33.33
2024,PP Chawla,Mumbai Indians,4,8,50.00,0,0,0.00,4,50.00
2016,RG Sharma,Mumbai Indians,153,132,115.91,10,4,10.61,36,27.27
2020,RA Tripathi,Kolkata Knight Riders,62,60,103.33,3,1,6.67,16,26.67
2022,K Rabada,Punjab Kings,6,17,35.29,0,0,0.00,11,64.71
2015,R Ashwin,Chennai Super Kings,2,2,100.00,0,0,0.00,0,0.00
2022,A Manohar,Gujarat Titans,58,38,152.63,7,2,23.68,12,31.58
2018,Rashid Khan,Sunrisers Hyderabad,6,9,66.67,0,0,0.00,4,44.44
2020,KM Jadhav,Chennai Super Kings,48,41,117.07,6,0,14.63,14,34.15
2017,Sachin Baby,Royal Challengers Bengaluru,3,7,42.86,0,0,0.00,4,57.14
2014,JA Morkel,Royal Challengers Bengaluru,31,28,110.71,0,3,10.71,14,50.00
2016,S Dhawan,Sunrisers Hyderabad,211,177,119.21,20,2,12.43,55,31.07
2018,AD Nath,Punjab Kings,7,6,116.67,1,0,16.67,3,50.00
2024,KH Pandya,Lucknow Super Giants,59,51,115.69,2,3,9.80,17,33.33
2018,CR Woakes,Royal Challengers Bengaluru,10,8,125.00,0,1,12.50,3,37.50
2022,S Dube,Chennai Super Kings,197,131,150.38,16,10,19.85,42,32.06
2024,RK Singh,Kolkata Knight Riders,79,61,129.51,5,3,13.11,18,29.51
2017,A Choudhary,Royal Challengers Bengaluru,1,1,100.00,0,0,0.00,0,0.00
2017,Z Khan,Delhi Capitals,2,11,18.18,0,0,0.00,9,81.82
2025,KH Pandya,Royal Challengers Bengaluru,68,49,138.78,3,4,14.29,17,34.69
2018,JD Unadkat,Rajasthan Royals,26,15,173.33,4,1,33.33,6,40.00
2021,SS Tiwary,Mumbai Indians,73,66,110.61,4,2,9.09,19,28.79
2019,Ishan Kishan,Mumbai Indians,78,75,104.00,6,3,12.00,31,41.33
2023,Anmolpreet Singh,Sunrisers Hyderabad,7,7,100.00,1,0,14.29,3,42.86
2019,IS Sodhi,Rajasthan Royals,4,8,50.00,0,0,0.00,4,50.00
2025,T Stubbs,Delhi Capitals,159,124,128.23,9,6,12.10,29,23.39
2024,B Sai Sudharsan,Gujarat Titans,304,194,156.70,28,10,19.59,40,20.62
2022,PP Shaw,Delhi Capitals,46,25,184.00,4,3,28.00,6,24.00
2013,DA Warner,Delhi Capitals,210,152,138.16,15,8,15.13,36,23.68
2022,RV Uthappa,Chennai Super Kings,63,38,165.79,2,6,21.05,13,34.21
2020,N Pooran,Punjab Kings,237,139,170.50,17,16,23.74,42,30.22
2013,JP Faulkner,Rajasthan Royals,3,7,42.86,0,0,0.00,5,71.43
2019,AT Rayudu,Chennai Super Kings,169,166,101.81,11,4,9.04,58,34.94
2015,WP Saha,Punjab Kings,107,94,113.83,1,4,5.32,24,25.53
2020,F du Plessis,Chennai Super Kings,167,132,126.52,12,3,11.36,25,18.94
2015,MC Henriques,Sunrisers Hyderabad,134,110,121.82,8,5,11.82,34,30.91
2018,Harbhajan Singh,Chennai Super Kings,16,19,84.21,2,0,10.53,9,47.37
2022,YBK Jaiswal,Rajasthan Royals,74,57,129.82,6,2,14.04,14,24.56
2023,MK Lomror,Royal Challengers Bengaluru,100,57,175.44,4,8,21.05,13,22.81
2014,AM Rahane,Rajasthan Royals,109,90,121.11,9,1,11.11,23,25.56
2020,Mandeep Singh,Punjab Kings,83,64,129.69,7,2,14.06,17,26.56
2022,MR Marsh,Delhi Capitals,71,69,102.90,3,3,8.70,23,33.33
2018,C de Grandhomme,Royal Challengers Bengaluru,35,31,112.90,2,1,9.68,10,32.26
2024,Abhishek Sharma,Sunrisers Hyderabad,99,50,198.00,8,8,32.00,16,32.00
2019,SW Billings,Chennai Super Kings,0,4,0.00,0,0,0.00,4,100.00
2020,Imran Tahir,Chennai Super Kings,0,2,0.00,0,0,0.00,1,50.00
2014,SR Watson,Rajasthan Royals,165,111,148.65,13,11,21.62,51,45.95
2018,RV Uthappa,Kolkata Knight Riders,161,109,147.71,14,10,22.02,42,38.53
2020,Shubman Gill,Kolkata Knight Riders,133,122,109.02,8,2,8.20,37,30.33
2023,Harpreet Brar,Punjab Kings,12,14,85.71,1,0,7.14,5,35.71
2015,S Dhawan,Sunrisers Hyderabad,107,76,140.79,8,4,15.79,18,23.68
2024,AR Patel,Delhi Capitals,128,94,136.17,10,6,17.02,33,35.11
2016,DJ Hooda,Sunrisers Hyderabad,102,85,120.00,7,3,11.76,27,31.76
2017,KS Williamson,Sunrisers Hyderabad,151,100,151.00,10,7,17.00,24,24.00
2022,SP Jackson,Kolkata Knight Riders,10,12,83.33,0,1,8.33,7,58.33
2024,DG Nalkande,Gujarat Titans,12,11,109.09,0,1,9.09,4,36.36
2021,C Sakariya,Rajasthan Royals,1,5,20.00,0,0,0.00,3,60.00
2013,SMSM Senanayake,Kolkata Knight Riders,1,1,100.00,0,0,0.00,0,0.00
2024,Rasikh Salam,Delhi Capitals,13,21,61.90,1,0,4.76,11,52.38
2019,SA Yadav,Mumbai Indians,266,203,131.03,22,7,14.29,50,24.63
2017,CJ Anderson,Delhi Capitals,54,72,75.00,2,2,5.56,39,54.17
2018,S Kaul,Sunrisers Hyderabad,2,5,40.00,0,0,0.00,4,80.00
2021,Mohammed Siraj,Royal Challengers Bengaluru,2,1,200.00,0,0,0.00,0,0.00
2023,Kuldeep Yadav,Delhi Capitals,1,2,50.00,0,0,0.00,1,50.00
2017,Ishan Kishan,Gujarat Titans,54,62,87.10,4,1,8.06,26,41.94
2023,DA Miller,Gujarat Titans,138,90,153.33,7,8,16.67,18,20.00
2015,S Nadeem,Delhi Capitals,2,4,50.00,0,0,0.00,2,50.00
2025,SK Rasheed,Chennai Super Kings,2,3,66.67,0,0,0.00,1,33.33
2017,C de Grandhomme,Kolkata Knight Riders,96,58,165.52,8,5,22.41,12,20.69
2013,R Ashwin,Chennai Super Kings,7,14,50.00,0,0,0.00,7,50.00
2015,UBT Chand,Mumbai Indians,61,45,135.56,7,2,20.00,15,33.33
2020,PK Garg,Sunrisers Hyderabad,60,65,92.31,3,0,4.62,24,36.92
2025,Yash Dayal,Royal Challengers Bengaluru,0,1,0.00,0,0,0.00,1,100.00
2021,S Dhawan,Delhi Capitals,272,202,134.65,24,8,15.84,57,28.22
2025,KA Jamieson,Punjab Kings,0,3,0.00,0,0,0.00,2,66.67
2016,RA Jadeja,Gujarat Titans,89,93,95.70,6,0,6.45,33,35.48
2022,Mukesh Choudhary,Chennai Super Kings,4,4,100.00,1,0,25.00,3,75.00
2021,SPD Smith,Delhi Capitals,78,68,114.71,7,0,10.29,17,25.00
2023,Vishnu Vinod,Mumbai Indians,35,27,129.63,2,2,14.81,9,33.33
2014,DA Miller,Punjab Kings,295,215,137.21,27,9,16.74,64,29.77
2013,DJ Bravo,Chennai Super Kings,11,26,42.31,0,0,0.00,16,61.54
2018,CH Morris,Delhi Capitals,4,5,80.00,0,0,0.00,1,20.00
2018,DJ Bravo,Chennai Super Kings,47,42,111.90,2,3,11.90,16,38.10
2023,RG Sharma,Mumbai Indians,88,56,157.14,10,3,23.21,16,28.57
2020,RG Sharma,Mumbai Indians,139,97,143.30,9,9,18.56,30,30.93
2025,D Brevis,Chennai Super Kings,161,93,173.12,8,13,22.58,27,29.03
2019,YS Chahal,Royal Challengers Bengaluru,4,12,33.33,0,0,0.00,10,83.33
2015,MK Pandey,Kolkata Knight Riders,115,87,132.18,7,5,13.79,24,27.59
2019,LS Livingstone,Rajasthan Royals,6,6,100.00,1,0,16.67,3,50.00
2017,MM Sharma,Punjab Kings,21,21,100.00,1,1,9.52,9,42.86
2025,PWH de Silva,Rajasthan Royals,8,11,72.73,0,0,0.00,5,45.45
2014,S Nadeem,Delhi Capitals,5,17,29.41,0,0,0.00,12,70.59
2023,N Pooran,Lucknow Super Giants,219,129,169.77,15,18,25.58,47,36.43
2020,SS Tiwary,Mumbai Indians,81,67,120.90,6,2,11.94,21,31.34
2021,V Kohli,Royal Challengers Bengaluru,141,126,111.90,11,3,11.11,39,30.95
2021,EJG Morgan,Kolkata Knight Riders,80,78,102.56,4,4,10.26,32,41.03
2019,SN Khan,Punjab Kings,103,83,124.10,12,2,16.87,28,33.73
2021,JJ Roy,Sunrisers Hyderabad,48,35,137.14,5,1,17.14,10,28.57
2025,WG Jacks,Mumbai Indians,98,75,130.67,8,5,17.33,27,36.00
2017,V Shankar,Sunrisers Hyderabad,60,41,146.34,7,1,19.51,10,24.39
2021,YBK Jaiswal,Rajasthan Royals,47,34,138.24,2,4,17.65,12,35.29
2016,DS Kulkarni,Gujarat Titans,2,3,66.67,0,0,0.00,1,33.33
2024,Dhruv Jurel,Rajasthan Royals,109,80,136.25,10,4,17.50,25,31.25
2019,SK Raina,Chennai Super Kings,218,176,123.86,21,5,14.77,49,27.84
2014,VR Aaron,Royal Challengers Bengaluru,1,5,20.00,0,0,0.00,4,80.00
2013,BJ Hodge,Rajasthan Royals,146,120,121.67,16,3,15.83,43,35.83
2025,PVD Chameera,Delhi Capitals,3,3,100.00,0,0,0.00,0,0.00
2024,MK Lomror,Royal Challengers Bengaluru,73,37,197.30,4,6,27.03,7,18.92
2024,KS Williamson,Gujarat Titans,6,7,85.71,1,0,14.29,4,57.14
2024,Nithish Kumar Reddy,Sunrisers Hyderabad,212,133,159.40,11,16,20.30,40,30.08
2013,MG Johnson,Mumbai Indians,12,9,133.33,2,0,22.22,3,33.33
2013,AT Rayudu,Mumbai Indians,124,132,93.94,8,1,6.82,44,33.33
2025,C Bosch,Mumbai Indians,4,9,44.44,0,0,0.00,6,66.67
2025,SV Samson,Rajasthan Royals,101,71,142.25,7,5,16.90,19,26.76
2022,LS Livingstone,Punjab Kings,288,163,176.69,17,23,24.54,46,28.22
2017,RA Jadeja,Gujarat Titans,99,78,126.92,9,2,14.10,26,33.33
2021,LH Ferguson,Kolkata Knight Riders,2,2,100.00,0,0,0.00,1,50.00
2015,AD Russell,Kolkata Knight Riders,218,113,192.92,23,13,31.86,33,29.20
2022,OF Smith,Punjab Kings,5,12,41.67,0,0,0.00,7,58.33
2025,MS Bhandage,Royal Challengers Bengaluru,1,4,25.00,0,0,0.00,3,75.00
2023,Sikandar Raza,Punjab Kings,91,59,154.24,7,5,20.34,21,35.59
2023,RA Tripathi,Sunrisers Hyderabad,137,103,133.01,14,4,17.48,35,33.98
2015,DJG Sammy,Royal Challengers Bengaluru,13,18,72.22,0,0,0.00,5,27.78
2020,YBK Jaiswal,Rajasthan Royals,20,14,142.86,1,1,14.29,2,14.29
2018,MM Ali,Royal Challengers Bengaluru,72,35,205.71,4,6,28.57,7,20.00
2014,MC Henriques,Sunrisers Hyderabad,9,12,75.00,1,0,8.33,4,33.33
2022,KH Pandya,Lucknow Super Giants,96,90,106.67,8,2,11.11,35,38.89
2018,UT Yadav,Royal Challengers Bengaluru,1,6,16.67,0,0,0.00,5,83.33
2017,SW Billings,Delhi Capitals,23,19,121.05,3,0,15.79,5,26.32
2025,Abishek Porel,Delhi Capitals,113,74,152.70,5,7,16.22,14,18.92
2017,AJ Tye,Gujarat Titans,18,11,163.64,1,1,18.18,2,18.18
2017,AR Patel,Punjab Kings,105,80,131.25,4,6,12.50,23,28.75
2013,JH Kallis,Kolkata Knight Riders,124,145,85.52,6,2,5.52,55,37.93
2014,R Ashwin,Chennai Super Kings,25,29,86.21,1,0,3.45,8,27.59
2018,R Tewatia,Delhi Capitals,18,22,81.82,1,0,4.55,8,36.36
2022,MK Pandey,Lucknow Super Giants,54,41,131.71,5,1,14.63,13,31.71
2023,Akash Deep,Royal Challengers Bengaluru,9,3,300.00,2,0,66.67,0,0.00
2014,VH Zol,Royal Challengers Bengaluru,6,4,150.00,1,0,25.00,1,25.00
2025,Ashutosh Sharma,Delhi Capitals,88,64,137.50,5,5,15.63,19,29.69
2019,S Gopal,Rajasthan Royals,27,20,135.00,4,0,20.00,6,30.00
2013,Mohammed Shami,Kolkata Knight Riders,0,2,0.00,0,0,0.00,2,100.00
2024,Rashid Khan,Gujarat Titans,35,30,116.67,2,1,10.00,10,33.33
2019,DR Shorey,Chennai Super Kings,5,8,62.50,0,0,0.00,3,37.50
2014,MEK Hussey,Mumbai Indians,69,60,115.00,1,4,8.33,17,28.33
2014,AT Rayudu,Mumbai Indians,230,173,132.95,19,4,13.29,40,23.12
2023,H Klaasen,Sunrisers Hyderabad,293,164,178.66,17,18,21.34,29,17.68
2016,KD Karthik,Gujarat Titans,240,185,129.73,25,2,14.59,52,28.11
2021,RR Pant,Delhi Capitals,251,200,125.50,22,7,14.50,66,33.00
2025,Harshit Rana,Kolkata Knight Riders,29,22,131.82,1,2,13.64,10,45.45
2025,DJ Hooda,Chennai Super Kings,11,17,64.71,0,0,0.00,7,41.18
2015,SS Iyer,Delhi Capitals,212,127,166.93,15,14,22.83,37,29.13
2013,J Botha,Delhi Capitals,16,19,84.21,2,0,10.53,11,57.89
2017,S Aravind,Royal Challengers Bengaluru,12,15,80.00,1,0,6.67,7,46.67
2018,Mohammed Shami,Delhi Capitals,7,6,116.67,1,0,16.67,2,33.33
2014,LR Shukla,Delhi Capitals,27,34,79.41,1,1,5.88,12,35.29
2025,R Ashwin,Chennai Super Kings,12,15,80.00,1,0,6.67,7,46.67
2015,M Vohra,Punjab Kings,20,16,125.00,0,2,12.50,7,43.75
2014,DS Kulkarni,Rajasthan Royals,3,6,50.00,0,0,0.00,3,50.00
2016,F Behardien,Punjab Kings,0,1,0.00,0,0,0.00,1,100.00
2017,PJ Cummins,Delhi Capitals,29,19,152.63,2,2,21.05,7,36.84
2021,KA Pollard,Mumbai Indians,114,87,131.03,7,7,16.09,32,36.78
2022,S Dhawan,Punjab Kings,159,125,127.20,16,2,14.40,28,22.40
2018,MS Dhoni,Chennai Super Kings,193,167,115.57,9,9,10.78,52,31.14
2024,V Kohli,Royal Challengers Bengaluru,275,189,145.50,19,13,16.93,50,26.46
2019,SS Iyer,Delhi Capitals,244,215,113.49,20,6,12.09,70,32.56
2017,BCJ Cutting,Sunrisers Hyderabad,12,9,133.33,2,0,22.22,3,33.33
2022,Akash Deep,Royal Challengers Bengaluru,0,2,0.00,0,0,0.00,2,100.00
2025,TH David,Royal Challengers Bengaluru,56,34,164.71,6,3,26.47,15,44.12
2020,LH Ferguson,Kolkata Knight Riders,1,3,33.33,0,0,0.00,2,66.67
2024,Atharva Taide,Punjab Kings,18,9,200.00,2,1,33.33,2,22.22
2017,SR Watson,Royal Challengers Bengaluru,40,43,93.02,2,1,6.98,16,37.21
2023,MD Shanaka,Gujarat Titans,17,18,94.44,1,1,11.11,10,55.56
2015,Azhar Mahmood,Kolkata Knight Riders,4,4,100.00,1,0,25.00,3,75.00
2017,PA Patel,Mumbai Indians,73,65,112.31,7,1,12.31,20,30.77
2018,SN Khan,Royal Challengers Bengaluru,14,18,77.78,2,0,11.11,10,55.56
2016,KJ Abbott,Punjab Kings,0,1,0.00,0,0,0.00,1,100.00
2018,MA Agarwal,Punjab Kings,64,51,125.49,3,3,11.76,14,27.45
2019,KD Karthik,Kolkata Knight Riders,131,105,124.76,12,5,16.19,36,34.29
2014,JH Kallis,Kolkata Knight Riders,87,61,142.62,6,3,14.75,16,26.23
2021,DR Sams,Royal Challengers Bengaluru,3,4,75.00,0,0,0.00,2,50.00
2020,NS Naik,Kolkata Knight Riders,1,1,100.00,0,0,0.00,0,0.00
2020,AT Rayudu,Chennai Super Kings,246,191,128.80,18,9,14.14,56,29.32
2022,PJ Cummins,Kolkata Knight Riders,60,17,352.94,5,6,64.71,4,23.53
2024,Ramandeep Singh,Kolkata Knight Riders,65,36,180.56,2,6,22.22,11,30.56
2024,V Shankar,Gujarat Titans,41,36,113.89,3,1,11.11,10,27.78
2017,A Zampa,Lucknow Super Giants,5,7,71.43,1,0,14.29,5,71.43
2023,Naveen-ul-Haq,Lucknow Super Giants,2,6,33.33,0,0,0.00,4,66.67
2020,JM Bairstow,Sunrisers Hyderabad,152,107,142.06,10,7,15.89,31,28.97
2021,RM Patidar,Royal Challengers Bengaluru,48,35,137.14,1,3,11.43,7,20.00
2015,DA Miller,Punjab Kings,221,186,118.82,17,8,13.44,63,33.87
2017,SK Raina,Gujarat Titans,239,165,144.85,21,7,16.97,34,20.61
2015,SA Yadav,Kolkata Knight Riders,76,70,108.57,5,3,11.43,26,37.14
2015,B Kumar,Sunrisers Hyderabad,0,1,0.00,0,0,0.00,1,100.00
2021,JC Buttler,Rajasthan Royals,92,49,187.76,7,6,26.53,14,28.57
2023,MM Ali,Chennai Super Kings,65,51,127.45,7,2,17.65,19,37.25
2018,Ishan Kishan,Mumbai Indians,215,113,190.27,18,14,28.32,32,28.32
2020,PP Shaw,Delhi Capitals,59,34,173.53,4,4,23.53,9,26.47
2021,KS Bharat,Royal Challengers Bengaluru,87,70,124.29,5,3,11.43,18,25.71
2018,KD Karthik,Kolkata Knight Riders,284,216,131.48,26,6,14.81,59,27.31
2015,JP Faulkner,Rajasthan Royals,67,56,119.64,6,2,14.29,22,39.29
2017,Swapnil Singh,Punjab Kings,10,17,58.82,0,0,0.00,8,47.06
2014,CM Gautam,Mumbai Indians,20,25,80.00,0,1,4.00,13,52.00
2022,D Padikkal,Rajasthan Royals,239,182,131.32,21,12,18.13,70,38.46
2017,SS Iyer,Delhi Capitals,237,156,151.92,25,7,20.51,39,25.00
2013,RN ten Doeschate,Kolkata Knight Riders,49,40,122.50,4,1,12.50,9,22.50
2022,Abdul Samad,Sunrisers Hyderabad,4,6,66.67,0,0,0.00,2,33.33
2013,MS Bisla,Kolkata Knight Riders,62,49,126.53,6,2,16.33,16,32.65
2021,MK Lomror,Rajasthan Royals,77,49,157.14,3,6,18.37,13,26.53
2017,MK Pandey,Kolkata Knight Riders,260,207,125.60,19,6,12.08,51,24.64
2018,MK Lomror,Rajasthan Royals,6,6,100.00,0,0,0.00,2,33.33
2018,STR Binny,Rajasthan Royals,24,25,96.00,2,0,8.00,10,40.00
2015,J Suchith,Mumbai Indians,16,13,123.08,2,1,23.08,8,61.54
2018,Abhishek Sharma,Delhi Capitals,6,8,75.00,1,0,12.50,5,62.50
2016,N Rana,Mumbai Indians,83,51,162.75,5,7,23.53,21,41.18
2024,Harpreet Singh,Punjab Kings,6,7,85.71,0,0,0.00,2,28.57
2025,RA Tripathi,Chennai Super Kings,12,17,70.59,1,0,5.88,7,41.18
2025,V Suryavanshi,Rajasthan Royals,101,40,252.50,6,10,40.00,8,20.00
2015,PP Chawla,Kolkata Knight Riders,22,19,115.79,1,1,10.53,6,31.58
2024,Anuj Rawat,Royal Challengers Bengaluru,47,51,92.16,4,0,7.84,17,33.33
2023,N Wadhera,Mumbai Indians,154,109,141.28,12,8,18.35,35,32.11
2024,Sanvir Singh,Sunrisers Hyderabad,0,1,0.00,0,0,0.00,1,100.00
2013,V Sehwag,Delhi Capitals,79,53,149.06,11,2,24.53,16,30.19
2018,DT Christian,Delhi Capitals,7,13,53.85,0,0,0.00,6,46.15
2016,P Negi,Delhi Capitals,24,28,85.71,0,2,7.14,16,57.14
2018,KK Nair,Punjab Kings,196,151,129.80,12,8,13.25,43,28.48
2022,MP Stoinis,Lucknow Super Giants,45,44,102.27,1,3,9.09,17,38.64
2018,JJ Roy,Delhi Capitals,33,21,157.14,1,2,14.29,4,19.05
2021,JDS Neesham,Mumbai Indians,0,1,0.00,0,0,0.00,1,100.00
2018,AS Rajpoot,Punjab Kings,1,5,20.00,0,0,0.00,4,80.00
2025,JM Bairstow,Mumbai Indians,2,2,100.00,0,0,0.00,1,50.00
2016,SN Khan,Royal Challengers Bengaluru,9,8,112.50,1,0,12.50,3,37.50
2022,T Stubbs,Mumbai Indians,1,1,100.00,0,0,0.00,0,0.00
2016,R Ashwin,Lucknow Super Giants,27,17,158.82,3,0,17.65,1,5.88
2015,NV Ojha,Sunrisers Hyderabad,102,90,113.33,9,2,12.22,35,38.89
2022,TH David,Mumbai Indians,72,40,180.00,8,3,27.50,11,27.50
2023,A Mishra,Lucknow Super Giants,6,18,33.33,0,0,0.00,12,66.67
2016,A Mishra,Delhi Capitals,4,14,28.57,0,0,0.00,10,71.43
2024,SD Hope,Delhi Capitals,79,45,175.56,2,7,20.00,12,26.67
2013,RA Jadeja,Chennai Super Kings,112,82,136.59,8,2,12.20,19,23.17
2018,Shakib Al Hasan,Sunrisers Hyderabad,150,132,113.64,15,2,12.88,45,34.09
2017,RA Tripathi,Lucknow Super Giants,79,62,127.42,6,4,16.13,22,35.48
2013,R Rampaul,Royal Challengers Bengaluru,9,8,112.50,1,0,12.50,3,37.50
2019,AD Russell,Kolkata Knight Riders,205,131,156.49,14,18,24.43,58,44.27
2019,Gurkeerat Singh,Royal Challengers Bengaluru,57,42,135.71,7,0,16.67,8,19.05
2018,CR Brathwaite,Sunrisers Hyderabad,6,13,46.15,0,0,0.00,7,53.85
2023,MA Agarwal,Sunrisers Hyderabad,110,82,134.15,7,4,13.41,17,20.73
2024,R Ashwin,Rajasthan Royals,80,66,121.21,5,4,13.64,23,34.85
2014,SP Narine,Kolkata Knight Riders,6,8,75.00,0,0,0.00,2,25.00
2021,GJ Maxwell,Royal Challengers Bengaluru,332,238,139.50,26,15,17.23,70,29.41
2016,SR Watson,Royal Challengers Bengaluru,123,97,126.80,9,8,17.53,43,44.33
2023,MR Marsh,Delhi Capitals,45,36,125.00,3,2,13.89,12,33.33
2023,VR Iyer,Kolkata Knight Riders,224,143,156.64,12,13,17.48,29,20.28
2017,AT Rayudu,Mumbai Indians,45,40,112.50,3,1,10.00,12,30.00
2016,CR Brathwaite,Delhi Capitals,21,11,190.91,0,3,27.27,5,45.45
2020,AJ Tye,Rajasthan Royals,6,6,100.00,0,1,16.67,5,83.33
2020,DR Sams,Delhi Capitals,0,2,0.00,0,0,0.00,2,100.00
2024,JC Buttler,Rajasthan Royals,95,62,153.23,9,3,19.35,17,27.42
2022,SN Thakur,Delhi Capitals,51,41,124.39,4,2,14.63,14,34.15
2016,MM Sharma,Punjab Kings,25,17,147.06,3,1,23.53,5,29.41
2024,M Jansen,Sunrisers Hyderabad,17,12,141.67,1,1,16.67,4,33.33
2021,HH Pandya,Mumbai Indians,53,62,85.48,4,1,8.06,29,46.77
2025,VR Iyer,Kolkata Knight Riders,91,70,130.00,9,2,15.71,25,35.71
2020,DJ Hooda,Punjab Kings,42,35,120.00,1,2,8.57,11,31.43
2023,Sandeep Sharma,Rajasthan Royals,0,1,0.00,0,0,0.00,1,100.00
2021,GD Phillips,Rajasthan Royals,5,13,38.46,0,0,0.00,9,69.23
2022,MK Lomror,Royal Challengers Bengaluru,44,33,133.33,4,1,15.15,7,21.21
2024,LS Livingstone,Punjab Kings,52,47,110.64,3,3,12.77,21,44.68
2025,GJ Maxwell,Punjab Kings,39,39,100.00,4,1,12.82,16,41.03
2018,PP Chawla,Kolkata Knight Riders,18,18,100.00,1,1,11.11,9,50.00
2021,SO Hetmyer,Delhi Capitals,109,77,141.56,10,3,16.88,20,25.97
2023,Abhishek Sharma,Sunrisers Hyderabad,79,55,143.64,8,2,18.18,14,25.45
2022,Simarjeet Singh,Chennai Super Kings,2,3,66.67,0,0,0.00,2,66.67
2013,M Rawat,Lucknow Super Giants,2,6,33.33,0,0,0.00,4,66.67
2016,KL Rahul,Royal Challengers Bengaluru,185,121,152.89,15,9,19.83,29,23.97
2021,E Lewis,Rajasthan Royals,15,13,115.38,2,0,15.38,5,38.46
2013,GH Vihari,Sunrisers Hyderabad,138,144,95.83,9,1,6.94,51,35.42
2019,CH Gayle,Punjab Kings,156,101,154.46,10,11,20.79,29,28.71
2025,F du Plessis,Delhi Capitals,43,37,116.22,3,1,10.81,11,29.73
2018,KA Pollard,Mumbai Indians,94,63,149.21,8,6,22.22,25,39.68
2018,GJ Maxwell,Delhi Capitals,71,49,144.90,3,5,16.33,16,32.65
2018,V Kohli,Royal Challengers Bengaluru,189,143,132.17,14,6,13.99,36,25.17
2025,M Tiwari,Delhi Capitals,3,4,75.00,0,0,0.00,2,50.00
2022,DA Warner,Delhi Capitals,163,108,150.93,14,7,19.44,27,25.00
2022,HV Patel,Royal Challengers Bengaluru,9,11,81.82,1,0,9.09,6,54.55
2013,UBT Chand,Delhi Capitals,65,66,98.48,6,0,9.09,22,33.33
2015,Shakib Al Hasan,Kolkata Knight Riders,32,20,160.00,5,0,25.00,6,30.00
2022,MS Wade,Gujarat Titans,41,41,100.00,4,0,9.76,15,36.59
2023,TA Boult,Rajasthan Royals,14,9,155.56,1,1,22.22,3,33.33
2023,Abdul Samad,Sunrisers Hyderabad,52,57,91.23,2,2,7.02,23,40.35
2021,SV Samson,Rajasthan Royals,274,184,148.91,22,11,17.93,42,22.83
2023,JO Holder,Rajasthan Royals,11,9,122.22,0,1,11.11,3,33.33
2023,F du Plessis,Royal Challengers Bengaluru,292,209,139.71,17,13,14.35,47,22.49
2020,AJ Finch,Royal Challengers Bengaluru,50,48,104.17,3,2,10.42,19,39.58
2014,RA Jadeja,Chennai Super Kings,67,51,131.37,6,2,15.69,15,29.41
