season,player,team,wickets,balls,economy,dot_balls,dot_pct,boundaries_conceded,boundary_pct_conceded
2022,Mohsin Khan,Lucknow Super Giants,5,42,8.71,14,33.33,7,16.67
2015,R Dhawan,Punjab Kings,0,12,12.5,2,16.67,3,25.0
2019,DL Chahar,Royal Challengers Bengaluru,1,6,9.0,2,33.33,1,16.67
2016,NLTC Perera,Punjab Kings,0,4,13.5,0,0.0,1,25.0
2017,SN Thakur,Royal Challengers Bengaluru,2,6,10.0,2,33.33,1,16.67
2013,R Vinay Kumar,Delhi Capitals,0,6,17.0,0,0.0,3,50.0
2017,Basil Thampi,Lucknow Super Giants,1,12,12.5,1,8.33,3,25.0
2020,JO Holder,Royal Challengers Bengaluru,2,12,5.0,3,25.0,0,0.0
2014,A Nehra,Chennai Super Kings,4,18,7.33,7,38.89,3,16.67
2020,K Rabada,Royal Challengers Bengaluru,1,12,8.0,5,41.67,2,16.67
2022,Lalit Yadav,Delhi Capitals,1,12,11.0,5,41.67,2,16.67
2016,M Ashwin,Lucknow Super Giants,0,15,6.8,7,46.67,2,13.33
2024,M Pathirana,Chennai Super Kings,4,54,9.11,17,31.48,11,20.37
2017,P Negi,Royal Challengers Bengaluru,4,12,3.5,6,50.0,0,0.0
2023,I Sharma,Royal Challengers Bengaluru,0,6,14.0,0,0.0,2,33.33
2023,K Gowtham,Lucknow Super Giants,0,6,4.0,2,33.33,0,0.0
2020,AD Russell,Royal Challengers Bengaluru,0,12,17.0,2,16.67,3,25.0
2022,Ravi Bishnoi,Lucknow Super Giants,2,18,10.67,5,27.78,5,27.78
2023,Shahbaz Ahmed,Royal Challengers Bengaluru,0,6,19.0,0,0.0,3,50.0
2016,DJ Bravo,Royal Challengers Bengaluru,0,6,30.0,0,0.0,4,66.67
2019,HH Pandya,Punjab Kings,1,12,15.0,2,16.67,4,33.33
2017,UT Yadav,Lucknow Super Giants,1,6,12.0,1,16.67,1,16.67
2019,HF Gurney,Kolkata Knight Riders,1,24,11.75,7,29.17,8,33.33
2016,Sandeep Sharma,Gujarat Titans,1,12,6.5,5,41.67,1,8.33
2013,BAW Mendis,Lucknow Super Giants,0,6,7.0,2,33.33,1,16.67
2019,Mohammed Siraj,Punjab Kings,0,12,11.0,1,8.33,3,25.0
2025,Mohammed Siraj,Gujarat Titans,6,72,10.25,22,30.56,18,25.0
2013,SP Narine,Kolkata Knight Riders,6,102,7.06,38,37.25,13,12.75
2017,AF Milne,Lucknow Super Giants,0,12,11.0,3,25.0,3,25.0
2020,JD Unadkat,Rajasthan Royals,3,42,13.14,8,19.05,11,26.19
2016,UT Yadav,Royal Challengers Bengaluru,1,12,20.5,2,16.67,7,58.33
2024,NT Ellis,Punjab Kings,0,6,8.0,4,66.67,2,33.33
2016,BCJ Cutting,Gujarat Titans,1,6,10.0,2,33.33,2,33.33
2021,SN Thakur,Chennai Super Kings,5,95,9.98,37,38.95,19,20.0
2020,CH Gayle,Punjab Kings,0,5,6.0,0,0.0,0,0.0
2017,Ankit Soni,Gujarat Titans,0,1,24.0,0,0.0,1,100.0
2018,TA Boult,Delhi Capitals,7,100,10.2,20,20.0,20,20.0
2016,JJ Bumrah,Lucknow Super Giants,2,12,9.0,2,16.67,1,8.33
2014,Yuvraj Singh,Royal Challengers Bengaluru,0,6,7.0,1,16.67,0,0.0
2021,L Ngidi,Chennai Super Kings,3,18,10.67,8,44.44,6,33.33
2021,M Prasidh Krishna,Royal Challengers Bengaluru,0,6,6.0,3,50.0,1,16.67
2015,DW Steyn,Sunrisers Hyderabad,0,6,9.0,0,0.0,1,16.67
2017,B Kumar,Lucknow Super Giants,1,12,14.0,1,8.33,4,33.33
2013,DR Smith,Mumbai Indians,0,6,12.0,2,33.33,2,33.33
2021,KA Jamieson,Royal Challengers Bengaluru,2,24,15.0,7,29.17,7,29.17
2020,KK Ahmed,Punjab Kings,0,12,8.0,2,16.67,1,8.33
2018,B Kumar,Sunrisers Hyderabad,4,55,7.42,18,32.73,6,10.91
2023,Washington Sundar,Sunrisers Hyderabad,0,4,9.0,1,25.0,1,25.0
2013,DJ Bravo,Punjab Kings,2,6,2.0,5,83.33,0,0.0
2020,CJ Jordan,Punjab Kings,5,75,12.24,15,20.0,21,28.0
2019,HH Pandya,Mumbai Indians,3,39,13.54,12,30.77,13,33.33
2024,Noor Ahmad,Gujarat Titans,1,6,14.0,2,33.33,2,33.33
2025,PVSN Raju,Mumbai Indians,1,12,14.5,3,25.0,3,25.0
2014,DW Steyn,Sunrisers Hyderabad,4,66,10.27,19,28.79,17,25.76
2020,JL Pattinson,Mumbai Indians,3,21,8.0,9,42.86,4,19.05
2014,MA Starc,Royal Challengers Bengaluru,7,106,9.11,26,24.53,17,16.04
2016,Yuvraj Singh,Sunrisers Hyderabad,0,1,36.0,0,0.0,1,100.0
2013,Harmeet Singh,Punjab Kings,0,14,10.29,3,21.43,3,21.43
2025,MM Sharma,Delhi Capitals,0,54,13.11,9,16.67,14,25.93
2013,A Nehra,Delhi Capitals,4,36,12.0,8,22.22,9,25.0
2016,JO Holder,Kolkata Knight Riders,2,12,6.5,5,41.67,1,8.33
2013,MC Henriques,Royal Challengers Bengaluru,0,1,24.0,0,0.0,1,100.0
2022,KK Ahmed,Royal Challengers Bengaluru,0,6,12.0,1,16.67,1,16.67
2013,R Sharma,Lucknow Super Giants,0,12,13.0,2,16.67,4,33.33
2022,PWH de Silva,Royal Challengers Bengaluru,6,36,7.5,14,38.89,5,13.89
2014,B Kumar,Royal Challengers Bengaluru,0,6,9.0,3,50.0,2,33.33
2017,HH Pandya,Mumbai Indians,1,24,8.5,7,29.17,3,12.5
2014,IC Pandey,Chennai Super Kings,1,12,12.5,3,25.0,3,25.0
2013,CH Gayle,Royal Challengers Bengaluru,2,6,5.0,4,66.67,1,16.67
2018,AR Patel,Punjab Kings,0,6,6.0,1,16.67,0,0.0
2022,Sandeep Sharma,Royal Challengers Bengaluru,0,12,13.0,1,8.33,4,33.33
2018,JC Archer,Rajasthan Royals,6,88,8.66,26,29.55,15,17.05
2023,PWH de Silva,Royal Challengers Bengaluru,2,6,3.0,3,50.0,0,0.0
2020,L Ngidi,Punjab Kings,1,12,15.0,2,16.67,4,33.33
2017,JJ Bumrah,Gujarat Titans,1,12,11.5,3,25.0,3,25.0
2014,M Morkel,Kolkata Knight Riders,1,18,11.67,5,27.78,4,22.22
2017,UT Yadav,Kolkata Knight Riders,3,12,6.5,7,58.33,2,16.67
2013,CH Morris,Chennai Super Kings,4,78,9.62,20,25.64,14,17.95
2017,SN Thakur,Lucknow Super Giants,1,19,12.63,2,10.53,7,36.84
2017,SL Malinga,Mumbai Indians,4,59,8.95,13,22.03,7,11.86
2022,DG Nalkande,Gujarat Titans,0,1,36.0,0,0.0,1,100.0
2016,JJ Bumrah,Delhi Capitals,0,12,13.5,1,8.33,3,25.0
2017,B Kumar,Gujarat Titans,2,8,6.0,4,50.0,1,12.5
2024,Mohammad Nabi,Mumbai Indians,0,2,9.0,0,0.0,0,0.0
2016,TG Southee,Mumbai Indians,1,18,11.67,4,22.22,5,27.78
2013,R Vinay Kumar,Royal Challengers Bengaluru,10,97,8.72,29,29.9,15,15.46
2019,GC Viljoen,Royal Challengers Bengaluru,0,12,21.5,1,8.33,7,58.33
2018,Mujeeb Ur Rahman,Delhi Capitals,0,6,6.0,1,16.67,0,0.0
2017,UT Yadav,Royal Challengers Bengaluru,1,6,21.0,1,16.67,4,66.67
2018,S Kaul,Delhi Capitals,0,12,8.5,2,16.67,2,16.67
2013,AB Agarkar,Delhi Capitals,0,12,12.5,3,25.0,3,25.0
2023,M Ashwin,Rajasthan Royals,0,6,11.0,0,0.0,0,0.0
2018,MM Sharma,Punjab Kings,1,52,13.27,10,19.23,15,28.85
2013,RP Singh,Lucknow Super Giants,1,6,4.0,2,33.33,0,0.0
2023,JC Archer,Mumbai Indians,1,24,15.75,6,25.0,9,37.5
2014,DW Steyn,Royal Challengers Bengaluru,0,12,13.5,3,25.0,4,33.33
2015,UT Yadav,Punjab Kings,1,6,11.0,1,16.67,2,33.33
2014,MM Sharma,Punjab Kings,1,12,16.5,2,16.67,6,50.0
2015,YS Chahal,Royal Challengers Bengaluru,4,30,10.2,7,23.33,6,20.0
2016,MP Stoinis,Punjab Kings,3,12,5.5,6,50.0,1,8.33
2015,JJ Bumrah,Delhi Capitals,1,6,10.0,1,16.67,1,16.67
2019,SE Rutherford,Delhi Capitals,0,5,2.4,3,60.0,0,0.0
2020,JDS Neesham,Punjab Kings,0,6,18.0,0,0.0,3,50.0
2017,LH Ferguson,Gujarat Titans,0,6,21.0,0,0.0,3,50.0
2021,PWH de Silva,Royal Challengers Bengaluru,0,6,11.0,3,50.0,2,33.33
2023,K Yadav,Rajasthan Royals,2,12,14.0,3,25.0,4,33.33
2021,Rashid Khan,Sunrisers Hyderabad,2,18,6.33,9,50.0,1,5.56
2022,VR Aaron,Gujarat Titans,1,6,9.0,1,16.67,1,16.67
2022,Kartik Tyagi,Sunrisers Hyderabad,0,6,9.0,3,50.0,1,16.67
2021,NT Ellis,Punjab Kings,0,12,11.5,2,16.67,2,16.67
2025,LS Livingstone,Royal Challengers Bengaluru,0,6,4.0,2,33.33,0,0.0
2016,JJ Bumrah,Mumbai Indians,2,72,10.17,17,23.61,16,22.22
2013,DT Christian,Royal Challengers Bengaluru,0,6,24.0,2,33.33,3,50.0
2014,PP Ojha,Mumbai Indians,0,6,2.0,4,66.67,0,0.0
2021,JJ Bumrah,Royal Challengers Bengaluru,2,12,9.5,6,50.0,3,25.0
2017,AF Milne,Gujarat Titans,1,6,4.0,3,50.0,0,0.0
2022,YS Chahal,Royal Challengers Bengaluru,0,6,7.0,0,0.0,0,0.0
2013,R Bhatia,Royal Challengers Bengaluru,0,6,10.0,2,33.33,1,16.67
2017,JJ Bumrah,Mumbai Indians,8,104,8.48,29,27.88,15,14.42
2019,BA Stokes,Rajasthan Royals,2,12,15.0,3,25.0,3,25.0
2024,MM Sharma,Gujarat Titans,7,96,11.69,21,21.88,23,23.96
2019,SM Curran,Punjab Kings,8,66,11.0,18,27.27,16,24.24
2025,R Sai Kishore,Gujarat Titans,3,33,9.27,8,24.24,5,15.15
2023,M Theekshana,Chennai Super Kings,4,42,7.14,16,38.1,5,11.9
2014,PV Tambe,Punjab Kings,0,6,13.0,0,0.0,1,16.67
2022,VR Iyer,Kolkata Knight Riders,0,12,12.0,2,16.67,4,33.33
2021,DJ Bravo,Royal Challengers Bengaluru,2,12,6.0,6,50.0,1,8.33
2018,K Khejroliya,Royal Challengers Bengaluru,0,11,13.64,1,9.09,3,27.27
2020,MM Sharma,Delhi Capitals,0,6,17.0,1,16.67,2,33.33
2018,MJ McClenaghan,Mumbai Indians,3,30,11.8,6,20.0,7,23.33
2025,Shashank Singh,Punjab Kings,0,6,16.0,1,16.67,3,50.0
2020,Avesh Khan,Delhi Capitals,0,6,10.0,2,33.33,2,33.33
2016,S Kaushik,Royal Challengers Bengaluru,0,6,30.0,0,0.0,5,83.33
2020,MP Stoinis,Delhi Capitals,7,52,10.96,13,25.0,14,26.92
2021,Arshdeep Singh,Punjab Kings,8,74,9.49,22,29.73,12,16.22
2014,BW Hilfenhaus,Punjab Kings,0,6,17.0,1,16.67,4,66.67
2013,Sandeep Sharma,Royal Challengers Bengaluru,0,6,20.0,0,0.0,3,50.0
2014,KW Richardson,Royal Challengers Bengaluru,1,6,21.0,1,16.67,4,66.67
2017,PJ Cummins,Gujarat Titans,0,12,11.5,1,8.33,3,25.0
2025,L Ngidi,Royal Challengers Bengaluru,2,12,10.5,4,33.33,2,16.67
2025,Mustafizur Rahman,Delhi Capitals,1,12,8.0,5,41.67,2,16.67
2022,Kuldeep Yadav,Delhi Capitals,1,6,5.0,4,66.67,1,16.67
2018,SN Thakur,Royal Challengers Bengaluru,1,12,14.5,4,33.33,4,33.33
2013,S Kaul,Lucknow Super Giants,1,6,8.0,1,16.67,1,16.67
2020,M Prasidh Krishna,Royal Challengers Bengaluru,0,6,12.0,0,0.0,1,16.67
2017,BA Stokes,Lucknow Super Giants,2,36,9.83,8,22.22,6,16.67
2023,Arshdeep Singh,Punjab Kings,6,83,9.69,24,28.92,18,21.69
2016,RP Singh,Royal Challengers Bengaluru,0,6,18.0,1,16.67,2,33.33
2015,Yuvraj Singh,Delhi Capitals,0,6,13.0,2,33.33,2,33.33
2022,Basil Thampi,Mumbai Indians,2,18,13.67,4,22.22,5,27.78
2022,Mohsin Khan,Royal Challengers Bengaluru,0,6,8.0,4,66.67,1,16.67
2017,T Natarajan,Punjab Kings,0,4,15.0,1,25.0,1,25.0
2021,Ravi Bishnoi,Punjab Kings,1,6,6.0,3,50.0,1,16.67
2018,Shakib Al Hasan,Delhi Capitals,0,6,4.0,3,50.0,0,0.0
2016,CH Morris,Delhi Capitals,6,66,7.55,20,30.3,8,12.12
2016,P Kumar,Delhi Capitals,0,6,4.0,2,33.33,0,0.0
2021,SN Thakur,Royal Challengers Bengaluru,2,6,9.0,3,50.0,1,16.67
2025,Ashwani Kumar,Mumbai Indians,2,21,12.0,9,42.86,6,28.57
2022,JO Holder,Royal Challengers Bengaluru,1,6,4.0,2,33.33,0,0.0
2019,AR Patel,Delhi Capitals,0,12,6.5,7,58.33,2,16.67
2013,KV Sharma,Sunrisers Hyderabad,1,11,14.18,2,18.18,4,36.36
2015,SR Watson,Rajasthan Royals,2,30,12.6,10,33.33,8,26.67
2021,Mohammed Shami,Royal Challengers Bengaluru,3,12,12.5,3,25.0,4,33.33
2023,OC McCoy,Rajasthan Royals,0,6,13.0,2,33.33,2,33.33
2014,B Kumar,Sunrisers Hyderabad,5,65,9.88,14,21.54,13,20.0
2022,Shivam Mavi,Kolkata Knight Riders,4,54,11.89,17,31.48,12,22.22
2018,JJ Bumrah,Royal Challengers Bengaluru,1,12,6.0,5,41.67,1,8.33
2018,B Stanlake,Sunrisers Hyderabad,0,6,11.0,1,16.67,1,16.67
2024,R Sai Kishore,Gujarat Titans,1,12,18.0,2,16.67,6,50.0
2024,Simarjeet Singh,Chennai Super Kings,0,18,11.67,5,27.78,5,27.78
2015,NM Coulter-Nile,Delhi Capitals,5,48,10.88,14,29.17,12,25.0
2024,SH Johnson,Gujarat Titans,2,24,7.75,9,37.5,4,16.67
2023,Yash Thakur,Royal Challengers Bengaluru,0,6,5.0,2,33.33,0,0.0
2017,PJ Sangwan,Punjab Kings,0,6,16.0,1,16.67,2,33.33
2017,SP Narine,Lucknow Super Giants,0,6,7.0,2,33.33,1,16.67
2014,WD Parnell,Delhi Capitals,3,37,7.46,19,51.35,7,18.92
2013,M Morkel,Delhi Capitals,1,42,12.29,10,23.81,13,30.95
2018,Mohammed Siraj,Royal Challengers Bengaluru,7,72,10.58,16,22.22,14,19.44
2025,MP Stoinis,Punjab Kings,0,9,18.67,0,0.0,4,44.44
2024,UT Yadav,Gujarat Titans,2,12,15.5,2,16.67,4,33.33
2018,Avesh Khan,Delhi Capitals,1,12,6.5,5,41.67,1,8.33
2020,SS Cottrell,Punjab Kings,2,18,16.0,5,27.78,8,44.44
2018,SN Thakur,Chennai Super Kings,4,54,13.67,16,29.63,17,31.48
2025,I Sharma,Gujarat Titans,2,26,10.62,5,19.23,6,23.08
2021,Avesh Khan,Delhi Capitals,10,126,9.57,35,27.78,24,19.05
2015,IC Pandey,Chennai Super Kings,0,6,17.0,1,16.67,3,50.0
2021,AR Patel,Delhi Capitals,3,18,7.33,7,38.89,3,16.67
2018,BCJ Cutting,Delhi Capitals,0,6,15.0,0,0.0,2,33.33
2013,YK Pathan,Delhi Capitals,0,5,13.2,1,20.0,1,20.0
2018,JJ Bumrah,Mumbai Indians,11,90,8.93,34,37.78,18,20.0
2020,S Dube,Punjab Kings,0,6,23.0,0,0.0,4,66.67
2021,KH Pandya,Mumbai Indians,0,7,7.71,3,42.86,1,14.29
2016,UT Yadav,Kolkata Knight Riders,1,6,10.0,2,33.33,1,16.67
2018,TA Boult,Punjab Kings,2,6,4.0,4,66.67,0,0.0
2023,I Sharma,Delhi Capitals,2,12,11.5,6,50.0,2,16.67
2016,UT Yadav,Punjab Kings,1,12,5.5,3,25.0,0,0.0
2020,CV Varun,Kolkata Knight Riders,1,36,9.33,9,25.0,7,19.44
2017,MP Stoinis,Punjab Kings,0,9,15.33,2,22.22,3,33.33
2021,A Mishra,Delhi Capitals,1,12,8.0,2,16.67,1,8.33
2022,C Sakariya,Delhi Capitals,1,12,9.0,2,16.67,1,8.33
2013,CH Morris,Punjab Kings,2,12,6.0,4,33.33,1,8.33
2022,Ravi Bishnoi,Royal Challengers Bengaluru,0,6,14.0,1,16.67,2,33.33
2023,JD Unadkat,Lucknow Super Giants,0,12,10.5,6,50.0,2,16.67
2014,MM Sharma,Chennai Super Kings,13,89,8.83,22,24.72,16,17.98
2025,Fazalhaq Farooqi,Rajasthan Royals,0,18,17.67,0,0.0,9,50.0
2024,T Natarajan,Sunrisers Hyderabad,11,98,10.1,35,35.71,24,24.49
2024,VG Arora,Kolkata Knight Riders,2,24,8.25,10,41.67,3,12.5
2015,MA Starc,Royal Challengers Bengaluru,8,66,6.73,24,36.36,7,10.61
2025,Naman Dhir,Mumbai Indians,0,6,2.0,5,83.33,0,0.0
2016,Imran Tahir,Delhi Capitals,3,18,13.0,4,22.22,5,27.78
2021,TG Southee,Kolkata Knight Riders,2,30,7.6,5,16.67,4,13.33
2017,P Negi,Delhi Capitals,3,12,5.0,7,58.33,1,8.33
2022,Mohammed Shami,Royal Challengers Bengaluru,1,6,15.0,1,16.67,2,33.33
2015,DJ Muthuswami,Delhi Capitals,1,6,1.0,5,83.33,0,0.0
2014,KW Richardson,Delhi Capitals,1,12,14.5,3,25.0,5,41.67
2017,Basil Thampi,Delhi Capitals,0,6,16.0,1,16.67,2,33.33
2019,CH Morris,Delhi Capitals,6,60,9.8,17,28.33,13,21.67
2017,B Kumar,Delhi Capitals,0,6,12.0,2,33.33,2,33.33
2013,Harbhajan Singh,Punjab Kings,1,6,13.0,1,16.67,2,33.33
2019,Rasikh Salam,Mumbai Indians,0,6,21.0,0,0.0,3,50.0
2018,L Ngidi,Chennai Super Kings,2,36,8.67,9,25.0,5,13.89
2013,R Shukla,Delhi Capitals,0,6,8.0,1,16.67,0,0.0
2013,P Kumar,Delhi Capitals,1,12,6.0,3,25.0,1,8.33
2019,B Kumar,Sunrisers Hyderabad,7,108,10.5,33,30.56,25,23.15
2013,DJ Hussey,Punjab Kings,0,6,27.0,1,16.67,5,83.33
2016,SM Boland,Delhi Capitals,1,12,6.5,4,33.33,1,8.33
2025,Rashid Khan,Gujarat Titans,0,36,14.83,5,13.89,12,33.33
2024,TU Deshpande,Chennai Super Kings,8,78,11.15,24,30.77,18,23.08
2015,CH Morris,Punjab Kings,0,12,5.0,6,50.0,1,8.33
2015,J Botha,Kolkata Knight Riders,1,6,21.0,2,33.33,3,50.0
2023,SP Narine,Kolkata Knight Riders,3,24,10.0,6,25.0,5,20.83
2021,CV Varun,Kolkata Knight Riders,2,42,8.57,11,26.19,5,11.9
2023,RD Chahar,Punjab Kings,1,10,12.6,2,20.0,3,30.0
2017,JD Unadkat,Lucknow Super Giants,14,89,8.43,37,41.57,16,17.98
2020,T Natarajan,Punjab Kings,0,6,9.0,3,50.0,1,16.67
2021,TA Boult,Royal Challengers Bengaluru,1,6,3.0,3,50.0,0,0.0
2020,S Gopal,Rajasthan Royals,0,6,7.0,0,0.0,0,0.0
2017,S Kaul,Delhi Capitals,0,6,11.0,0,0.0,1,16.67
2013,B Kumar,Punjab Kings,0,6,8.0,2,33.33,1,16.67
2022,Mohammed Siraj,Royal Challengers Bengaluru,1,48,14.88,11,22.92,16,33.33
2020,I Udana,Royal Challengers Bengaluru,2,54,9.78,11,20.37,8,14.81
2016,MJ McClenaghan,Mumbai Indians,4,51,9.76,19,37.25,13,25.49
2017,TS Mills,Royal Challengers Bengaluru,2,35,9.09,13,37.14,7,20.0
2013,SK Trivedi,Royal Challengers Bengaluru,0,5,18.0,1,20.0,3,60.0
2019,Imran Tahir,Royal Challengers Bengaluru,1,6,8.0,2,33.33,1,16.67
2023,C Green,Mumbai Indians,1,24,16.0,6,25.0,9,37.5
2016,MJ McClenaghan,Royal Challengers Bengaluru,0,6,13.0,0,0.0,1,16.67
2024,Naveen-ul-Haq,Lucknow Super Giants,5,75,10.64,22,29.33,17,22.67
2017,GJ Maxwell,Punjab Kings,1,6,5.0,2,33.33,0,0.0
2020,JL Pattinson,Royal Challengers Bengaluru,0,6,20.0,1,16.67,3,50.0
2013,SP Narine,Lucknow Super Giants,2,12,2.5,7,58.33,0,0.0
2020,K Rabada,Delhi Capitals,16,106,9.17,40,37.74,21,19.81
2013,Iqbal Abdulla,Kolkata Knight Riders,0,5,19.2,0,0.0,2,40.0
2025,M Pathirana,Chennai Super Kings,9,109,10.62,33,30.28,21,19.27
2018,KV Sharma,Chennai Super Kings,2,9,8.67,2,22.22,2,22.22
2015,A Mishra,Punjab Kings,0,6,19.0,0,0.0,3,50.0
2024,SP Narine,Kolkata Knight Riders,2,12,10.5,5,41.67,3,25.0
2025,B Kumar,Royal Challengers Bengaluru,7,90,10.53,22,24.44,22,24.44
2019,RD Chahar,Mumbai Indians,0,6,3.0,3,50.0,0,0.0
2021,CJ Jordan,Punjab Kings,1,24,9.5,5,20.83,5,20.83
2016,RA Jadeja,Lucknow Super Giants,0,6,16.0,2,33.33,2,33.33
2013,RP Singh,Royal Challengers Bengaluru,10,77,8.88,24,31.17,13,16.88
2015,RS Bopara,Sunrisers Hyderabad,0,18,9.0,6,33.33,4,22.22
2013,DJG Sammy,Punjab Kings,1,12,7.5,3,25.0,1,8.33
2014,SR Watson,Royal Challengers Bengaluru,0,6,15.0,2,33.33,2,33.33
2022,M Theekshana,Chennai Super Kings,1,12,8.0,5,41.67,2,16.67
2017,KH Pandya,Royal Challengers Bengaluru,1,6,5.0,2,33.33,0,0.0
2024,I Sharma,Delhi Capitals,2,18,12.67,4,22.22,6,33.33
2018,DT Christian,Punjab Kings,1,6,12.0,1,16.67,2,33.33
2025,DL Chahar,Mumbai Indians,2,18,14.33,6,33.33,7,38.89
2020,JR Hazlewood,Chennai Super Kings,0,12,12.5,3,25.0,5,41.67
2018,M Markande,Mumbai Indians,0,6,2.0,4,66.67,0,0.0
2025,Zeeshan Ansari,Sunrisers Hyderabad,0,7,17.14,1,14.29,3,42.86
2020,R Ashwin,Delhi Capitals,0,12,7.5,5,41.67,2,16.67
2013,S Nadeem,Delhi Capitals,0,6,12.0,2,33.33,2,33.33
2018,Kuldeep Yadav,Kolkata Knight Riders,0,6,12.0,0,0.0,1,16.67
2015,TA Boult,Punjab Kings,2,6,7.0,3,50.0,1,16.67
2016,JW Hastings,Kolkata Knight Riders,1,10,5.4,5,50.0,1,10.0
2025,MP Yadav,Lucknow Super Giants,0,6,15.0,1,16.67,2,33.33
2024,CV Varun,Kolkata Knight Riders,0,24,11.5,8,33.33,6,25.0
2023,KH Pandya,Lucknow Super Giants,0,6,9.0,3,50.0,1,16.67
2017,Z Khan,Royal Challengers Bengaluru,1,6,8.0,3,50.0,1,16.67
2014,M de Lange,Mumbai Indians,1,6,7.0,2,33.33,0,0.0
2024,Sandeep Sharma,Rajasthan Royals,7,78,10.15,18,23.08,17,21.79
2023,Vijaykumar Vyshak,Royal Challengers Bengaluru,1,18,13.33,1,5.56,5,27.78
2015,PV Tambe,Rajasthan Royals,1,24,11.0,4,16.67,5,20.83
2020,Basil Thampi,Sunrisers Hyderabad,1,12,13.0,3,25.0,4,33.33
2019,JD Unadkat,Punjab Kings,1,12,10.5,2,16.67,3,25.0
2024,KT Maphaka,Mumbai Indians,0,6,18.0,1,16.67,3,50.0
2018,M Prasidh Krishna,Kolkata Knight Riders,9,72,9.25,28,38.89,15,20.83
2021,VR Iyer,Kolkata Knight Riders,1,9,11.33,2,22.22,2,22.22
2019,DS Kulkarni,Punjab Kings,1,6,18.0,1,16.67,3,50.0
2016,M Morkel,Kolkata Knight Riders,2,18,11.33,3,16.67,4,22.22
2022,Mohammed Shami,Gujarat Titans,7,60,9.1,20,33.33,12,20.0
2024,B Kumar,Sunrisers Hyderabad,1,66,13.64,5,7.58,19,28.79
2020,NM Coulter-Nile,Mumbai Indians,1,48,10.0,15,31.25,9,18.75
2020,SN Thakur,Punjab Kings,2,18,8.33,6,33.33,3,16.67
2013,JJ Bumrah,Delhi Capitals,0,6,13.0,1,16.67,2,33.33
2013,DJ Bravo,Lucknow Super Giants,1,12,5.0,4,33.33,0,0.0
2016,M Morkel,Royal Challengers Bengaluru,1,6,6.0,1,16.67,0,0.0
2017,CR Woakes,Gujarat Titans,0,6,16.0,1,16.67,3,50.0
2019,BA Stokes,Punjab Kings,1,6,17.0,1,16.67,2,33.33
2023,JO Holder,Royal Challengers Bengaluru,0,6,6.0,3,50.0,1,16.67
2024,Mohammed Siraj,Royal Challengers Bengaluru,5,84,9.0,37,44.05,17,20.24
2023,Arshdeep Singh,Royal Challengers Bengaluru,1,6,9.0,3,50.0,2,33.33
2017,T Natarajan,Gujarat Titans,0,6,6.0,2,33.33,0,0.0
2017,Rashid Khan,Sunrisers Hyderabad,0,12,4.5,5,41.67,0,0.0
2018,JC Archer,Delhi Capitals,1,1,0.0,1,100.0,0,0.0
2018,Basil Thampi,Royal Challengers Bengaluru,0,6,19.0,0,0.0,3,50.0
2025,SM Curran,Chennai Super Kings,0,6,19.0,3,50.0,3,50.0
2022,Mustafizur Rahman,Royal Challengers Bengaluru,0,6,28.0,0,0.0,6,100.0
2022,Avesh Khan,Lucknow Super Giants,5,82,10.32,30,36.59,21,25.61
2013,SL Malinga,Mumbai Indians,5,104,8.13,32,30.77,14,13.46
2016,DJ Bravo,Punjab Kings,2,6,6.0,2,33.33,0,0.0
2023,Navdeep Saini,Rajasthan Royals,0,6,8.0,1,16.67,1,16.67
2023,KM Asif,Rajasthan Royals,0,7,13.71,1,14.29,2,28.57
2014,Karanveer Singh,Punjab Kings,4,18,12.67,8,44.44,6,33.33
2018,R Vinay Kumar,Kolkata Knight Riders,0,5,22.8,0,0.0,1,20.0
2018,Mujeeb Ur Rahman,Punjab Kings,2,24,11.75,9,37.5,7,29.17
2024,Tilak Varma,Mumbai Indians,0,4,12.0,0,0.0,1,25.0
2013,Azhar Mahmood,Royal Challengers Bengaluru,2,12,7.0,6,50.0,2,16.67
2014,K Santokie,Mumbai Indians,1,12,16.0,1,8.33,4,33.33
2020,TU Deshpande,Delhi Capitals,1,18,12.0,4,22.22,5,27.78
2015,HV Patel,Delhi Capitals,1,6,2.0,4,66.67,0,0.0
2017,Mohammed Siraj,Lucknow Super Giants,0,6,17.0,0,0.0,3,50.0
2019,I Sharma,Punjab Kings,0,6,10.0,1,16.67,1,16.67
2022,PVD Chameera,Lucknow Super Giants,1,48,11.0,14,29.17,12,25.0
2013,R Sathish,Punjab Kings,0,6,18.0,0,0.0,3,50.0
2023,Sandeep Sharma,Royal Challengers Bengaluru,3,12,9.0,5,41.67,3,25.0
2023,Akash Madhwal,Mumbai Indians,6,57,8.74,16,28.07,7,12.28
2014,Imran Tahir,Royal Challengers Bengaluru,0,6,21.0,1,16.67,3,50.0
2023,Yash Dayal,Royal Challengers Bengaluru,0,6,14.0,0,0.0,2,33.33
2022,LH Ferguson,Royal Challengers Bengaluru,1,6,11.0,2,33.33,2,33.33
2014,IK Pathan,Sunrisers Hyderabad,3,35,7.37,11,31.43,4,11.43
2020,KL Nagarkoti,Kolkata Knight Riders,1,18,7.0,9,50.0,2,11.11
2014,JJ Bumrah,Punjab Kings,2,12,9.5,3,25.0,2,16.67
2014,UT Yadav,Kolkata Knight Riders,1,48,11.63,8,16.67,11,22.92
2016,Ankit Sharma,Lucknow Super Giants,0,6,17.0,2,33.33,2,33.33
2013,I Sharma,Royal Challengers Bengaluru,0,4,12.0,2,50.0,2,50.0
2013,KA Pollard,Punjab Kings,1,6,10.0,2,33.33,2,33.33
2020,AS Rajpoot,Rajasthan Royals,0,18,17.67,0,0.0,7,38.89
2024,AS Roy,Kolkata Knight Riders,0,4,9.0,1,25.0,1,25.0
2014,TG Southee,Rajasthan Royals,0,18,9.0,5,27.78,2,11.11
2013,M Muralitharan,Royal Challengers Bengaluru,1,12,12.0,3,25.0,3,25.0
2015,MM Sharma,Chennai Super Kings,7,66,9.27,23,34.85,12,18.18
2013,JA Morkel,Chennai Super Kings,1,12,10.0,3,25.0,2,16.67
2017,MC Henriques,Delhi Capitals,0,1,24.0,0,0.0,1,100.0
2016,Mustafizur Rahman,Delhi Capitals,1,6,5.0,3,50.0,0,0.0
2017,BA Stokes,Delhi Capitals,2,12,7.5,5,41.67,1,8.33
2016,KV Sharma,Royal Challengers Bengaluru,0,6,19.0,3,50.0,3,50.0
2021,R Parag,Rajasthan Royals,0,1,24.0,0,0.0,1,100.0
2025,MJ Santner,Mumbai Indians,3,21,14.0,4,19.05,6,28.57
2019,DJ Bravo,Chennai Super Kings,5,78,10.0,22,28.21,14,17.95
2014,PP Ojha,Royal Challengers Bengaluru,0,6,14.0,1,16.67,3,50.0
2018,MG Johnson,Royal Challengers Bengaluru,1,18,9.0,6,33.33,3,16.67
2016,Sandeep Sharma,Punjab Kings,4,54,10.0,15,27.78,10,18.52
2013,P Awana,Delhi Capitals,0,6,9.0,1,16.67,1,16.67
2013,JP Faulkner,Punjab Kings,1,6,8.0,1,16.67,0,0.0
2019,KMA Paul,Delhi Capitals,3,37,11.19,12,32.43,9,24.32
2020,Mohammed Shami,Punjab Kings,8,76,12.55,17,22.37,25,32.89
2020,Washington Sundar,Royal Challengers Bengaluru,1,12,9.5,4,33.33,2,16.67
2021,DS Kulkarni,Mumbai Indians,0,6,14.0,1,16.67,2,33.33
2018,JD Unadkat,Delhi Capitals,1,6,9.0,2,33.33,1,16.67
2021,PJ Cummins,Royal Challengers Bengaluru,1,6,3.0,3,50.0,0,0.0
2014,Shakib Al Hasan,Punjab Kings,1,6,21.0,1,16.67,3,50.0
2013,KW Richardson,Lucknow Super Giants,1,11,6.0,4,36.36,1,9.09
2017,PJ Cummins,Lucknow Super Giants,1,1,0.0,1,100.0,0,0.0
2023,JP Behrendorff,Mumbai Indians,5,48,12.88,15,31.25,15,31.25
2020,T Natarajan,Sunrisers Hyderabad,7,95,12.06,21,22.11,26,27.37
2021,DJ Hooda,Punjab Kings,0,6,7.0,3,50.0,1,16.67
2013,JD Unadkat,Royal Challengers Bengaluru,0,12,6.5,3,25.0,1,8.33
2019,SP Narine,Kolkata Knight Riders,0,26,11.77,6,23.08,6,23.08
2017,S Aravind,Gujarat Titans,0,12,15.5,4,33.33,5,41.67
2016,Mohammed Shami,Punjab Kings,1,6,16.0,1,16.67,2,33.33
2015,P Suyal,Mumbai Indians,0,12,12.5,1,8.33,3,25.0
2016,SR Watson,Delhi Capitals,0,12,7.0,4,33.33,1,8.33
2020,TA Boult,Royal Challengers Bengaluru,2,18,11.67,3,16.67,5,27.78
2022,VG Arora,Punjab Kings,0,11,15.82,1,9.09,4,36.36
2015,DS Kulkarni,Rajasthan Royals,1,6,15.0,2,33.33,2,33.33
2018,R Ashwin,Punjab Kings,2,24,11.5,3,12.5,4,16.67
2023,MA Wood,Lucknow Super Giants,5,24,11.75,9,37.5,7,29.17
2015,KA Pollard,Mumbai Indians,1,16,11.63,5,31.25,5,31.25
2017,NM Coulter-Nile,Kolkata Knight Riders,3,32,9.0,8,25.0,6,18.75
2023,SM Curran,Royal Challengers Bengaluru,0,6,11.0,0,0.0,1,16.67
2023,KM Asif,Royal Challengers Bengaluru,0,6,18.0,1,16.67,3,50.0
2017,CH Morris,Delhi Capitals,5,60,7.6,12,20.0,6,10.0
2019,Sandeep Sharma,Sunrisers Hyderabad,6,52,7.5,15,28.85,5,9.62
2021,S Kaul,Sunrisers Hyderabad,6,54,7.78,20,37.04,11,20.37
2017,Mohammed Siraj,Sunrisers Hyderabad,0,6,11.0,2,33.33,1,16.67
2018,KH Pandya,Mumbai Indians,3,13,5.54,7,53.85,2,15.38
2020,BA Stokes,Rajasthan Royals,0,24,12.25,4,16.67,6,25.0
2014,AB Dinda,Delhi Capitals,0,12,15.5,2,16.67,5,41.67
2021,AD Russell,Royal Challengers Bengaluru,1,18,13.67,6,33.33,7,38.89
2017,MJ Henry,Punjab Kings,1,6,8.0,1,16.67,1,16.67
2014,KV Sharma,Sunrisers Hyderabad,0,16,6.0,5,31.25,1,6.25
2018,B Laughlin,Rajasthan Royals,3,41,12.44,9,21.95,11,26.83
2018,SN Thakur,Delhi Capitals,0,12,7.0,4,33.33,1,8.33
2019,R Ashwin,Punjab Kings,0,12,5.0,4,33.33,0,0.0
2020,KH Pandya,Mumbai Indians,1,19,9.47,4,21.05,4,21.05
2014,I Sharma,Sunrisers Hyderabad,1,6,4.0,3,50.0,0,0.0
2025,SN Thakur,Lucknow Super Giants,6,54,11.0,18,33.33,13,24.07
2013,Azhar Mahmood,Lucknow Super Giants,1,12,7.0,4,33.33,2,16.67
2017,SP Narine,Kolkata Knight Riders,0,18,4.67,8,44.44,1,5.56
2014,Harbhajan Singh,Mumbai Indians,0,12,16.0,1,8.33,5,41.67
2016,P Kumar,Lucknow Super Giants,0,6,14.0,0,0.0,2,33.33
2015,I Sharma,Sunrisers Hyderabad,0,6,22.0,2,33.33,4,66.67
2021,YS Chahal,Royal Challengers Bengaluru,2,18,7.67,9,50.0,4,22.22
2021,Ravi Bishnoi,Royal Challengers Bengaluru,0,6,8.0,2,33.33,1,16.67
2023,UT Yadav,Kolkata Knight Riders,0,6,13.0,1,16.67,1,16.67
2017,Sandeep Sharma,Delhi Capitals,1,12,14.0,2,16.67,5,41.67
2017,SL Malinga,Punjab Kings,0,6,18.0,0,0.0,2,33.33
2015,MJ McClenaghan,Mumbai Indians,7,48,8.63,15,31.25,7,14.58
2016,UT Yadav,Delhi Capitals,3,12,13.5,4,33.33,5,41.67
2020,K Gowtham,Punjab Kings,0,6,25.0,1,16.67,4,66.67
2024,MA Starc,Kolkata Knight Riders,6,47,13.66,17,36.17,15,31.91
2021,GHS Garton,Royal Challengers Bengaluru,1,12,6.0,4,33.33,1,8.33
2015,Imran Tahir,Punjab Kings,2,12,4.5,5,41.67,0,0.0
2016,PP Chawla,Kolkata Knight Riders,1,20,6.0,14,70.0,3,15.0
2017,JP Faulkner,Delhi Capitals,0,3,18.0,0,0.0,1,33.33
2016,I Sharma,Lucknow Super Giants,0,12,16.5,2,16.67,6,50.0
2018,SP Narine,Royal Challengers Bengaluru,0,12,13.5,1,8.33,4,33.33
2014,PP Chawla,Kolkata Knight Riders,5,39,8.62,15,38.46,7,17.95
2017,TG Southee,Mumbai Indians,1,12,10.5,3,25.0,3,25.0
2024,SM Curran,Punjab Kings,7,60,13.0,13,21.67,18,30.0
2018,DJ Bravo,Delhi Capitals,0,12,19.0,0,0.0,5,41.67
2016,AD Russell,Kolkata Knight Riders,3,27,11.11,6,22.22,7,25.93
2018,Imran Tahir,Chennai Super Kings,0,4,7.5,0,0.0,0,0.0
2020,BA Stokes,Punjab Kings,1,6,14.0,1,16.67,2,33.33
2016,AR Patel,Punjab Kings,0,11,4.91,5,45.45,1,9.09
2023,Yash Dayal,Gujarat Titans,0,12,20.0,2,16.67,6,50.0
2018,MG Johnson,Delhi Capitals,0,6,11.0,3,50.0,2,33.33
2017,S Kaul,Sunrisers Hyderabad,6,40,8.55,14,35.0,7,17.5
2015,Sandeep Sharma,Punjab Kings,2,36,9.5,7,19.44,6,16.67
2018,AJ Tye,Delhi Capitals,0,6,11.0,1,16.67,1,16.67
2013,SP Narine,Punjab Kings,0,12,13.0,3,25.0,4,33.33
2023,NT Ellis,Royal Challengers Bengaluru,1,6,9.0,3,50.0,1,16.67
2023,A Nortje,Royal Challengers Bengaluru,0,12,8.0,2,16.67,1,8.33
2014,UT Yadav,Punjab Kings,1,12,4.0,6,50.0,0,0.0
2019,V Shankar,Sunrisers Hyderabad,0,12,6.5,6,50.0,1,8.33
2015,JP Faulkner,Punjab Kings,2,6,9.0,2,33.33,1,16.67
2017,JP Faulkner,Punjab Kings,0,6,9.0,1,16.67,1,16.67
2016,M Ashwin,Punjab Kings,1,6,13.0,1,16.67,2,33.33
2019,I Sharma,Delhi Capitals,3,30,10.4,8,26.67,6,20.0
2015,CH Morris,Royal Challengers Bengaluru,1,12,14.0,2,16.67,3,25.0
2025,PJ Cummins,Sunrisers Hyderabad,3,52,11.54,12,23.08,13,25.0
2022,Kuldeep Yadav,Royal Challengers Bengaluru,0,6,17.0,1,16.67,2,33.33
2014,MM Sharma,Royal Challengers Bengaluru,0,6,11.0,1,16.67,1,16.67
2019,R Tewatia,Delhi Capitals,1,2,0.0,2,100.0,0,0.0
2013,PP Ojha,Mumbai Indians,1,12,7.0,1,8.33,1,8.33
2022,JD Unadkat,Mumbai Indians,3,42,13.0,7,16.67,14,33.33
2025,G Coetzee,Gujarat Titans,0,18,15.67,2,11.11,6,33.33
2017,CR Woakes,Royal Challengers Bengaluru,1,12,9.5,3,25.0,2,16.67
2020,M Prasidh Krishna,Kolkata Knight Riders,2,6,6.0,2,33.33,0,0.0
2016,S Aravind,Royal Challengers Bengaluru,0,7,6.0,3,42.86,1,14.29
2017,PP Chawla,Gujarat Titans,0,6,11.0,0,0.0,1,16.67
2021,PJ Cummins,Kolkata Knight Riders,1,29,12.21,8,27.59,8,27.59
2018,MP Stoinis,Punjab Kings,0,6,20.0,0,0.0,4,66.67
2013,IK Pathan,Delhi Capitals,1,26,12.0,5,19.23,7,26.92
2018,HV Patel,Delhi Capitals,3,27,8.89,12,44.44,5,18.52
2016,JA Morkel,Lucknow Super Giants,1,6,11.0,1,16.67,1,16.67
2016,MR Marsh,Lucknow Super Giants,0,6,10.0,2,33.33,1,16.67
2014,L Balaji,Royal Challengers Bengaluru,1,6,17.0,1,16.67,3,50.0
2019,DS Kulkarni,Rajasthan Royals,1,18,16.67,2,11.11,6,33.33
2017,VR Aaron,Punjab Kings,1,18,7.33,7,38.89,2,11.11
2020,Kartik Tyagi,Punjab Kings,0,12,12.5,3,25.0,2,16.67
2021,M Prasidh Krishna,Kolkata Knight Riders,3,51,12.12,16,31.37,15,29.41
2013,A Ashish Reddy,Sunrisers Hyderabad,1,10,15.0,3,30.0,4,40.0
2023,K Khejroliya,Kolkata Knight Riders,2,14,15.86,4,28.57,4,28.57
2018,Mustafizur Rahman,Delhi Capitals,0,6,11.0,1,16.67,1,16.67
2013,IK Pathan,Royal Challengers Bengaluru,0,6,11.0,1,16.67,1,16.67
2021,AD Russell,Kolkata Knight Riders,7,36,9.5,13,36.11,7,19.44
2021,RP Meredith,Punjab Kings,1,14,18.86,3,21.43,6,42.86
2015,D Wiese,Royal Challengers Bengaluru,7,42,9.57,13,30.95,9,21.43
2020,TK Curran,Rajasthan Royals,1,37,15.24,3,8.11,13,35.14
2018,TG Southee,Delhi Capitals,0,12,14.5,1,8.33,3,25.0
2013,DW Steyn,Lucknow Super Giants,1,6,6.0,3,50.0,1,16.67
2016,R Ashwin,Royal Challengers Bengaluru,0,6,7.0,2,33.33,1,16.67
2013,SR Watson,Punjab Kings,0,6,7.0,1,16.67,0,0.0
2013,Sandeep Sharma,Punjab Kings,1,12,10.5,4,33.33,3,25.0
2025,Arshad Khan,Gujarat Titans,1,18,12.33,4,22.22,5,27.78
2015,TG Southee,Rajasthan Royals,1,30,15.0,5,16.67,10,33.33
2018,HH Pandya,Punjab Kings,1,6,22.0,1,16.67,4,66.67
2024,Azmatullah Omarzai,Gujarat Titans,0,6,16.0,0,0.0,3,50.0
2022,CV Varun,Kolkata Knight Riders,0,6,17.0,0,0.0,3,50.0
2020,Abdul Samad,Sunrisers Hyderabad,0,6,20.0,0,0.0,2,33.33
2013,STR Binny,Rajasthan Royals,2,12,10.5,2,16.67,2,16.67
2016,M Ashwin,Gujarat Titans,1,6,4.0,3,50.0,0,0.0
2013,Anand Rajan,Sunrisers Hyderabad,1,6,9.0,2,33.33,1,16.67
2019,GC Viljoen,Punjab Kings,1,18,11.67,5,27.78,7,38.89
2017,HV Patel,Delhi Capitals,1,6,14.0,3,50.0,3,50.0
2023,M Markande,Sunrisers Hyderabad,1,18,9.67,4,22.22,4,22.22
2025,KK Ahmed,Chennai Super Kings,5,52,13.27,14,26.92,16,30.77
2013,JH Kallis,Lucknow Super Giants,1,6,5.0,1,16.67,0,0.0
2023,Mohammed Shami,Gujarat Titans,8,79,10.03,22,27.85,17,21.52
2018,AD Russell,Kolkata Knight Riders,2,36,10.33,10,27.78,8,22.22
2025,M Theekshana,Rajasthan Royals,3,36,11.33,11,30.56,8,22.22
2024,MP Stoinis,Lucknow Super Giants,0,6,15.0,1,16.67,2,33.33
2016,A Zampa,Lucknow Super Giants,5,18,5.0,8,44.44,1,5.56
2021,SM Curran,Chennai Super Kings,4,54,10.78,16,29.63,12,22.22
2018,AJ Tye,Punjab Kings,11,108,9.44,32,29.63,21,19.44
2020,M Ashwin,Punjab Kings,3,21,9.71,7,33.33,5,23.81
2019,SN Thakur,Royal Challengers Bengaluru,0,6,9.0,1,16.67,1,16.67
2019,AJ Tye,Punjab Kings,2,36,12.67,2,5.56,10,27.78
2017,MM Sharma,Gujarat Titans,0,6,5.0,3,50.0,0,0.0
2024,RA Jadeja,Chennai Super Kings,0,6,8.0,1,16.67,1,16.67
2017,AD Mathews,Delhi Capitals,0,6,12.0,0,0.0,1,16.67
2025,A Zampa,Sunrisers Hyderabad,0,6,22.0,1,16.67,4,66.67
2024,Arshad Khan,Lucknow Super Giants,0,1,36.0,0,0.0,1,100.0
2013,WD Parnell,Lucknow Super Giants,2,29,12.21,4,13.79,9,31.03
2021,Avesh Khan,Royal Challengers Bengaluru,0,12,6.5,3,25.0,1,8.33
2014,AB Dinda,Royal Challengers Bengaluru,1,36,13.0,9,25.0,11,30.56
2015,A Nehra,Royal Challengers Bengaluru,2,6,1.0,5,83.33,0,0.0
2023,M Pathirana,Chennai Super Kings,18,134,8.42,46,34.33,18,13.43
2015,M de Lange,Mumbai Indians,0,12,12.5,3,25.0,4,33.33
2016,CJ Jordan,Punjab Kings,0,12,14.0,1,8.33,4,33.33
2020,A Nortje,Delhi Capitals,6,112,8.73,38,33.93,21,18.75
2019,RA Jadeja,Royal Challengers Bengaluru,1,6,1.0,5,83.33,0,0.0
2015,P Negi,Chennai Super Kings,0,6,25.0,1,16.67,4,66.67
2014,Sandeep Sharma,Punjab Kings,2,31,14.52,4,12.9,10,32.26
2025,Ishan Kishan,Sunrisers Hyderabad,0,1,24.0,0,0.0,1,100.0
2025,Mukesh Kumar,Delhi Capitals,4,63,16.38,10,15.87,26,41.27
2015,DJ Bravo,Punjab Kings,1,12,10.0,2,16.67,2,16.67
2015,SP Narine,Kolkata Knight Riders,2,24,12.25,6,25.0,7,29.17
2014,R Vinay Kumar,Royal Challengers Bengaluru,1,12,6.5,3,25.0,1,8.33
2017,TA Boult,Gujarat Titans,1,12,13.0,2,16.67,5,41.67
2020,AR Patel,Delhi Capitals,0,6,6.0,3,50.0,1,16.67
2023,SN Thakur,Kolkata Knight Riders,3,35,12.34,7,20.0,10,28.57
2024,A Nortje,Delhi Capitals,3,42,21.29,9,21.43,25,59.52
2019,MM Sharma,Chennai Super Kings,1,6,16.0,1,16.67,3,50.0
2020,TA Boult,Mumbai Indians,5,80,9.38,24,30.0,19,23.75
2014,R Shukla,Royal Challengers Bengaluru,0,6,27.0,1,16.67,4,66.67
2020,Ravi Bishnoi,Punjab Kings,1,6,10.0,1,16.67,1,16.67
2022,AD Russell,Kolkata Knight Riders,7,67,11.64,21,31.34,22,32.84
2019,BA Stokes,Royal Challengers Bengaluru,0,12,8.5,2,16.67,2,16.67
2024,YS Chahal,Rajasthan Royals,2,36,11.67,8,22.22,9,25.0
2023,Naveen-ul-Haq,Royal Challengers Bengaluru,3,12,5.5,4,33.33,1,8.33
2021,JR Hazlewood,Chennai Super Kings,4,36,8.33,12,33.33,6,16.67
2013,DS Kulkarni,Mumbai Indians,3,36,7.5,17,47.22,4,11.11
2023,Mohsin Khan,Lucknow Super Giants,2,18,6.33,10,55.56,2,11.11
2013,Harmeet Singh,Delhi Capitals,0,6,6.0,2,33.33,0,0.0
2023,K Kartikeya,Royal Challengers Bengaluru,0,6,15.0,2,33.33,3,50.0
2022,AS Joseph,Gujarat Titans,2,36,9.17,11,30.56,7,19.44
2022,Fazalhaq Farooqi,Royal Challengers Bengaluru,0,12,16.5,1,8.33,5,41.67
2022,NT Ellis,Punjab Kings,2,12,13.5,3,25.0,4,33.33
2019,KK Ahmed,Sunrisers Hyderabad,7,53,7.58,20,37.74,7,13.21
2019,S Kaul,Sunrisers Hyderabad,2,42,11.57,11,26.19,10,23.81
2025,Mukesh Choudhary,Chennai Super Kings,0,6,15.0,2,33.33,3,50.0
2017,Mohammed Shami,Gujarat Titans,1,6,8.0,2,33.33,1,16.67
2018,YS Chahal,Royal Challengers Bengaluru,0,12,13.5,2,16.67,3,25.0
2015,MJ McClenaghan,Delhi Capitals,1,6,13.0,2,33.33,2,33.33
2018,Rashid Khan,Delhi Capitals,1,12,7.5,6,50.0,2,16.67
2020,Kuldeep Yadav,Kolkata Knight Riders,1,12,7.0,6,50.0,2,16.67
2016,AB Dinda,Royal Challengers Bengaluru,0,3,14.0,0,0.0,1,33.33
2023,A Zampa,Rajasthan Royals,1,18,11.33,3,16.67,5,27.78
2013,JA Morkel,Delhi Capitals,1,6,1.0,5,83.33,0,0.0
2015,CH Morris,Rajasthan Royals,5,60,9.6,13,21.67,12,20.0
2019,RA Jadeja,Chennai Super Kings,4,36,5.17,20,55.56,3,8.33
2018,Sandeep Sharma,Sunrisers Hyderabad,2,6,3.0,4,66.67,0,0.0
2021,Kartik Tyagi,Rajasthan Royals,2,12,6.0,6,50.0,1,8.33
2019,S Dube,Royal Challengers Bengaluru,0,4,4.5,2,50.0,0,0.0
2013,M Morkel,Lucknow Super Giants,0,6,10.0,2,33.33,2,33.33
2016,IK Pathan,Lucknow Super Giants,0,6,16.0,0,0.0,2,33.33
2020,B Kumar,Royal Challengers Bengaluru,0,12,8.0,3,25.0,2,16.67
2013,B Lee,Kolkata Knight Riders,1,18,10.33,6,33.33,5,27.78
2022,AF Milne,Chennai Super Kings,0,3,14.0,0,0.0,1,33.33
2015,RA Jadeja,Chennai Super Kings,1,6,3.0,3,50.0,0,0.0
2019,N Rana,Kolkata Knight Riders,1,6,5.0,2,33.33,0,0.0
2013,AB Dinda,Punjab Kings,0,12,10.5,0,0.0,2,16.67
2020,L Ngidi,Chennai Super Kings,5,30,12.4,9,30.0,6,20.0
2017,B Kumar,Sunrisers Hyderabad,13,102,7.88,30,29.41,12,11.76
2016,DJ Bravo,Gujarat Titans,5,102,11.71,21,20.59,25,24.51
2019,HF Gurney,Royal Challengers Bengaluru,1,12,17.5,1,8.33,6,50.0
2016,Mohammed Shami,Gujarat Titans,1,12,9.0,2,16.67,2,16.67
2022,AS Joseph,Royal Challengers Bengaluru,1,6,15.0,1,16.67,2,33.33
2014,RA Jadeja,Delhi Capitals,0,6,4.0,2,33.33,0,0.0
2025,Kuldeep Yadav,Delhi Capitals,3,30,5.2,11,36.67,1,3.33
2016,B Kumar,Punjab Kings,2,12,11.5,4,33.33,4,33.33
2016,A Nehra,Lucknow Super Giants,2,6,9.0,2,33.33,1,16.67
2016,Z Khan,Delhi Capitals,3,45,9.07,14,31.11,6,13.33
2023,MM Sharma,Royal Challengers Bengaluru,0,6,15.0,0,0.0,2,33.33
2021,SP Narine,Kolkata Knight Riders,3,18,9.0,7,38.89,3,16.67
2024,Yuvraj Singh,Lucknow Super Giants,0,12,14.5,1,8.33,3,25.0
2020,YS Chahal,Royal Challengers Bengaluru,1,36,11.67,9,25.0,7,19.44
2019,Shakib Al Hasan,Sunrisers Hyderabad,0,5,21.6,1,20.0,3,60.0
2017,MJ McClenaghan,Lucknow Super Giants,0,6,7.0,2,33.33,1,16.67
2017,TM Head,Gujarat Titans,0,6,11.0,1,16.67,1,16.67
2021,B Kumar,Sunrisers Hyderabad,2,72,10.33,16,22.22,13,18.06
2022,Ramandeep Singh,Mumbai Indians,3,12,6.5,6,50.0,1,8.33
2015,KV Sharma,Sunrisers Hyderabad,0,6,20.0,1,16.67,3,50.0
2021,LH Ferguson,Royal Challengers Bengaluru,2,12,5.5,7,58.33,2,16.67
2019,MJ McClenaghan,Mumbai Indians,1,18,9.0,5,27.78,3,16.67
2023,AD Russell,Kolkata Knight Riders,2,25,11.52,7,28.0,6,24.0
2013,M Kartik,Lucknow Super Giants,2,6,8.0,2,33.33,1,16.67
2016,TG Southee,Lucknow Super Giants,0,6,11.0,1,16.67,1,16.67
2016,MM Sharma,Lucknow Super Giants,1,12,8.0,3,25.0,2,16.67
2020,Navdeep Saini,Punjab Kings,0,6,11.0,1,16.67,2,33.33
2014,S Kaul,Royal Challengers Bengaluru,0,6,9.0,3,50.0,1,16.67
2015,UT Yadav,Kolkata Knight Riders,2,66,11.45,14,21.21,19,28.79
2015,GS Sandhu,Delhi Capitals,1,24,12.5,4,16.67,7,29.17
2016,Sachin Baby,Royal Challengers Bengaluru,2,4,6.0,3,75.0,1,25.0
2016,R Bhatia,Gujarat Titans,0,6,12.0,2,33.33,1,16.67
2023,CV Varun,Kolkata Knight Riders,4,64,10.13,19,29.69,12,18.75
2021,A Nortje,Delhi Capitals,3,50,6.48,23,46.0,7,14.0
2014,BW Hilfenhaus,Delhi Capitals,0,6,9.0,3,50.0,2,33.33
2018,BA Stokes,Rajasthan Royals,2,42,10.57,14,33.33,11,26.19
2023,WD Parnell,Royal Challengers Bengaluru,1,25,11.52,6,24.0,6,24.0
2023,HV Patel,Royal Challengers Bengaluru,8,96,11.75,21,21.88,23,23.96
2022,SA Abbott,Sunrisers Hyderabad,0,6,18.0,2,33.33,3,50.0
2019,Navdeep Saini,Punjab Kings,0,6,8.0,3,50.0,1,16.67
2025,YS Chahal,Punjab Kings,6,30,10.4,9,30.0,6,20.0
2015,AD Mathews,Delhi Capitals,1,30,9.2,9,30.0,7,23.33
2025,Abdul Samad,Lucknow Super Giants,0,2,18.0,1,50.0,1,50.0
2013,A Nehra,Punjab Kings,1,6,6.0,3,50.0,1,16.67
2016,CJ Jordan,Royal Challengers Bengaluru,3,36,12.67,9,25.0,9,25.0
2013,SL Malinga,Punjab Kings,3,12,8.5,6,50.0,3,25.0
2025,Harpreet Brar,Punjab Kings,0,12,10.0,1,8.33,2,16.67
2025,KT Maphaka,Rajasthan Royals,0,6,16.0,1,16.67,3,50.0
2023,Kartik Tyagi,Sunrisers Hyderabad,0,7,12.86,2,28.57,2,28.57
2017,Sandeep Sharma,Punjab Kings,5,42,11.86,12,28.57,11,26.19
2016,JP Faulkner,Gujarat Titans,1,12,14.0,2,16.67,3,25.0
2016,MJ McClenaghan,Lucknow Super Giants,0,6,6.0,2,33.33,0,0.0
2015,A Mishra,Delhi Capitals,0,19,7.26,5,26.32,1,5.26
2018,AD Russell,Royal Challengers Bengaluru,1,6,17.0,1,16.67,2,33.33
2019,JD Unadkat,Rajasthan Royals,5,56,14.36,11,19.64,18,32.14
2018,Shakib Al Hasan,Royal Challengers Bengaluru,0,6,13.0,0,0.0,1,16.67
2024,AS Joseph,Royal Challengers Bengaluru,0,22,15.0,4,18.18,8,36.36
2025,TA Boult,Mumbai Indians,8,76,8.92,24,31.58,13,17.11
2019,MM Ali,Royal Challengers Bengaluru,0,6,13.0,3,50.0,2,33.33
2016,CH Gayle,Royal Challengers Bengaluru,0,6,2.0,5,83.33,0,0.0
2019,TA Boult,Delhi Capitals,3,42,12.14,13,30.95,12,28.57
2016,HV Patel,Royal Challengers Bengaluru,0,18,9.0,6,33.33,3,16.67
2020,CJ Jordan,Royal Challengers Bengaluru,0,6,10.0,1,16.67,1,16.67
2018,Rashid Khan,Punjab Kings,0,6,13.0,1,16.67,2,33.33
2024,AD Russell,Kolkata Knight Riders,6,44,9.55,21,47.73,10,22.73
2014,Imran Tahir,Delhi Capitals,5,30,4.0,14,46.67,1,3.33
2013,AB Dinda,Delhi Capitals,1,12,13.0,4,33.33,5,41.67
2014,P Negi,Chennai Super Kings,0,6,8.0,2,33.33,1,16.67
2018,UT Yadav,Punjab Kings,0,6,8.0,1,16.67,0,0.0
2020,S Kaul,Sunrisers Hyderabad,1,6,21.0,1,16.67,4,66.67
2017,S Kaul,Gujarat Titans,1,6,4.0,2,33.33,0,0.0
2018,S Kaul,Punjab Kings,0,6,6.0,0,0.0,0,0.0
2023,C Sakariya,Delhi Capitals,1,18,19.0,3,16.67,8,44.44
2016,B Kumar,Gujarat Titans,4,18,7.67,5,27.78,2,11.11
2022,R Shepherd,Sunrisers Hyderabad,0,6,17.0,1,16.67,2,33.33
2013,B Lee,Delhi Capitals,1,6,12.0,2,33.33,2,33.33
2018,DJ Bravo,Royal Challengers Bengaluru,1,24,10.0,7,29.17,4,16.67
2013,SL Malinga,Lucknow Super Giants,0,12,5.5,2,16.67,0,0.0
2016,BB Sran,Sunrisers Hyderabad,2,21,5.71,6,28.57,1,4.76
2013,R Bhatia,Kolkata Knight Riders,3,17,7.76,6,35.29,2,11.76
2024,Arshdeep Singh,Punjab Kings,9,86,12.35,30,34.88,26,30.23
2020,AS Rajpoot,Punjab Kings,1,6,9.0,3,50.0,2,33.33
2021,Shivam Mavi,Royal Challengers Bengaluru,0,12,9.0,2,16.67,1,8.33
2022,Mustafizur Rahman,Delhi Capitals,6,84,8.29,26,30.95,12,14.29
2015,JP Faulkner,Royal Challengers Bengaluru,0,6,15.0,0,0.0,2,33.33
2023,Mustafizur Rahman,Delhi Capitals,1,12,11.5,5,41.67,4,33.33
2014,DJ Hussey,Chennai Super Kings,2,11,15.27,3,27.27,4,36.36
2023,VG Arora,Kolkata Knight Riders,3,36,11.33,8,22.22,7,19.44
2013,S Kaul,Punjab Kings,0,6,18.0,1,16.67,3,50.0
2019,S Gopal,Punjab Kings,0,6,5.0,2,33.33,0,0.0
2013,RJ Harris,Punjab Kings,0,6,1.0,5,83.33,0,0.0
2024,C Green,Royal Challengers Bengaluru,1,25,9.12,7,28.0,5,20.0
2023,RS Hangargekar,Chennai Super Kings,1,12,8.0,6,50.0,1,8.33
2023,Akash Singh,Chennai Super Kings,1,6,10.0,1,16.67,1,16.67
2024,Vijaykumar Vyshak,Royal Challengers Bengaluru,2,9,14.0,4,44.44,3,33.33
2022,A Nortje,Delhi Capitals,5,30,8.6,9,30.0,5,16.67
2021,R Ashwin,Delhi Capitals,3,11,10.91,6,54.55,3,27.27
2025,V Puthur,Mumbai Indians,0,12,12.0,2,16.67,3,25.0
2014,R Vinay Kumar,Kolkata Knight Riders,4,30,10.4,7,23.33,6,20.0
2024,PVD Chameera,Kolkata Knight Riders,0,6,18.0,3,50.0,3,50.0
2014,R Shukla,Delhi Capitals,0,6,15.0,3,50.0,2,33.33
2014,IC Pandey,Punjab Kings,0,6,8.0,1,16.67,1,16.67
2021,DJ Bravo,Chennai Super Kings,7,76,9.32,24,31.58,14,18.42
2025,Azmatullah Omarzai,Punjab Kings,3,36,11.5,8,22.22,10,27.78
2014,SL Malinga,Royal Challengers Bengaluru,0,3,14.0,0,0.0,1,33.33
2021,MM Ali,Chennai Super Kings,0,8,4.5,2,25.0,0,0.0
2021,JO Holder,Sunrisers Hyderabad,5,41,8.78,14,34.15,7,17.07
2017,AB Dinda,Punjab Kings,0,6,12.0,1,16.67,1,16.67
2015,PP Chawla,Punjab Kings,0,6,14.0,2,33.33,2,33.33
2017,IK Pathan,Gujarat Titans,0,6,10.0,2,33.33,1,16.67
2024,PJ Cummins,Sunrisers Hyderabad,4,90,11.67,18,20.0,26,28.89
2019,Imran Tahir,Chennai Super Kings,1,38,8.84,7,18.42,5,13.16
2018,MA Wood,Chennai Super Kings,0,12,18.0,1,8.33,6,50.0
2017,B Kumar,Punjab Kings,0,6,8.0,1,16.67,1,16.67
2016,SP Narine,Kolkata Knight Riders,1,22,7.09,8,36.36,3,13.64
2016,YS Chahal,Royal Challengers Bengaluru,1,19,9.79,4,21.05,4,21.05
2020,TK Curran,Punjab Kings,1,12,9.0,3,25.0,2,16.67
2022,D Pretorius,Chennai Super Kings,1,42,12.43,14,33.33,12,28.57
2023,MM Sharma,Gujarat Titans,13,85,7.69,30,35.29,12,14.12
2021,AF Milne,Mumbai Indians,0,6,10.0,1,16.67,1,16.67
2024,JJ Bumrah,Mumbai Indians,10,89,6.27,32,35.96,8,8.99
2016,JD Unadkat,Kolkata Knight Riders,0,6,22.0,1,16.67,3,50.0
2013,AB Dinda,Lucknow Super Giants,4,90,11.8,22,24.44,25,27.78
2014,SL Malinga,Delhi Capitals,0,6,6.0,1,16.67,0,0.0
2024,Kuldeep Yadav,Delhi Capitals,3,30,11.8,8,26.67,7,23.33
2020,PJ Cummins,Royal Challengers Bengaluru,0,6,19.0,2,33.33,3,50.0
2013,KA Pollard,Mumbai Indians,3,48,11.25,17,35.42,13,27.08
2014,Shivam Sharma,Punjab Kings,0,12,6.5,4,33.33,1,8.33
2025,AR Patel,Delhi Capitals,0,12,11.0,3,25.0,3,25.0
2015,KA Pollard,Royal Challengers Bengaluru,0,6,9.0,1,16.67,1,16.67
2017,A Mishra,Delhi Capitals,1,5,10.8,2,40.0,1,20.0
2015,JJ Bumrah,Mumbai Indians,0,12,22.5,3,25.0,7,58.33
2023,NA Saini,Rajasthan Royals,0,6,23.0,1,16.67,3,50.0
2014,BE Hendricks,Delhi Capitals,3,12,7.0,4,33.33,1,8.33
2019,AS Joseph,Mumbai Indians,2,4,7.5,2,50.0,1,25.0
2025,Washington Sundar,Gujarat Titans,1,12,4.5,4,33.33,0,0.0
2019,Kuldeep Yadav,Royal Challengers Bengaluru,1,6,9.0,2,33.33,1,16.67
2014,PJ Cummins,Kolkata Knight Riders,0,6,4.0,2,33.33,0,0.0
2014,IK Pathan,Delhi Capitals,0,6,5.0,1,16.67,0,0.0
2013,MN Samuels,Lucknow Super Giants,0,6,15.0,1,16.67,2,33.33
2018,Shivam Mavi,Royal Challengers Bengaluru,0,6,9.0,1,16.67,0,0.0
2020,T Natarajan,Royal Challengers Bengaluru,3,30,6.6,12,40.0,4,13.33
2024,RD Chahar,Punjab Kings,1,24,11.5,7,29.17,5,20.83
2023,Rashid Khan,Royal Challengers Bengaluru,0,6,6.0,1,16.67,0,0.0
2014,JH Kallis,Delhi Capitals,0,6,12.0,2,33.33,2,33.33
2018,RA Jadeja,Chennai Super Kings,0,6,6.0,1,16.67,0,0.0
2016,CJ Jordan,Gujarat Titans,1,12,8.0,3,25.0,2,16.67
2020,PJ Cummins,Kolkata Knight Riders,2,42,10.14,13,30.95,11,26.19
2016,P Kumar,Gujarat Titans,4,45,11.2,10,22.22,13,28.89
2023,CJ Jordan,Royal Challengers Bengaluru,1,12,8.5,6,50.0,3,25.0
2013,KK Cooper,Punjab Kings,2,12,5.0,4,33.33,0,0.0
2023,Mukesh Kumar,Royal Challengers Bengaluru,0,6,6.0,3,50.0,1,16.67
2020,Navdeep Saini,Royal Challengers Bengaluru,2,58,10.24,17,29.31,12,20.69
2015,PV Tambe,Royal Challengers Bengaluru,0,6,18.0,0,0.0,3,50.0
2013,DP Nannes,Chennai Super Kings,1,18,14.0,4,22.22,6,33.33
2016,M Morkel,Lucknow Super Giants,0,6,17.0,1,16.67,3,50.0
2025,E Malinga,Sunrisers Hyderabad,6,40,7.8,19,47.5,9,22.5
2021,TA Boult,Mumbai Indians,6,68,11.47,17,25.0,18,26.47
2018,MJ McClenaghan,Royal Challengers Bengaluru,0,6,24.0,0,0.0,2,33.33
2013,MM Sharma,Chennai Super Kings,2,16,9.75,6,37.5,4,25.0
2013,B Kumar,Delhi Capitals,0,6,6.0,2,33.33,0,0.0
2016,JP Faulkner,Punjab Kings,0,12,7.5,3,25.0,1,8.33
2019,DJ Bravo,Royal Challengers Bengaluru,2,7,9.43,3,42.86,2,28.57
2020,DJ Bravo,Chennai Super Kings,5,30,7.4,12,40.0,4,13.33
2020,Shahbaz Ahmed,Royal Challengers Bengaluru,1,6,6.0,1,16.67,0,0.0
2016,JJ Bumrah,Royal Challengers Bengaluru,0,6,7.0,0,0.0,0,0.0
2022,V Shankar,Gujarat Titans,0,3,2.0,2,66.67,0,0.0
2013,MR Marsh,Lucknow Super Giants,0,12,15.5,2,16.67,5,41.67
2014,A Mishra,Sunrisers Hyderabad,1,21,16.57,4,19.05,8,38.1
2017,AR Patel,Delhi Capitals,0,6,16.0,1,16.67,2,33.33
2025,HV Patel,Sunrisers Hyderabad,7,77,10.44,26,33.77,15,19.48
2018,BCJ Cutting,Mumbai Indians,0,18,12.67,2,11.11,6,33.33
2023,GJ Maxwell,Royal Challengers Bengaluru,1,8,12.75,2,25.0,2,25.0
2022,Washington Sundar,Sunrisers Hyderabad,0,12,18.5,1,8.33,6,50.0
2014,DS Kulkarni,Delhi Capitals,0,6,9.0,0,0.0,1,16.67
2013,UT Yadav,Delhi Capitals,10,90,9.73,29,32.22,19,21.11
2020,KK Ahmed,Sunrisers Hyderabad,2,22,14.73,3,13.64,6,27.27
2019,KH Pandya,Mumbai Indians,2,12,11.5,4,33.33,3,25.0
2018,Imran Tahir,Punjab Kings,0,6,5.0,2,33.33,0,0.0
2020,RA Jadeja,Chennai Super Kings,0,8,18.0,1,12.5,3,37.5
2016,A Zampa,Royal Challengers Bengaluru,0,6,18.0,1,16.67,3,50.0
2018,SR Watson,Chennai Super Kings,1,12,12.5,3,25.0,3,25.0
2019,JJ Bumrah,Mumbai Indians,12,148,7.5,51,34.46,21,14.19
2024,Ravi Bishnoi,Lucknow Super Giants,2,18,14.0,8,44.44,6,33.33
2022,M Theekshana,Royal Challengers Bengaluru,3,12,4.0,7,58.33,1,8.33
2018,MM Sharma,Delhi Capitals,1,12,11.0,1,8.33,2,16.67
2023,LH Ferguson,Kolkata Knight Riders,1,16,14.25,1,6.25,4,25.0
2016,R Bhatia,Lucknow Super Giants,0,6,7.0,0,0.0,0,0.0
2016,DR Smith,Delhi Capitals,0,6,21.0,0,0.0,3,50.0
2018,JJ Bumrah,Punjab Kings,1,12,4.5,4,33.33,0,0.0
2013,P Kumar,Punjab Kings,1,62,10.84,11,17.74,13,20.97
2013,JH Kallis,Punjab Kings,2,6,7.0,2,33.33,1,16.67
2025,Avesh Khan,Lucknow Super Giants,8,87,10.9,19,21.84,21,24.14
2023,Mustafizur Rahman,Royal Challengers Bengaluru,0,6,12.0,0,0.0,2,33.33
2023,RA Jadeja,Chennai Super Kings,0,12,16.5,0,0.0,5,41.67
2013,DJG Sammy,Sunrisers Hyderabad,0,14,15.43,3,21.43,5,35.71
2014,MC Henriques,Delhi Capitals,2,6,4.0,5,83.33,1,16.67
2016,Mohammed Shami,Royal Challengers Bengaluru,2,12,7.5,4,33.33,1,8.33
2022,JO Holder,Lucknow Super Giants,5,60,11.6,11,18.33,14,23.33
2019,K Khejroliya,Royal Challengers Bengaluru,1,6,5.0,1,16.67,0,0.0
2016,MP Stoinis,Gujarat Titans,0,6,12.0,0,0.0,2,33.33
2019,M Prasidh Krishna,Royal Challengers Bengaluru,0,12,18.5,1,8.33,6,50.0
2023,SM Curran,Punjab Kings,7,77,10.99,17,22.08,19,24.68
2015,RA Jadeja,Delhi Capitals,0,4,9.0,1,25.0,1,25.0
2014,MM Sharma,Delhi Capitals,0,12,17.5,2,16.67,7,58.33
2014,MA Starc,Delhi Capitals,0,12,10.5,3,25.0,3,25.0
2014,AR Patel,Punjab Kings,5,42,8.14,18,42.86,8,19.05
2013,SK Trivedi,Delhi Capitals,0,6,13.0,1,16.67,2,33.33
2019,JJ Bumrah,Royal Challengers Bengaluru,0,12,9.0,3,25.0,2,16.67
2018,Mustafizur Rahman,Mumbai Indians,4,45,9.33,22,48.89,10,22.22
2019,AR Patel,Punjab Kings,1,6,7.0,2,33.33,1,16.67
2024,M Shahrukh Khan,Gujarat Titans,0,6,7.0,1,16.67,0,0.0
2019,LH Ferguson,Royal Challengers Bengaluru,0,6,19.0,1,16.67,3,50.0
2019,CH Morris,Punjab Kings,2,12,5.0,3,25.0,0,0.0
2019,Kuldeep Yadav,Kolkata Knight Riders,2,18,4.33,6,33.33,0,0.0
2025,TU Deshpande,Rajasthan Royals,5,36,12.67,8,22.22,10,27.78
2025,HH Pandya,Mumbai Indians,3,30,16.4,4,13.33,12,40.0
2018,L Ngidi,Punjab Kings,2,6,3.0,4,66.67,0,0.0
2019,MJ Santner,Chennai Super Kings,1,6,1.0,5,83.33,0,0.0
2015,SP Narine,Punjab Kings,1,6,6.0,2,33.33,0,0.0
2015,Anureet Singh,Punjab Kings,8,94,11.04,27,28.72,24,25.53
2014,JP Faulkner,Rajasthan Royals,4,74,9.73,18,24.32,11,14.86
2017,PJ Sangwan,Lucknow Super Giants,0,6,11.0,0,0.0,1,16.67
2017,CR Woakes,Punjab Kings,1,6,10.0,2,33.33,2,33.33
2022,UT Yadav,Kolkata Knight Riders,1,12,14.0,3,25.0,4,33.33
2013,R Vinay Kumar,Punjab Kings,0,6,18.0,0,0.0,2,33.33
2025,Arshdeep Singh,Punjab Kings,11,86,10.4,27,31.4,20,23.26
2014,Sandeep Sharma,Royal Challengers Bengaluru,0,6,8.0,2,33.33,1,16.67
2022,PVD Chameera,Royal Challengers Bengaluru,0,6,21.0,1,16.67,4,66.67
2016,B Kumar,Sunrisers Hyderabad,5,60,8.3,17,28.33,7,11.67
2022,TG Southee,Kolkata Knight Riders,7,66,10.45,20,30.3,13,19.7
2018,CR Woakes,Delhi Capitals,0,12,15.5,4,33.33,7,58.33
2015,DJ Hooda,Rajasthan Royals,1,7,16.29,1,14.29,3,42.86
2018,R Vinay Kumar,Royal Challengers Bengaluru,2,6,16.0,3,50.0,3,50.0
2015,D Wiese,Delhi Capitals,0,2,3.0,1,50.0,0,0.0
2013,YK Pathan,Kolkata Knight Riders,0,1,36.0,0,0.0,1,100.0
2024,MP Yadav,Lucknow Super Giants,1,1,0.0,1,100.0,0,0.0
2013,DJ Bravo,Delhi Capitals,1,3,0.0,3,100.0,0,0.0
2017,Sandeep Sharma,Gujarat Titans,1,12,11.5,2,16.67,4,33.33
2020,A Nortje,Royal Challengers Bengaluru,1,6,7.0,2,33.33,1,16.67
2019,AS Rajpoot,Punjab Kings,3,18,9.67,5,27.78,2,11.11
2015,B Kumar,Delhi Capitals,0,12,7.5,3,25.0,2,16.67
2014,KA Pollard,Mumbai Indians,1,30,14.6,6,20.0,10,33.33
2019,Mohammad Nabi,Sunrisers Hyderabad,0,7,16.29,0,0.0,3,42.86
2013,B Kumar,Royal Challengers Bengaluru,0,6,15.0,0,0.0,3,50.0
2013,L Balaji,Kolkata Knight Riders,2,42,12.29,4,9.52,10,23.81
2020,S Dube,Royal Challengers Bengaluru,2,18,6.33,5,27.78,2,11.11
2014,R Dhawan,Punjab Kings,3,38,10.74,6,15.79,7,18.42
2013,RA Jadeja,Lucknow Super Giants,0,6,14.0,1,16.67,2,33.33
2014,NM Coulter-Nile,Delhi Capitals,1,12,12.0,3,25.0,3,25.0
2015,Imran Tahir,Delhi Capitals,8,57,9.79,19,33.33,10,17.54
2014,KK Cooper,Rajasthan Royals,1,30,8.2,10,33.33,5,16.67
2020,JJ Bumrah,Mumbai Indians,5,96,9.5,30,31.25,17,17.71
2015,TA Boult,Sunrisers Hyderabad,2,30,11.8,6,20.0,8,26.67
2014,B Kumar,Delhi Capitals,1,6,2.0,4,66.67,0,0.0
2016,NM Coulter-Nile,Delhi Capitals,2,24,9.5,7,29.17,3,12.5
2024,Mustafizur Rahman,Chennai Super Kings,7,86,11.44,27,31.4,20,23.26
2017,JP Faulkner,Gujarat Titans,1,24,10.25,6,25.0,5,20.83
2019,Mohammed Shami,Punjab Kings,11,108,9.67,30,27.78,21,19.44
2017,SP Narine,Delhi Capitals,1,6,7.0,3,50.0,1,16.67
2024,JD Unadkat,Sunrisers Hyderabad,2,37,12.97,8,21.62,10,27.03
2023,K Kartikeya,Mumbai Indians,0,12,12.5,4,33.33,3,25.0
2023,Ravi Bishnoi,Lucknow Super Giants,1,21,10.29,7,33.33,5,23.81
2021,HV Patel,Royal Challengers Bengaluru,19,140,9.51,47,33.57,23,16.43
2024,Harshit Rana,Kolkata Knight Riders,6,67,9.94,22,32.84,14,20.9
2019,M Prasidh Krishna,Kolkata Knight Riders,0,38,12.95,9,23.68,13,34.21
2025,Akash Deep,Lucknow Super Giants,0,6,8.0,0,0.0,0,0.0
2023,YS Chahal,Rajasthan Royals,8,48,7.5,19,39.58,6,12.5
2022,AR Patel,Delhi Capitals,0,6,14.0,0,0.0,2,33.33
2023,YS Chahal,Royal Challengers Bengaluru,1,24,8.25,6,25.0,3,12.5
2013,R McLaren,Kolkata Knight Riders,2,12,15.0,4,33.33,4,33.33
2019,AD Russell,Punjab Kings,1,6,10.0,2,33.33,2,33.33
2014,Yuvraj Singh,Punjab Kings,0,6,5.0,1,16.67,0,0.0
2018,LE Plunkett,Delhi Capitals,1,30,9.6,8,26.67,7,23.33
2015,A Nehra,Punjab Kings,0,6,8.0,3,50.0,1,16.67
2019,JC Archer,Royal Challengers Bengaluru,1,12,12.0,2,16.67,4,33.33
2016,MJ McClenaghan,Punjab Kings,2,12,8.0,4,33.33,0,0.0
2025,Noor Ahmad,Chennai Super Kings,5,48,7.0,24,50.0,7,14.58
2018,Shivam Mavi,Kolkata Knight Riders,1,12,10.5,6,50.0,2,16.67
2024,HH Pandya,Mumbai Indians,3,24,16.75,6,25.0,9,37.5
2024,LH Ferguson,Royal Challengers Bengaluru,2,30,12.6,10,33.33,10,33.33
2015,GB Hogg,Kolkata Knight Riders,3,36,7.33,11,30.56,4,11.11
2016,Sandeep Sharma,Lucknow Super Giants,0,6,15.0,1,16.67,2,33.33
2013,SR Watson,Rajasthan Royals,4,46,8.87,15,32.61,8,17.39
2022,Arshdeep Singh,Punjab Kings,3,96,8.25,18,18.75,12,12.5
2021,K Rabada,Royal Challengers Bengaluru,1,6,11.0,1,16.67,1,16.67
2016,S Kaushik,Gujarat Titans,0,12,10.0,2,16.67,3,25.0
2016,R Ashwin,Delhi Capitals,0,6,6.0,2,33.33,0,0.0
2014,Mohammed Shami,Delhi Capitals,1,36,14.0,5,13.89,12,33.33
2021,TK Curran,Delhi Capitals,1,26,14.77,4,15.38,10,38.46
2023,A Mishra,Royal Challengers Bengaluru,1,6,11.0,1,16.67,1,16.67
2013,AD Russell,Delhi Capitals,0,6,12.0,0,0.0,1,16.67
2015,UT Yadav,Delhi Capitals,2,12,4.5,4,33.33,0,0.0
2024,DL Chahar,Chennai Super Kings,0,1,36.0,0,0.0,1,100.0
2022,AJ Tye,Lucknow Super Giants,2,18,9.67,5,27.78,4,22.22
2019,Basil Thampi,Sunrisers Hyderabad,0,12,18.0,1,8.33,6,50.0
2013,DW Steyn,Sunrisers Hyderabad,10,95,8.21,37,38.95,16,16.84
2013,L Balaji,Lucknow Super Giants,2,3,2.0,2,66.67,0,0.0
2025,JR Hazlewood,Royal Challengers Bengaluru,6,71,10.23,27,38.03,18,25.35
2017,MJ McClenaghan,Punjab Kings,1,6,5.0,4,66.67,1,16.67
2018,JJ Bumrah,Delhi Capitals,0,6,8.0,0,0.0,0,0.0
2016,Z Khan,Gujarat Titans,0,6,13.0,2,33.33,2,33.33
2016,BB Sran,Gujarat Titans,0,6,8.0,1,16.67,1,16.67
2016,MG Johnson,Punjab Kings,2,12,11.0,3,25.0,4,33.33
2013,UT Yadav,Punjab Kings,0,6,17.0,0,0.0,3,50.0
2021,T Natarajan,Royal Challengers Bengaluru,1,12,8.0,3,25.0,2,16.67
2024,G Coetzee,Mumbai Indians,6,42,8.43,15,35.71,7,16.67
2021,Mohammad Nabi,Sunrisers Hyderabad,2,6,3.0,3,50.0,0,0.0
2023,T Natarajan,Sunrisers Hyderabad,8,120,9.85,27,22.5,26,21.67
2015,JP Duminy,Delhi Capitals,2,12,9.0,3,25.0,1,8.33
2020,AD Russell,Kolkata Knight Riders,4,48,9.88,15,31.25,12,25.0
2013,L Balaji,Punjab Kings,0,6,15.0,2,33.33,2,33.33
2018,CR Woakes,Punjab Kings,2,8,7.5,3,37.5,1,12.5
2021,DT Christian,Royal Challengers Bengaluru,0,10,8.4,2,20.0,2,20.0
2016,Iqbal Abdulla,Delhi Capitals,0,6,9.0,0,0.0,1,16.67
2013,Harbhajan Singh,Mumbai Indians,1,12,11.0,1,8.33,2,16.67
2021,JA Richardson,Punjab Kings,1,12,13.5,2,16.67,4,33.33
2016,A Nehra,Sunrisers Hyderabad,1,12,8.5,4,33.33,2,16.67
2015,AN Ahmed,Royal Challengers Bengaluru,0,24,18.0,5,20.83,8,33.33
2015,CH Morris,Delhi Capitals,1,12,11.0,2,16.67,2,16.67
2025,SH Johnson,Kolkata Knight Riders,1,14,13.29,4,28.57,4,28.57
2013,NLTC Perera,Sunrisers Hyderabad,5,82,11.85,24,29.27,23,28.05
2017,K Rabada,Delhi Capitals,1,38,11.68,13,34.21,11,28.95
2013,GB Hogg,Rajasthan Royals,0,2,12.0,1,50.0,1,50.0
2016,TG Southee,Royal Challengers Bengaluru,0,6,7.0,2,33.33,1,16.67
2017,AF Milne,Royal Challengers Bengaluru,2,12,6.0,5,41.67,1,8.33
2020,SP Narine,Kolkata Knight Riders,2,30,10.8,12,40.0,9,30.0
2017,MJ McClenaghan,Gujarat Titans,0,12,14.0,2,16.67,4,33.33
2014,BW Hilfenhaus,Chennai Super Kings,2,36,11.17,7,19.44,9,25.0
2019,JC Archer,Rajasthan Royals,4,72,10.17,17,23.61,14,19.44
2021,V Shankar,Sunrisers Hyderabad,1,18,9.33,5,27.78,3,16.67
2021,Harbhajan Singh,Royal Challengers Bengaluru,0,6,18.0,1,16.67,3,50.0
2014,A Mishra,Punjab Kings,1,6,17.0,1,16.67,2,33.33
2021,DL Chahar,Royal Challengers Bengaluru,1,6,4.0,2,33.33,0,0.0
2017,CR Woakes,Kolkata Knight Riders,5,48,8.63,15,31.25,7,14.58
2013,CH Morris,Lucknow Super Giants,1,6,7.0,1,16.67,0,0.0
2024,M Markande,Sunrisers Hyderabad,0,6,15.0,2,33.33,3,50.0
2025,RA Jadeja,Chennai Super Kings,1,10,12.6,3,30.0,3,30.0
2019,Mohammed Shami,Royal Challengers Bengaluru,0,6,21.0,0,0.0,3,50.0
2014,STR Binny,Rajasthan Royals,0,6,11.0,1,16.67,2,33.33
2013,P Awana,Punjab Kings,4,48,11.38,14,29.17,13,27.08
2016,VR Aaron,Royal Challengers Bengaluru,0,4,16.5,1,25.0,1,25.0
2016,SB Jakati,Gujarat Titans,1,6,10.0,1,16.67,1,16.67
2016,BB Sran,Delhi Capitals,1,6,14.0,2,33.33,2,33.33
2024,MR Marsh,Delhi Capitals,0,12,18.5,2,16.67,6,50.0
2018,DJ Willey,Chennai Super Kings,1,12,12.0,3,25.0,3,25.0
2013,AD Mathews,Lucknow Super Giants,3,48,8.5,10,20.83,6,12.5
2017,Kuldeep Yadav,Punjab Kings,1,6,14.0,0,0.0,1,16.67
2013,I Sharma,Sunrisers Hyderabad,4,36,9.67,10,27.78,8,22.22
2024,KK Ahmed,Delhi Capitals,7,60,12.8,20,33.33,17,28.33
2023,Avesh Khan,Lucknow Super Giants,4,48,9.63,11,22.92,9,18.75
2025,Akash Madhwal,Rajasthan Royals,2,30,11.0,9,30.0,7,23.33
2020,Sandeep Sharma,Sunrisers Hyderabad,3,48,9.88,11,22.92,9,18.75
2015,DS Kulkarni,Royal Challengers Bengaluru,1,6,13.0,3,50.0,3,50.0
2013,L Balaji,Royal Challengers Bengaluru,0,3,26.0,1,33.33,2,66.67
2025,W O'Rourke,Lucknow Super Giants,2,14,12.86,3,21.43,5,35.71
2017,DR Smith,Gujarat Titans,1,6,18.0,1,16.67,3,50.0
2023,NT Ellis,Punjab Kings,1,48,12.38,7,14.58,13,27.08
2016,AD Russell,Delhi Capitals,1,6,10.0,2,33.33,1,16.67
2015,JA Morkel,Delhi Capitals,0,12,14.5,0,0.0,3,25.0
2013,S Sreesanth,Rajasthan Royals,0,6,14.0,0,0.0,2,33.33
2025,SP Narine,Kolkata Knight Riders,0,12,8.0,2,16.67,1,8.33
2023,Mukesh Kumar,Delhi Capitals,2,48,11.0,15,31.25,11,22.92
2021,KK Ahmed,Sunrisers Hyderabad,3,42,9.14,10,23.81,8,19.05
2022,J Suchith,Sunrisers Hyderabad,1,6,17.0,2,33.33,3,50.0
2020,DJ Bravo,Punjab Kings,0,12,11.0,3,25.0,2,16.67
2018,SP Narine,Kolkata Knight Riders,3,54,7.78,18,33.33,7,12.96
2017,Basil Thampi,Punjab Kings,1,12,15.5,1,8.33,5,41.67
2023,D Jansen,Mumbai Indians,1,12,12.0,3,25.0,3,25.0
2017,AJ Tye,Royal Challengers Bengaluru,0,6,4.0,3,50.0,0,0.0
2019,PP Chawla,Kolkata Knight Riders,1,21,12.0,4,19.05,6,28.57
2016,RP Singh,Gujarat Titans,0,0,,0,,0,
2019,Arshdeep Singh,Punjab Kings,2,12,12.0,4,33.33,3,25.0
2020,SN Thakur,Chennai Super Kings,0,24,8.75,7,29.17,3,12.5
2016,MJ McClenaghan,Delhi Capitals,1,12,9.5,5,41.67,2,16.67
2024,HV Patel,Punjab Kings,14,102,11.12,28,27.45,23,22.55
2016,P Kumar,Punjab Kings,0,6,10.0,0,0.0,1,16.67
2016,CH Morris,Royal Challengers Bengaluru,0,12,6.0,4,33.33,1,8.33
2025,VG Arora,Kolkata Knight Riders,6,54,11.56,18,33.33,15,27.78
2019,UT Yadav,Royal Challengers Bengaluru,3,47,14.17,11,23.4,16,34.04
2013,AN Ahmed,Lucknow Super Giants,2,6,5.0,2,33.33,0,0.0
2016,KW Richardson,Royal Challengers Bengaluru,1,12,13.5,5,41.67,4,33.33
2014,DW Steyn,Punjab Kings,0,12,6.5,4,33.33,1,8.33
2020,DW Steyn,Punjab Kings,0,12,20.0,1,8.33,6,50.0
2021,Mustafizur Rahman,Rajasthan Royals,4,105,10.8,29,27.62,24,22.86
2014,P Awana,Punjab Kings,2,27,12.22,7,25.93,9,33.33
2022,PH Solanki,Chennai Super Kings,1,12,7.5,5,41.67,2,16.67
2021,CH Morris,Rajasthan Royals,9,66,11.64,20,30.3,19,28.79
2024,K Rabada,Punjab Kings,2,30,11.0,8,26.67,8,26.67
2023,D Pretorius,Chennai Super Kings,0,12,10.0,3,25.0,3,25.0
2020,JC Archer,Rajasthan Royals,4,89,9.98,22,24.72,16,17.98
2014,MK Tiwary,Delhi Capitals,0,6,17.0,0,0.0,2,33.33
2024,Avesh Khan,Rajasthan Royals,8,113,9.4,31,27.43,22,19.47
2014,BE Hendricks,Punjab Kings,1,18,13.33,6,33.33,6,33.33
2014,AB Dinda,Punjab Kings,0,6,5.0,1,16.67,0,0.0
2023,R Powell,Delhi Capitals,0,6,14.0,1,16.67,2,33.33
2016,KW Richardson,Lucknow Super Giants,2,6,7.0,2,33.33,0,0.0
2013,CH Gayle,Lucknow Super Giants,1,6,6.0,3,50.0,1,16.67
2023,MA Wood,Royal Challengers Bengaluru,1,6,9.0,3,50.0,1,16.67
2020,Shivam Mavi,Kolkata Knight Riders,3,30,8.8,10,33.33,5,16.67
2014,AR Patel,Delhi Capitals,0,6,5.0,2,33.33,0,0.0
2022,Rashid Khan,Gujarat Titans,1,30,6.6,8,26.67,2,6.67
2016,Shakib Al Hasan,Kolkata Knight Riders,0,24,9.75,4,16.67,4,16.67
2021,CR Woakes,Delhi Capitals,2,24,11.75,5,20.83,6,25.0
2016,AB Dinda,Lucknow Super Giants,5,48,10.25,16,33.33,12,25.0
2013,NLTC Perera,Delhi Capitals,2,12,8.5,3,25.0,2,16.67
2021,M Ashwin,Punjab Kings,0,6,4.0,2,33.33,0,0.0
2019,SC Kuggeleijn,Chennai Super Kings,2,24,8.25,11,45.83,5,20.83
2023,J Little,Gujarat Titans,0,48,10.63,11,22.92,11,22.92
2017,SN Thakur,Gujarat Titans,0,6,5.0,2,33.33,0,0.0
2017,SP Narine,Punjab Kings,0,6,6.0,1,16.67,0,0.0
2022,B Kumar,Royal Challengers Bengaluru,1,7,9.43,2,28.57,2,28.57
2015,TG Southee,Delhi Capitals,0,6,9.0,0,0.0,1,16.67
2013,MG Neser,Punjab Kings,0,12,16.5,2,16.67,6,50.0
2013,RJ Harris,Lucknow Super Giants,1,12,3.5,8,66.67,1,8.33
2014,AD Russell,Kolkata Knight Riders,0,12,13.0,1,8.33,3,25.0
2020,KA Pollard,Mumbai Indians,1,12,8.0,7,58.33,2,16.67
2022,R Parag,Rajasthan Royals,0,6,14.0,0,0.0,2,33.33
2015,B Kumar,Royal Challengers Bengaluru,2,11,8.73,4,36.36,2,18.18
2016,P Kumar,Royal Challengers Bengaluru,2,6,15.0,2,33.33,2,33.33
2013,JP Faulkner,Lucknow Super Giants,1,6,3.0,4,66.67,0,0.0
2020,HV Patel,Delhi Capitals,1,12,9.5,4,33.33,2,16.67
2019,Mujeeb Ur Rahman,Punjab Kings,2,12,17.0,4,33.33,5,41.67
2021,SP Narine,Royal Challengers Bengaluru,1,6,2.0,4,66.67,0,0.0
2023,Rashid Khan,Gujarat Titans,8,54,9.44,19,35.19,11,20.37
2014,HV Patel,Royal Challengers Bengaluru,1,6,11.0,2,33.33,1,16.67
2016,SP Narine,Lucknow Super Giants,1,6,14.0,2,33.33,2,33.33
2016,M Morkel,Punjab Kings,1,6,7.0,2,33.33,1,16.67
2020,Sandeep Sharma,Royal Challengers Bengaluru,0,18,9.33,3,16.67,2,11.11
2019,UT Yadav,Punjab Kings,0,6,16.0,0,0.0,2,33.33
2019,M Ashwin,Punjab Kings,1,6,6.0,2,33.33,0,0.0
2025,N Wadhera,Punjab Kings,0,5,10.8,1,20.0,1,20.0
2015,Iqbal Abdulla,Royal Challengers Bengaluru,1,6,8.0,2,33.33,1,16.67
2025,Yash Thakur,Punjab Kings,1,9,10.67,2,22.22,2,22.22
2024,Akash Madhwal,Mumbai Indians,0,13,18.46,2,15.38,5,38.46
2018,CJ Anderson,Delhi Capitals,1,6,11.0,3,50.0,2,33.33
2017,I Sharma,Punjab Kings,0,6,20.0,0,0.0,3,50.0
2025,Ravi Bishnoi,Lucknow Super Giants,1,12,18.0,3,25.0,7,58.33
2021,Mujeeb Ur Rahman,Sunrisers Hyderabad,1,6,8.0,4,66.67,1,16.67
2015,HV Patel,Royal Challengers Bengaluru,4,41,10.24,10,24.39,8,19.51
2020,SM Curran,Royal Challengers Bengaluru,2,12,15.0,3,25.0,3,25.0
2023,Kuldeep Yadav,Royal Challengers Bengaluru,0,6,7.0,2,33.33,1,16.67
2024,Harpreet Brar,Punjab Kings,1,12,8.5,3,25.0,2,16.67
2023,Avesh Khan,Royal Challengers Bengaluru,0,12,17.0,1,8.33,5,41.67
2013,A Mishra,Lucknow Super Giants,4,6,2.0,4,66.67,0,0.0
2022,Navdeep Saini,Rajasthan Royals,1,6,5.0,5,83.33,1,16.67
2016,Mustafizur Rahman,Lucknow Super Giants,0,12,6.5,2,16.67,0,0.0
2014,Z Khan,Mumbai Indians,1,21,9.14,3,14.29,3,14.29
2023,DJ Willey,Royal Challengers Bengaluru,0,6,12.0,1,16.67,1,16.67
2017,KA Pollard,Lucknow Super Giants,0,5,18.0,0,0.0,2,40.0
2013,Azhar Mahmood,Punjab Kings,7,65,10.71,17,26.15,16,24.62
2022,KK Ahmed,Delhi Capitals,5,61,10.92,26,42.62,19,31.15
2024,SN Thakur,Chennai Super Kings,4,42,9.14,11,26.19,7,16.67
2019,SL Malinga,Royal Challengers Bengaluru,4,12,8.5,6,50.0,2,16.67
2015,RA Jadeja,Punjab Kings,0,6,8.0,1,16.67,1,16.67
2013,DP Nannes,Punjab Kings,0,5,1.2,4,80.0,0,0.0
2018,DJ Willey,Royal Challengers Bengaluru,0,6,7.0,3,50.0,1,16.67
2014,Sandeep Sharma,Delhi Capitals,2,6,11.0,3,50.0,2,33.33
2025,AD Russell,Kolkata Knight Riders,2,50,11.76,12,24.0,15,30.0
2025,Mohammed Shami,Sunrisers Hyderabad,0,6,27.0,0,0.0,4,66.67
2017,KC Cariappa,Punjab Kings,0,6,11.0,1,16.67,2,33.33
2020,CH Morris,Royal Challengers Bengaluru,7,58,7.03,25,43.1,7,12.07
2013,RE van der Merwe,Delhi Capitals,0,6,12.0,0,0.0,1,16.67
2015,M Morkel,Kolkata Knight Riders,1,18,10.67,3,16.67,4,22.22
2015,Anureet Singh,Royal Challengers Bengaluru,0,6,9.0,0,0.0,1,16.67
2022,TA Boult,Rajasthan Royals,2,42,14.29,10,23.81,15,35.71
2025,A Badoni,Lucknow Super Giants,2,10,7.8,3,30.0,1,10.0
2022,DR Sams,Mumbai Indians,1,24,11.0,9,37.5,6,25.0
2015,MM Sharma,Royal Challengers Bengaluru,0,6,13.0,1,16.67,2,33.33
2016,A Mishra,Punjab Kings,0,6,12.0,2,33.33,1,16.67
2017,Basil Thampi,Gujarat Titans,5,58,9.21,14,24.14,10,17.24
2023,TG Southee,Kolkata Knight Riders,0,6,15.0,1,16.67,2,33.33
2023,Arshad Khan,Mumbai Indians,2,25,16.8,5,20.0,11,44.0
2018,BB Sran,Punjab Kings,4,36,11.5,6,16.67,8,22.22
2013,M Kartik,Royal Challengers Bengaluru,0,12,5.5,3,25.0,0,0.0
2022,Umran Malik,Sunrisers Hyderabad,3,18,9.0,9,50.0,5,27.78
2016,KV Sharma,Sunrisers Hyderabad,0,2,12.0,1,50.0,1,50.0
2022,GJ Maxwell,Royal Challengers Bengaluru,0,6,7.0,0,0.0,0,0.0
2016,NLTC Perera,Lucknow Super Giants,7,57,12.53,11,19.3,16,28.07
2025,Nithish Kumar Reddy,Sunrisers Hyderabad,1,6,20.0,2,33.33,3,50.0
2022,Kartik Tyagi,Royal Challengers Bengaluru,1,6,11.0,3,50.0,1,16.67
2016,R Vinay Kumar,Mumbai Indians,0,6,8.0,3,50.0,1,16.67
2017,PJ Sangwan,Gujarat Titans,0,6,12.0,1,16.67,2,33.33
2018,KH Pandya,Delhi Capitals,1,6,4.0,3,50.0,0,0.0
2017,JJ Bumrah,Lucknow Super Giants,0,12,8.5,3,25.0,2,16.67
2022,D Pretorius,Royal Challengers Bengaluru,0,12,17.0,2,16.67,4,33.33
2016,GB Hogg,Kolkata Knight Riders,1,12,7.0,6,50.0,2,16.67
2023,A Nortje,Delhi Capitals,3,84,10.86,24,28.57,20,23.81
2020,Abhishek Sharma,Sunrisers Hyderabad,0,6,11.0,0,0.0,1,16.67
2023,JD Unadkat,Royal Challengers Bengaluru,0,6,23.0,0,0.0,4,66.67
2013,AC Gilchrist,Punjab Kings,1,1,0.0,1,100.0,0,0.0
2022,R Dhawan,Punjab Kings,1,6,15.0,2,33.33,2,33.33
2016,AF Milne,Royal Challengers Bengaluru,0,6,12.0,2,33.33,2,33.33
2025,CV Varun,Kolkata Knight Riders,3,24,8.5,10,41.67,4,16.67
2023,Fazalhaq Farooqi,Sunrisers Hyderabad,1,14,9.86,3,21.43,2,14.29
2022,LH Ferguson,Gujarat Titans,1,76,11.05,22,28.95,20,26.32
2015,A Nehra,Chennai Super Kings,7,72,8.42,24,33.33,10,13.89
2015,S Gopal,Mumbai Indians,0,1,6.0,0,0.0,0,0.0
2015,JP Duminy,Punjab Kings,1,6,6.0,2,33.33,0,0.0
2025,R Shepherd,Royal Challengers Bengaluru,2,12,12.0,3,25.0,3,25.0
2015,DJ Bravo,Chennai Super Kings,19,146,9.08,42,28.77,25,17.12
2017,MJ McClenaghan,Mumbai Indians,4,54,11.33,17,31.48,11,20.37
2015,DJ Bravo,Royal Challengers Bengaluru,1,12,8.5,4,33.33,3,25.0
2013,KK Cooper,Rajasthan Royals,4,108,10.28,30,27.78,21,19.44
2023,RP Meredith,Mumbai Indians,5,46,11.61,16,34.78,14,30.43
2013,R Dhawan,Mumbai Indians,0,18,9.67,2,11.11,4,22.22
2013,NLTC Perera,Punjab Kings,1,6,5.0,2,33.33,0,0.0
2013,B Laughlin,Chennai Super Kings,0,18,15.0,3,16.67,7,38.89
2013,A Mithun,Royal Challengers Bengaluru,1,6,15.0,2,33.33,3,50.0
2022,JJ Bumrah,Mumbai Indians,7,104,7.44,33,31.73,13,12.5
2022,CJ Jordan,Chennai Super Kings,1,29,14.28,6,20.69,9,31.03
2022,M Prasidh Krishna,Royal Challengers Bengaluru,2,6,8.0,4,66.67,1,16.67
2017,JJ Bumrah,Punjab Kings,1,12,7.0,5,41.67,1,8.33
2019,TG Southee,Royal Challengers Bengaluru,0,12,20.0,1,8.33,7,58.33
2014,SL Malinga,Mumbai Indians,11,88,8.39,29,32.95,14,15.91
2015,MA Starc,Delhi Capitals,1,6,2.0,4,66.67,0,0.0
2022,Fazalhaq Farooqi,Sunrisers Hyderabad,0,6,15.0,2,33.33,2,33.33
2014,AR Patel,Royal Challengers Bengaluru,0,6,6.0,1,16.67,0,0.0
2020,SM Curran,Chennai Super Kings,6,54,9.89,18,33.33,12,22.22
2021,JO Holder,Royal Challengers Bengaluru,2,6,13.0,3,50.0,1,16.67
2020,CJ Green,Kolkata Knight Riders,0,5,9.6,0,0.0,1,20.0
2025,V Nigam,Delhi Capitals,2,24,6.0,10,41.67,2,8.33
2014,LMP Simmons,Mumbai Indians,0,6,8.0,1,16.67,1,16.67
2022,SN Thakur,Royal Challengers Bengaluru,0,6,12.0,2,33.33,2,33.33
2017,NM Coulter-Nile,Delhi Capitals,1,6,5.0,2,33.33,0,0.0
2017,Kuldeep Yadav,Kolkata Knight Riders,3,24,9.0,9,37.5,4,16.67
2022,Avesh Khan,Royal Challengers Bengaluru,0,24,12.75,3,12.5,6,25.0
2020,DL Chahar,Chennai Super Kings,2,30,9.2,6,20.0,5,16.67
2022,Yash Dayal,Gujarat Titans,3,54,8.89,16,29.63,7,12.96
2024,L Wood,Mumbai Indians,0,12,22.5,1,8.33,9,75.0
2018,CJ Jordan,Punjab Kings,0,6,13.0,2,33.33,2,33.33
2016,SR Watson,Punjab Kings,1,12,5.0,6,50.0,1,8.33
2014,SP Narine,Punjab Kings,1,24,7.75,11,45.83,4,16.67
2015,SL Malinga,Royal Challengers Bengaluru,0,6,7.0,3,50.0,1,16.67
2021,B Kumar,Royal Challengers Bengaluru,0,6,14.0,1,16.67,3,50.0
2021,Sandeep Sharma,Sunrisers Hyderabad,1,9,20.0,2,22.22,4,44.44
2022,D Brevis,Mumbai Indians,1,3,16.0,1,33.33,2,66.67
2013,S Nadeem,Royal Challengers Bengaluru,1,6,1.0,5,83.33,0,0.0
2022,R Tewatia,Gujarat Titans,0,6,9.0,2,33.33,1,16.67
2017,CR Woakes,Delhi Capitals,1,6,11.0,1,16.67,2,33.33
2016,TA Boult,Gujarat Titans,0,6,15.0,1,16.67,3,50.0
2023,Noor Ahmad,Gujarat Titans,3,26,6.46,13,50.0,3,11.54
2017,CH Morris,Royal Challengers Bengaluru,2,12,4.5,8,66.67,1,8.33
2017,A Nehra,Punjab Kings,2,12,9.0,4,33.33,3,25.0
2016,Mustafizur Rahman,Sunrisers Hyderabad,4,78,8.23,23,29.49,10,12.82
2017,MM Sharma,Royal Challengers Bengaluru,1,12,4.5,3,25.0,0,0.0
2018,Basil Thampi,Sunrisers Hyderabad,3,13,5.54,5,38.46,1,7.69
2021,Shivam Mavi,Kolkata Knight Riders,4,37,10.38,10,27.03,8,21.62
2022,SS Iyer,Kolkata Knight Riders,0,6,7.0,4,66.67,1,16.67
2015,HH Pandya,Mumbai Indians,0,12,18.0,2,16.67,7,58.33
2023,Harshit Rana,Kolkata Knight Riders,0,6,21.0,1,16.67,4,66.67
2025,LH Ferguson,Punjab Kings,0,12,13.0,3,25.0,3,25.0
2020,PP Chawla,Chennai Super Kings,0,6,12.0,2,33.33,2,33.33
2021,NM Coulter-Nile,Mumbai Indians,4,48,6.25,20,41.67,6,12.5
2017,MM Sharma,Delhi Capitals,0,6,13.0,1,16.67,1,16.67
2022,JR Hazlewood,Royal Challengers Bengaluru,8,87,10.97,25,28.74,22,25.29
2013,MR Marsh,Royal Challengers Bengaluru,1,6,19.0,1,16.67,3,50.0
2022,OC McCoy,Rajasthan Royals,6,47,9.45,17,36.17,9,19.15
2022,Harpreet Brar,Punjab Kings,0,6,11.0,1,16.67,2,33.33
2019,K Rabada,Delhi Capitals,11,84,9.36,27,32.14,15,17.86
2017,PJ Cummins,Royal Challengers Bengaluru,0,6,6.0,2,33.33,0,0.0
2024,R Shepherd,Mumbai Indians,0,12,20.0,2,16.67,6,50.0
2014,JD Unadkat,Delhi Capitals,3,67,12.63,12,17.91,21,31.34
2025,K Rabada,Gujarat Titans,1,24,11.25,6,25.0,6,25.0
2022,DJ Bravo,Chennai Super Kings,11,74,9.16,24,32.43,13,17.57
2025,Vijaykumar Vyshak,Punjab Kings,1,30,13.8,9,30.0,10,33.33
2016,KA Pollard,Royal Challengers Bengaluru,0,6,23.0,1,16.67,4,66.67
2022,SP Narine,Kolkata Knight Riders,1,30,6.2,9,30.0,2,6.67
2017,MG Johnson,Mumbai Indians,5,18,9.67,8,44.44,4,22.22
2014,DW Steyn,Delhi Capitals,1,6,4.0,2,33.33,0,0.0
2016,JJ Bumrah,Gujarat Titans,0,6,10.0,1,16.67,1,16.67
2021,Shahbaz Ahmed,Royal Challengers Bengaluru,3,6,1.0,5,83.33,0,0.0
2017,JP Faulkner,Royal Challengers Bengaluru,1,12,4.5,3,25.0,0,0.0
2013,P Awana,Royal Challengers Bengaluru,2,6,14.0,4,66.67,1,16.67
2013,SW Tait,Rajasthan Royals,0,12,12.5,3,25.0,3,25.0
2019,S Lamichhane,Royal Challengers Bengaluru,0,6,19.0,0,0.0,3,50.0
2019,JJ Bumrah,Punjab Kings,1,12,14.5,3,25.0,5,41.67
2025,Sandeep Sharma,Rajasthan Royals,7,93,12.45,19,20.43,22,23.66
2016,RA Jadeja,Royal Challengers Bengaluru,0,6,14.0,2,33.33,2,33.33
2017,Mohammed Siraj,Delhi Capitals,0,6,14.0,0,0.0,2,33.33
2017,Mohammed Shami,Delhi Capitals,1,12,8.5,3,25.0,1,8.33
2024,Sumit Kumar,Delhi Capitals,0,2,24.0,1,50.0,1,50.0
2013,A Chandila,Royal Challengers Bengaluru,0,6,6.0,1,16.67,0,0.0
2019,K Rabada,Royal Challengers Bengaluru,3,12,6.0,5,41.67,1,8.33
2019,KV Sharma,Chennai Super Kings,1,5,15.6,1,20.0,2,40.0
2020,B Kumar,Sunrisers Hyderabad,0,13,11.54,2,15.38,4,30.77
2019,P Negi,Royal Challengers Bengaluru,0,7,19.71,1,14.29,4,57.14
2016,HH Pandya,Mumbai Indians,1,6,10.0,1,16.67,1,16.67
2014,MG Johnson,Punjab Kings,8,69,8.87,25,36.23,11,15.94
2025,NT Ellis,Chennai Super Kings,1,12,11.0,3,25.0,3,25.0
2017,LH Ferguson,Lucknow Super Giants,0,6,2.0,4,66.67,0,0.0
2020,RA Jadeja,Royal Challengers Bengaluru,0,6,11.0,0,0.0,1,16.67
2014,SK Raina,Chennai Super Kings,1,6,8.0,3,50.0,1,16.67
2021,Arshdeep Singh,Royal Challengers Bengaluru,0,6,16.0,1,16.67,2,33.33
2015,AR Patel,Punjab Kings,3,35,9.77,8,22.86,7,20.0
2023,R Tewatia,Gujarat Titans,0,6,7.0,2,33.33,1,16.67
2018,HH Pandya,Mumbai Indians,4,28,10.5,13,46.43,7,25.0
2023,B Kumar,Sunrisers Hyderabad,7,102,9.35,28,27.45,20,19.61
2016,CH Morris,Gujarat Titans,1,6,8.0,1,16.67,0,0.0
2016,KH Pandya,Mumbai Indians,1,1,0.0,1,100.0,0,0.0
2022,R Sai Kishore,Gujarat Titans,1,6,16.0,1,16.67,2,33.33
2016,YS Chahal,Delhi Capitals,1,6,8.0,3,50.0,1,16.67
2023,K Rabada,Punjab Kings,1,30,13.0,9,30.0,9,30.0
2018,TK Curran,Kolkata Knight Riders,4,18,11.67,5,27.78,4,22.22
2016,SR Watson,Lucknow Super Giants,2,12,9.5,5,41.67,2,16.67
2018,Imran Tahir,Royal Challengers Bengaluru,0,6,7.0,0,0.0,0,0.0
2025,KV Sharma,Mumbai Indians,1,6,5.0,2,33.33,0,0.0
2025,JD Unadkat,Sunrisers Hyderabad,6,23,6.78,15,65.22,4,17.39
2016,Mohammed Shami,Delhi Capitals,0,7,22.29,0,0.0,3,42.86
2022,KA Pollard,Mumbai Indians,0,6,26.0,0,0.0,5,83.33
2015,A Ashish Reddy,Sunrisers Hyderabad,1,6,4.0,2,33.33,0,0.0
2015,R Vinay Kumar,Mumbai Indians,1,57,11.79,9,15.79,16,28.07
2020,DL Chahar,Royal Challengers Bengaluru,2,12,7.0,3,25.0,1,8.33
2015,MG Johnson,Punjab Kings,4,35,12.17,8,22.86,10,28.57
2021,DL Chahar,Chennai Super Kings,0,18,10.0,1,5.56,4,22.22
2016,Mustafizur Rahman,Gujarat Titans,1,12,4.0,5,41.67,0,0.0
2014,CJ Anderson,Mumbai Indians,2,18,13.67,4,22.22,7,38.89
2024,KR Sen,Rajasthan Royals,1,12,14.5,2,16.67,3,25.0
2014,AN Ahmed,Royal Challengers Bengaluru,2,30,10.2,8,26.67,6,20.0
2013,PP Chawla,Punjab Kings,2,14,11.57,3,21.43,3,21.43
2025,RJ Gleeson,Mumbai Indians,0,3,6.0,1,33.33,0,0.0
2014,A Nehra,Royal Challengers Bengaluru,2,12,11.0,2,16.67,3,25.0
2022,HH Pandya,Gujarat Titans,2,21,8.0,6,28.57,2,9.52
2014,JP Duminy,Delhi Capitals,0,6,13.0,1,16.67,2,33.33
2019,Rashid Khan,Sunrisers Hyderabad,5,54,7.0,27,50.0,8,14.81
2015,R Vinay Kumar,Punjab Kings,0,6,9.0,2,33.33,1,16.67
2015,I Sharma,Delhi Capitals,0,12,8.0,3,25.0,2,16.67
2016,Mustafizur Rahman,Royal Challengers Bengaluru,3,24,9.5,8,33.33,4,16.67
2019,MP Stoinis,Royal Challengers Bengaluru,0,16,16.5,4,25.0,6,37.5
2024,RJW Topley,Royal Challengers Bengaluru,2,24,14.25,7,29.17,9,37.5
2025,MA Starc,Delhi Capitals,7,48,9.63,13,27.08,10,20.83
2022,RA Jadeja,Chennai Super Kings,0,6,9.0,2,33.33,1,16.67
2018,CJ Anderson,Royal Challengers Bengaluru,1,16,19.88,2,12.5,9,56.25
2022,T Natarajan,Sunrisers Hyderabad,8,84,11.86,20,23.81,24,28.57
2016,DJ Bravo,Delhi Capitals,1,12,11.5,3,25.0,3,25.0
2016,CH Morris,Punjab Kings,1,12,9.0,2,16.67,1,8.33
2020,Arshdeep Singh,Punjab Kings,6,41,9.22,17,41.46,8,19.51
2014,SB Jakati,Royal Challengers Bengaluru,0,4,25.5,0,0.0,3,75.0
2017,TA Boult,Kolkata Knight Riders,3,59,10.78,16,27.12,15,25.42
2018,TG Southee,Royal Challengers Bengaluru,3,54,9.56,14,25.93,11,20.37
2025,Simarjeet Singh,Sunrisers Hyderabad,0,6,17.0,0,0.0,3,50.0
2013,MM Patel,Royal Challengers Bengaluru,0,12,16.5,1,8.33,6,50.0
2013,MS Gony,Punjab Kings,0,18,10.0,6,33.33,4,22.22
2020,SN Thakur,Royal Challengers Bengaluru,0,12,14.0,2,16.67,3,25.0
2023,AK Markram,Sunrisers Hyderabad,0,1,6.0,0,0.0,0,0.0
2020,JC Archer,Punjab Kings,1,12,13.5,4,33.33,4,33.33
2023,N Rana,Kolkata Knight Riders,1,17,7.76,4,23.53,2,11.76
2020,M Ashwin,Royal Challengers Bengaluru,0,6,6.0,1,16.67,0,0.0
2014,Shakib Al Hasan,Kolkata Knight Riders,2,18,5.67,8,44.44,1,5.56
2018,SP Narine,Delhi Capitals,0,6,18.0,0,0.0,2,33.33
2020,JO Holder,Sunrisers Hyderabad,5,30,10.6,8,26.67,7,23.33
2022,M Jansen,Sunrisers Hyderabad,1,12,16.5,3,25.0,5,41.67
2017,YS Chahal,Royal Challengers Bengaluru,1,6,13.0,2,33.33,1,16.67
2017,Avesh Khan,Delhi Capitals,0,6,14.0,0,0.0,2,33.33
2013,A Mishra,Sunrisers Hyderabad,3,24,10.25,9,37.5,4,16.67
2014,KW Richardson,Rajasthan Royals,2,30,9.0,6,20.0,4,13.33
2020,DW Steyn,Royal Challengers Bengaluru,1,10,10.8,4,40.0,2,20.0
2025,T Natarajan,Delhi Capitals,0,6,18.0,0,0.0,3,50.0
2013,KK Cooper,Lucknow Super Giants,0,6,7.0,2,33.33,1,16.67
2023,CJ Jordan,Mumbai Indians,1,36,14.17,9,25.0,14,38.89
2017,AB Dinda,Lucknow Super Giants,0,18,19.0,3,16.67,9,50.0
2022,M Prasidh Krishna,Rajasthan Royals,4,111,11.46,39,35.14,30,27.03
2015,P Kumar,Sunrisers Hyderabad,1,30,13.4,4,13.33,8,26.67
2014,KK Cooper,Punjab Kings,0,12,8.5,0,0.0,1,8.33
2023,Harpreet Brar,Royal Challengers Bengaluru,2,6,8.0,3,50.0,1,16.67
2023,R Ashwin,Rajasthan Royals,1,12,6.0,2,16.67,0,0.0
2017,DT Christian,Lucknow Super Giants,3,54,8.78,17,31.48,8,14.81
2014,SP Narine,Delhi Capitals,0,12,14.5,0,0.0,4,33.33
2025,M Jansen,Punjab Kings,6,42,11.29,10,23.81,10,23.81
2015,SR Watson,Royal Challengers Bengaluru,0,12,14.0,1,8.33,4,33.33
2023,MP Stoinis,Lucknow Super Giants,2,12,11.0,4,33.33,4,33.33
2016,AB Dinda,Delhi Capitals,0,6,13.0,2,33.33,2,33.33
2013,B Kumar,Lucknow Super Giants,3,66,8.73,20,30.3,12,18.18
2025,A Kamboj,Chennai Super Kings,1,3,6.0,1,33.33,0,0.0
2025,DS Rathi,Lucknow Super Giants,3,54,9.44,12,22.22,10,18.52
2022,B Kumar,Sunrisers Hyderabad,8,108,8.83,36,33.33,17,15.74
2023,Mohammed Shami,Royal Challengers Bengaluru,0,6,13.0,0,0.0,2,33.33
2023,AS Joseph,Gujarat Titans,3,24,9.5,9,37.5,4,16.67
2017,Imran Tahir,Lucknow Super Giants,2,24,8.5,7,29.17,3,12.5
2019,O Thomas,Rajasthan Royals,2,12,9.0,3,25.0,1,8.33
2019,LH Ferguson,Kolkata Knight Riders,1,30,11.0,3,10.0,6,20.0
2014,JP Faulkner,Delhi Capitals,0,6,11.0,1,16.67,2,33.33
2025,Prince Yadav,Lucknow Super Giants,0,23,12.78,5,21.74,8,34.78
2022,R Ashwin,Rajasthan Royals,0,12,5.5,5,41.67,0,0.0
2024,Mukesh Kumar,Delhi Capitals,8,81,11.7,21,25.93,24,29.63
2018,B Kumar,Punjab Kings,1,6,10.0,2,33.33,1,16.67
2017,Basil Thampi,Royal Challengers Bengaluru,0,6,10.0,0,0.0,1,16.67
2021,JJ Bumrah,Mumbai Indians,8,120,7.6,38,31.67,12,10.0
2014,MG Johnson,Royal Challengers Bengaluru,1,6,7.0,2,33.33,1,16.67
2019,A Mishra,Delhi Capitals,1,12,12.0,4,33.33,3,25.0
2015,JJ Bumrah,Royal Challengers Bengaluru,0,6,16.0,1,16.67,3,50.0
2022,RD Chahar,Punjab Kings,4,28,10.07,11,39.29,6,21.43
2013,M Morkel,Punjab Kings,1,6,11.0,2,33.33,1,16.67
2025,JC Archer,Rajasthan Royals,3,82,12.88,15,18.29,25,30.49
2020,Mohammed Shami,Royal Challengers Bengaluru,2,12,14.0,3,25.0,4,33.33
2019,Navdeep Saini,Royal Challengers Bengaluru,8,72,9.42,30,41.67,16,22.22
2024,PP Chawla,Mumbai Indians,2,12,9.5,5,41.67,2,16.67
2016,AS Rajpoot,Kolkata Knight Riders,1,12,10.5,1,8.33,2,16.67
2022,KR Sen,Rajasthan Royals,3,37,13.78,10,27.03,14,37.84
2013,JDP Oram,Royal Challengers Bengaluru,0,12,8.5,4,33.33,3,25.0
2018,BCJ Cutting,Punjab Kings,0,6,11.0,0,0.0,1,16.67
2013,NLTC Perera,Lucknow Super Giants,1,6,5.0,4,66.67,1,16.67
2022,RP Meredith,Mumbai Indians,4,42,10.14,13,30.95,8,19.05
2022,K Rabada,Punjab Kings,9,66,9.36,28,42.42,14,21.21
2022,Rashid Khan,Royal Challengers Bengaluru,1,6,8.0,1,16.67,1,16.67
2015,Sandeep Sharma,Royal Challengers Bengaluru,1,6,12.0,1,16.67,1,16.67
2015,R Ashwin,Chennai Super Kings,1,6,5.0,3,50.0,0,0.0
2023,TU Deshpande,Chennai Super Kings,9,114,12.47,31,27.19,34,29.82
2018,Rashid Khan,Sunrisers Hyderabad,3,60,7.6,26,43.33,11,18.33
2024,RJ Gleeson,Chennai Super Kings,0,11,10.36,3,27.27,2,18.18
2019,SP Narine,Royal Challengers Bengaluru,1,12,8.0,5,41.67,1,8.33
2023,KK Ahmed,Royal Challengers Bengaluru,1,12,12.0,3,25.0,3,25.0
2017,S Kaul,Punjab Kings,1,6,9.0,1,16.67,1,16.67
2024,KH Pandya,Lucknow Super Giants,0,18,9.67,3,16.67,3,16.67
2018,CR Woakes,Royal Challengers Bengaluru,3,24,13.25,8,33.33,8,33.33
2022,S Dube,Chennai Super Kings,0,6,25.0,0,0.0,4,66.67
2017,A Choudhary,Royal Challengers Bengaluru,1,24,10.0,7,29.17,4,16.67
2017,Z Khan,Delhi Capitals,1,18,14.33,2,11.11,6,33.33
2025,KH Pandya,Royal Challengers Bengaluru,3,12,11.0,7,58.33,4,33.33
2018,JD Unadkat,Rajasthan Royals,5,86,12.21,19,22.09,25,29.07
2016,SM Boland,Lucknow Super Giants,0,6,11.0,1,16.67,1,16.67
2016,DJ Bravo,Lucknow Super Giants,1,12,10.5,3,25.0,3,25.0
2019,IS Sodhi,Rajasthan Royals,0,1,36.0,0,0.0,1,100.0
2021,Umran Malik,Sunrisers Hyderabad,0,12,12.0,4,33.33,5,41.67
2014,L Balaji,Punjab Kings,3,54,11.78,10,18.52,15,27.78
2017,AS Rajpoot,Royal Challengers Bengaluru,0,6,10.0,1,16.67,1,16.67
2023,Mohammed Siraj,Royal Challengers Bengaluru,8,78,10.69,24,30.77,16,20.51
2014,Z Khan,Delhi Capitals,0,11,8.18,3,27.27,2,18.18
2017,Kuldeep Yadav,Lucknow Super Giants,2,6,5.0,2,33.33,0,0.0
2014,Mohammed Shami,Royal Challengers Bengaluru,0,6,14.0,1,16.67,2,33.33
2014,R Vinay Kumar,Delhi Capitals,0,6,13.0,1,16.67,2,33.33
2013,JP Faulkner,Rajasthan Royals,12,103,8.62,30,29.13,14,13.59
2020,RD Chahar,Mumbai Indians,1,18,5.67,6,33.33,0,0.0
2013,MM Patel,Mumbai Indians,1,6,2.0,5,83.33,0,0.0
2015,TA Boult,Royal Challengers Bengaluru,3,6,11.0,3,50.0,2,33.33
2015,MC Henriques,Sunrisers Hyderabad,0,6,11.0,0,0.0,1,16.67
2013,S Kaul,Delhi Capitals,0,17,9.88,2,11.76,3,17.65
2013,NLTC Perera,Royal Challengers Bengaluru,0,6,16.0,1,16.67,3,50.0
2022,YBK Jaiswal,Rajasthan Royals,0,1,36.0,0,0.0,1,100.0
2013,DW Steyn,Delhi Capitals,1,6,4.0,3,50.0,0,0.0
2014,PP Chawla,Punjab Kings,1,6,4.0,2,33.33,0,0.0
2017,Mustafizur Rahman,Sunrisers Hyderabad,0,4,6.0,1,25.0,0,0.0
2017,JP Faulkner,Lucknow Super Giants,0,5,15.6,0,0.0,2,40.0
2020,Kartik Tyagi,Rajasthan Royals,2,49,11.39,13,26.53,13,26.53
2016,Mustafizur Rahman,Punjab Kings,0,12,11.0,2,16.67,4,33.33
2022,MR Marsh,Delhi Capitals,1,12,14.5,2,16.67,5,41.67
2018,C de Grandhomme,Royal Challengers Bengaluru,0,6,6.0,0,0.0,0,0.0
2016,Kuldeep Yadav,Kolkata Knight Riders,1,6,9.0,3,50.0,2,33.33
2013,I Sharma,Delhi Capitals,0,6,17.0,1,16.67,1,16.67
2014,SR Watson,Rajasthan Royals,2,18,8.67,5,27.78,3,16.67
2023,Harpreet Brar,Punjab Kings,0,13,17.08,1,7.69,6,46.15
2016,GB Hogg,Delhi Capitals,0,6,18.0,0,0.0,2,33.33
2016,HV Patel,Lucknow Super Giants,0,6,25.0,0,0.0,5,83.33
2024,AR Patel,Delhi Capitals,0,6,7.0,1,16.67,0,0.0
2023,Arjun Tendulkar,Mumbai Indians,1,5,6.0,2,40.0,0,0.0
2023,Yash Thakur,Lucknow Super Giants,8,77,10.44,26,33.77,17,22.08
2024,DG Nalkande,Gujarat Titans,1,11,10.36,3,27.27,2,18.18
2020,KV Sharma,Chennai Super Kings,1,6,19.0,1,16.67,4,66.67
2016,MJ McClenaghan,Gujarat Titans,0,5,7.2,2,40.0,1,20.0
2021,C Sakariya,Rajasthan Royals,6,72,10.25,18,25.0,14,19.44
2013,SMSM Senanayake,Kolkata Knight Riders,1,12,7.5,3,25.0,1,8.33
2015,JP Faulkner,Delhi Capitals,0,6,17.0,1,16.67,3,50.0
2024,Rasikh Salam,Delhi Capitals,3,45,10.13,16,35.56,8,17.78
2023,DL Chahar,Chennai Super Kings,0,24,14.25,5,20.83,7,29.17
2017,CJ Anderson,Delhi Capitals,1,24,13.5,4,16.67,7,29.17
2018,S Kaul,Sunrisers Hyderabad,5,114,7.89,26,22.81,16,14.04
2021,Mohammed Siraj,Royal Challengers Bengaluru,6,90,7.67,35,38.89,15,16.67
2023,Kuldeep Yadav,Delhi Capitals,1,24,7.75,10,41.67,3,12.5
2024,N Burger,Rajasthan Royals,1,18,4.33,11,61.11,1,5.56
2021,M Jansen,Mumbai Indians,0,6,7.0,0,0.0,0,0.0
2023,KK Ahmed,Delhi Capitals,5,54,12.33,15,27.78,13,24.07
2019,DL Chahar,Chennai Super Kings,6,51,8.24,18,35.29,7,13.73
2017,CR Brathwaite,Gujarat Titans,1,6,16.0,1,16.67,3,50.0
2017,C de Grandhomme,Kolkata Knight Riders,0,2,21.0,0,0.0,1,50.0
2017,DT Christian,Royal Challengers Bengaluru,0,6,13.0,1,16.67,2,33.33
2013,R Ashwin,Chennai Super Kings,0,12,8.5,5,41.67,2,16.67
2017,A Nehra,Sunrisers Hyderabad,4,18,5.0,10,55.56,1,5.56
2015,P Kumar,Punjab Kings,1,12,7.5,2,16.67,1,8.33
2025,Yash Dayal,Royal Challengers Bengaluru,4,59,12.41,10,16.95,14,23.73
2025,KA Jamieson,Punjab Kings,1,12,14.0,3,25.0,3,25.0
2016,RA Jadeja,Gujarat Titans,2,14,5.14,9,64.29,1,7.14
2022,Mukesh Choudhary,Chennai Super Kings,2,39,13.69,7,17.95,11,28.21
2015,M Morkel,Punjab Kings,1,6,9.0,2,33.33,1,16.67
2013,JD Unadkat,Delhi Capitals,3,12,9.0,4,33.33,3,25.0
2013,DJ Bravo,Chennai Super Kings,16,138,8.91,51,36.96,26,18.84
2018,CH Morris,Delhi Capitals,1,24,12.0,6,25.0,7,29.17
2018,Mohammed Siraj,Delhi Capitals,0,18,14.0,3,16.67,6,33.33
2018,B Kumar,Delhi Capitals,1,18,20.33,2,11.11,10,55.56
2018,DJ Bravo,Chennai Super Kings,3,93,11.87,23,24.73,22,23.66
2022,OF Smith,Royal Challengers Bengaluru,0,6,18.0,1,16.67,3,50.0
2019,YS Chahal,Royal Challengers Bengaluru,1,12,12.0,3,25.0,3,25.0
2017,MM Sharma,Punjab Kings,4,67,10.93,16,23.88,17,25.37
2025,PWH de Silva,Rajasthan Royals,0,6,11.0,2,33.33,1,16.67
2014,S Nadeem,Delhi Capitals,1,18,13.33,3,16.67,4,22.22
2016,SR Watson,Gujarat Titans,3,9,19.33,3,33.33,5,55.56
2017,AS Rajpoot,Punjab Kings,0,6,9.0,0,0.0,1,16.67
2020,JJ Bumrah,Royal Challengers Bengaluru,2,24,10.0,9,37.5,6,25.0
2015,VR Aaron,Royal Challengers Bengaluru,1,8,18.0,2,25.0,5,62.5
2018,DJ Bravo,Punjab Kings,2,18,12.0,5,27.78,5,27.78
2016,JJ Bumrah,Punjab Kings,2,12,7.5,5,41.67,1,8.33
2013,KW Richardson,Delhi Capitals,0,6,21.0,1,16.67,3,50.0
2016,Iqbal Abdulla,Gujarat Titans,0,12,13.0,2,16.67,3,25.0
2021,Mohammed Shami,Punjab Kings,8,76,9.79,25,32.89,16,21.05
2019,SN Khan,Punjab Kings,0,2,18.0,0,0.0,1,50.0
2017,JD Unadkat,Royal Challengers Bengaluru,1,6,6.0,2,33.33,0,0.0
2014,R Ashwin,Royal Challengers Bengaluru,0,6,11.0,1,16.67,2,33.33
2016,DS Kulkarni,Gujarat Titans,3,36,8.5,14,38.89,5,13.89
2015,SP Narine,Delhi Capitals,0,12,16.0,2,16.67,5,41.67
2020,RA Jadeja,Punjab Kings,1,6,6.0,1,16.67,0,0.0
2014,VR Aaron,Royal Challengers Bengaluru,6,53,11.55,15,28.3,13,24.53
2016,R Ashwin,Punjab Kings,0,6,13.0,1,16.67,2,33.33
2015,SL Malinga,Mumbai Indians,10,96,8.94,27,28.13,19,19.79
2025,PVD Chameera,Delhi Capitals,3,36,11.33,10,27.78,10,27.78
2014,IK Pathan,Royal Challengers Bengaluru,0,5,7.2,2,40.0,1,20.0
2024,N Thushara,Mumbai Indians,2,48,11.13,9,18.75,11,22.92
2024,Nithish Kumar Reddy,Sunrisers Hyderabad,1,7,16.29,2,28.57,3,42.86
2013,MG Johnson,Mumbai Indians,4,72,9.92,27,37.5,19,26.39
2015,RG More,Chennai Super Kings,0,11,9.27,1,9.09,1,9.09
2025,C Bosch,Mumbai Indians,1,12,4.5,10,83.33,1,8.33
2021,KM Asif,Chennai Super Kings,0,1,12.0,0,0.0,0,0.0
2022,LS Livingstone,Punjab Kings,0,6,14.0,2,33.33,2,33.33
2017,RA Jadeja,Gujarat Titans,0,12,15.5,1,8.33,5,41.67
2021,LH Ferguson,Kolkata Knight Riders,3,30,10.2,9,30.0,6,20.0
2015,AD Russell,Kolkata Knight Riders,6,48,9.88,18,37.5,12,25.0
2014,JP Faulkner,Royal Challengers Bengaluru,1,12,15.5,4,33.33,4,33.33
2022,OF Smith,Punjab Kings,3,12,14.0,5,41.67,4,33.33
2019,HF Gurney,Punjab Kings,1,12,13.0,2,16.67,4,33.33
2018,MG Johnson,Kolkata Knight Riders,1,18,10.0,7,38.89,3,16.67
2019,SP Narine,Punjab Kings,0,6,15.0,0,0.0,2,33.33
2018,S Kaul,Royal Challengers Bengaluru,2,12,11.5,2,16.67,3,25.0
2020,DJ Bravo,Royal Challengers Bengaluru,0,6,14.0,0,0.0,1,16.67
2014,MC Henriques,Sunrisers Hyderabad,1,6,10.0,2,33.33,1,16.67
2022,KH Pandya,Lucknow Super Giants,2,6,2.0,5,83.33,0,0.0
2025,N Thushara,Royal Challengers Bengaluru,0,6,7.0,1,16.67,0,0.0
2018,UT Yadav,Royal Challengers Bengaluru,0,19,18.63,4,21.05,9,47.37
2017,AJ Tye,Gujarat Titans,5,42,8.86,12,28.57,7,16.67
2017,AR Patel,Punjab Kings,1,12,7.5,4,33.33,1,8.33
2013,JH Kallis,Kolkata Knight Riders,5,60,8.6,16,26.67,10,16.67
2014,R Ashwin,Chennai Super Kings,3,23,12.0,6,26.09,5,21.74
2018,R Tewatia,Delhi Capitals,3,12,6.0,6,50.0,1,8.33
2023,Akash Deep,Royal Challengers Bengaluru,0,6,12.0,3,50.0,2,33.33
2015,TG Southee,Royal Challengers Bengaluru,0,6,12.0,1,16.67,1,16.67
2019,S Gopal,Rajasthan Royals,1,6,11.0,3,50.0,1,16.67
2013,Mohammed Shami,Kolkata Knight Riders,1,6,8.0,1,16.67,1,16.67
2013,UT Yadav,Royal Challengers Bengaluru,2,6,5.0,2,33.33,0,0.0
2024,Rashid Khan,Gujarat Titans,4,42,8.86,15,35.71,7,16.67
2025,A Nortje,Kolkata Knight Riders,0,6,17.0,0,0.0,3,50.0
2015,Shivam Sharma,Punjab Kings,0,6,12.0,0,0.0,1,16.67
2019,Mohammed Siraj,Royal Challengers Bengaluru,5,61,10.23,22,36.07,12,19.67
2015,PJ Cummins,Kolkata Knight Riders,0,12,11.5,3,25.0,4,33.33
2025,Harshit Rana,Kolkata Knight Riders,5,60,9.7,23,38.33,14,23.33
2013,J Botha,Delhi Capitals,0,4,4.5,1,25.0,0,0.0
2017,S Aravind,Royal Challengers Bengaluru,3,21,6.86,7,33.33,2,9.52
2023,JR Hazlewood,Royal Challengers Bengaluru,1,6,8.0,3,50.0,1,16.67
2019,JC Archer,Punjab Kings,2,19,6.32,8,42.11,2,10.53
2018,HH Pandya,Royal Challengers Bengaluru,3,6,2.0,4,66.67,0,0.0
2018,Shivam Mavi,Delhi Capitals,0,12,23.5,1,8.33,7,58.33
2019,R Ashwin,Royal Challengers Bengaluru,0,6,5.0,2,33.33,0,0.0
2017,JD Unadkat,Delhi Capitals,1,12,12.0,3,25.0,3,25.0
2018,Mohammed Shami,Delhi Capitals,2,23,10.96,8,34.78,5,21.74
2025,R Ashwin,Chennai Super Kings,0,6,18.0,1,16.67,3,50.0
2015,TG Southee,Punjab Kings,1,6,4.0,4,66.67,0,0.0
2014,DS Kulkarni,Rajasthan Royals,1,30,14.4,7,23.33,8,26.67
2015,SL Malinga,Delhi Capitals,1,12,7.5,3,25.0,1,8.33
2017,AR Patel,Royal Challengers Bengaluru,2,6,4.0,2,33.33,0,0.0
2017,PJ Cummins,Delhi Capitals,6,54,9.44,19,35.19,10,18.52
2022,YS Chahal,Rajasthan Royals,7,72,9.83,23,31.94,13,18.06
2015,SL Malinga,Punjab Kings,1,12,8.5,3,25.0,2,16.67
2016,AD Russell,Royal Challengers Bengaluru,1,6,13.0,2,33.33,3,50.0
2021,KA Pollard,Mumbai Indians,0,1,30.0,0,0.0,1,100.0
2017,MJ McClenaghan,Royal Challengers Bengaluru,1,6,5.0,3,50.0,0,0.0
2016,B Kumar,Lucknow Super Giants,0,6,15.0,0,0.0,2,33.33
2016,AD Russell,Punjab Kings,0,6,18.0,0,0.0,2,33.33
2017,BCJ Cutting,Sunrisers Hyderabad,0,22,13.36,5,22.73,7,31.82
2022,Akash Deep,Royal Challengers Bengaluru,1,17,20.12,3,17.65,8,47.06
2016,AR Patel,Lucknow Super Giants,0,6,23.0,2,33.33,4,66.67
2020,LH Ferguson,Kolkata Knight Riders,2,35,9.77,9,25.71,6,17.14
2024,Atharva Taide,Punjab Kings,0,1,24.0,0,0.0,1,100.0
2015,J Theron,Rajasthan Royals,1,12,12.5,1,8.33,3,25.0
2017,Mohammed Siraj,Gujarat Titans,2,6,8.0,2,33.33,1,16.67
2013,MG Johnson,Lucknow Super Giants,1,6,2.0,4,66.67,0,0.0
2024,Mohsin Khan,Lucknow Super Giants,3,66,12.91,17,25.76,19,28.79
2017,SR Watson,Royal Challengers Bengaluru,3,47,11.11,14,29.79,13,27.66
2024,SZ Mulani,Mumbai Indians,0,6,21.0,1,16.67,3,50.0
2017,S Kaul,Lucknow Super Giants,0,6,13.0,0,0.0,2,33.33
2015,Azhar Mahmood,Kolkata Knight Riders,0,6,18.0,1,16.67,2,33.33
2016,KJ Abbott,Punjab Kings,0,18,12.33,3,16.67,6,33.33
2025,Suyash Sharma,Royal Challengers Bengaluru,0,18,10.33,3,16.67,3,16.67
2021,DR Sams,Royal Challengers Bengaluru,0,6,6.0,1,16.67,0,0.0
2022,PJ Cummins,Kolkata Knight Riders,2,35,14.74,5,14.29,11,31.43
2024,Ramandeep Singh,Kolkata Knight Riders,0,4,13.5,0,0.0,1,25.0
2013,UT Yadav,Lucknow Super Giants,0,12,16.5,0,0.0,4,33.33
2017,A Zampa,Lucknow Super Giants,1,6,22.0,1,16.67,4,66.67
2023,Naveen-ul-Haq,Lucknow Super Giants,3,49,11.02,15,30.61,8,16.33
2013,KK Cooper,Delhi Capitals,3,12,4.0,5,41.67,0,0.0
2022,S Kaul,Royal Challengers Bengaluru,0,6,17.0,0,0.0,3,50.0
2014,UT Yadav,Royal Challengers Bengaluru,1,6,9.0,3,50.0,1,16.67
2013,AB Dinda,Royal Challengers Bengaluru,2,12,14.0,4,33.33,4,33.33
2014,JJ Bumrah,Mumbai Indians,1,64,9.38,13,20.31,11,17.19
2020,Rashid Khan,Sunrisers Hyderabad,1,12,9.5,2,16.67,3,25.0
2015,B Kumar,Sunrisers Hyderabad,9,84,10.14,17,20.24,16,19.05
2023,MM Ali,Chennai Super Kings,1,6,3.0,3,50.0,0,0.0
2013,M Morkel,Royal Challengers Bengaluru,0,6,6.0,1,16.67,0,0.0
2021,AF Milne,Royal Challengers Bengaluru,0,6,17.0,1,16.67,3,50.0
2015,B Kumar,Punjab Kings,1,6,3.0,3,50.0,0,0.0
2015,JP Faulkner,Rajasthan Royals,2,48,12.63,10,20.83,13,27.08
2014,JP Faulkner,Punjab Kings,0,6,23.0,0,0.0,3,50.0
2016,B Kumar,Delhi Capitals,0,12,12.5,1,8.33,4,33.33
2023,Akash Madhwal,Royal Challengers Bengaluru,0,6,6.0,1,16.67,0,0.0
2017,BA Stokes,Punjab Kings,0,6,7.0,3,50.0,1,16.67
2022,NM Coulter-Nile,Rajasthan Royals,0,6,25.0,0,0.0,5,83.33
2022,OC McCoy,Royal Challengers Bengaluru,2,12,5.0,7,58.33,1,8.33
2015,J Suchith,Mumbai Indians,0,6,10.0,2,33.33,1,16.67
2016,UT Yadav,Lucknow Super Giants,1,12,10.5,1,8.33,2,16.67
2014,VR Aaron,Punjab Kings,0,5,14.4,1,20.0,2,40.0
2013,DW Steyn,Punjab Kings,1,6,4.0,3,50.0,0,0.0
2018,DT Christian,Delhi Capitals,0,5,16.8,0,0.0,2,40.0
2019,SN Thakur,Chennai Super Kings,3,54,11.0,11,20.37,11,20.37
2018,SN Thakur,Punjab Kings,3,16,12.38,4,25.0,4,25.0
2015,Z Khan,Delhi Capitals,1,36,9.83,7,19.44,8,22.22
2022,MP Stoinis,Lucknow Super Giants,2,12,16.0,5,41.67,5,41.67
2018,YS Chahal,Punjab Kings,1,6,10.0,2,33.33,1,16.67
2017,AS Rajpoot,Kolkata Knight Riders,1,6,19.0,1,16.67,3,50.0
2018,AS Rajpoot,Punjab Kings,2,18,11.33,5,27.78,6,33.33
2024,Mayank Dagar,Royal Challengers Bengaluru,0,5,12.0,1,20.0,1,20.0
2016,R Ashwin,Lucknow Super Giants,2,12,12.0,4,33.33,4,33.33
2016,KW Richardson,Gujarat Titans,0,6,6.0,1,16.67,0,0.0
2020,Mohammed Siraj,Royal Challengers Bengaluru,2,31,10.06,11,35.48,6,19.35
2015,MJ McClenaghan,Royal Challengers Bengaluru,0,6,15.0,1,16.67,3,50.0
2023,A Mishra,Lucknow Super Giants,2,12,7.0,4,33.33,2,16.67
2016,A Mishra,Delhi Capitals,1,18,8.67,4,22.22,3,16.67
2019,VR Aaron,Rajasthan Royals,1,6,18.0,1,16.67,3,50.0
2017,JJ Bumrah,Royal Challengers Bengaluru,0,12,9.0,2,16.67,0,0.0
2025,Shahbaz Ahmed,Lucknow Super Giants,1,9,9.33,3,33.33,1,11.11
2013,RA Jadeja,Chennai Super Kings,1,19,13.58,7,36.84,6,31.58
2016,B Kumar,Royal Challengers Bengaluru,0,18,14.67,3,16.67,7,38.89
2015,AR Patel,Royal Challengers Bengaluru,1,12,13.0,6,50.0,5,41.67
2013,S Sreesanth,Lucknow Super Giants,0,4,15.0,2,50.0,2,50.0
2013,LJ Wright,Punjab Kings,0,5,19.2,0,0.0,2,40.0
2021,MP Stoinis,Royal Challengers Bengaluru,0,6,23.0,1,16.67,3,50.0
2024,TA Boult,Rajasthan Royals,4,50,10.32,14,28.0,12,24.0
2013,R Rampaul,Royal Challengers Bengaluru,4,40,10.65,14,35.0,8,20.0
2020,A Zampa,Royal Challengers Bengaluru,0,6,27.0,0,0.0,4,66.67
2019,AD Russell,Kolkata Knight Riders,1,25,10.32,7,28.0,5,20.0
2017,BA Stokes,Royal Challengers Bengaluru,1,6,3.0,3,50.0,0,0.0
2017,RD Chahar,Punjab Kings,0,6,2.0,4,66.67,0,0.0
2023,Suyash Sharma,Kolkata Knight Riders,1,18,10.67,7,38.89,4,22.22
2018,CR Brathwaite,Sunrisers Hyderabad,4,25,9.84,11,44.0,8,32.0
2024,R Ashwin,Rajasthan Royals,1,36,13.17,5,13.89,8,22.22
2021,T Natarajan,Sunrisers Hyderabad,0,6,9.0,1,16.67,1,16.67
2014,B Kumar,Punjab Kings,2,6,8.0,3,50.0,1,16.67
2014,SP Narine,Kolkata Knight Riders,11,96,5.88,45,46.88,8,8.33
2016,RP Singh,Lucknow Super Giants,1,6,14.0,2,33.33,3,50.0
2016,SR Watson,Royal Challengers Bengaluru,4,72,12.92,16,22.22,23,31.94
2016,MM Sharma,Gujarat Titans,1,6,7.0,3,50.0,1,16.67
2023,MR Marsh,Delhi Capitals,3,19,10.11,6,31.58,4,21.05
2024,Yash Thakur,Lucknow Super Giants,4,65,12.18,17,26.15,18,27.69
2019,K Rabada,Punjab Kings,3,24,9.75,7,29.17,5,20.83
2013,SK Trivedi,Rajasthan Royals,0,6,8.0,1,16.67,1,16.67
2022,M Pathirana,Chennai Super Kings,0,17,10.59,3,17.65,4,23.53
2016,CR Brathwaite,Delhi Capitals,0,13,9.23,2,15.38,1,7.69
2014,P Kumar,Punjab Kings,1,6,7.0,2,33.33,1,16.67
2024,Yash Dayal,Royal Challengers Bengaluru,6,74,10.95,24,32.43,18,24.32
2020,DR Sams,Royal Challengers Bengaluru,0,6,17.0,1,16.67,3,50.0
2020,AJ Tye,Rajasthan Royals,1,7,18.86,1,14.29,3,42.86
2018,LE Plunkett,Punjab Kings,1,12,5.5,3,25.0,0,0.0
2020,DR Sams,Delhi Capitals,0,12,13.5,1,8.33,3,25.0
2015,BE Hendricks,Punjab Kings,1,12,6.5,5,41.67,2,16.67
2022,SN Thakur,Delhi Capitals,8,80,12.08,21,26.25,20,25.0
2019,CH Morris,Royal Challengers Bengaluru,1,6,4.0,3,50.0,0,0.0
2016,MM Sharma,Punjab Kings,8,87,9.52,27,31.03,17,19.54
2024,M Jansen,Sunrisers Hyderabad,0,6,15.0,2,33.33,2,33.33
2014,K Santokie,Punjab Kings,0,6,14.0,1,16.67,2,33.33
2013,CH Gayle,Punjab Kings,0,6,22.0,1,16.67,4,66.67
2017,P Kumar,Gujarat Titans,1,21,11.14,6,28.57,5,23.81
2025,M Prasidh Krishna,Gujarat Titans,11,90,11.53,30,33.33,26,28.89
2023,Sandeep Sharma,Rajasthan Royals,4,60,10.8,16,26.67,14,23.33
2013,R Rampaul,Delhi Capitals,0,6,15.0,3,50.0,2,33.33
2018,PP Chawla,Kolkata Knight Riders,5,30,11.8,7,23.33,9,30.0
2017,UT Yadav,Delhi Capitals,0,6,26.0,1,16.67,5,83.33
2022,Arshdeep Singh,Royal Challengers Bengaluru,1,6,3.0,3,50.0,0,0.0
2025,JJ Bumrah,Mumbai Indians,6,80,7.58,29,36.25,13,16.25
2016,T Shamsi,Royal Challengers Bengaluru,0,12,15.0,2,16.67,5,41.67
2013,R Vinay Kumar,Lucknow Super Giants,1,6,9.0,3,50.0,1,16.67
2014,JH Kallis,Royal Challengers Bengaluru,0,6,3.0,3,50.0,0,0.0
2019,DW Steyn,Royal Challengers Bengaluru,0,12,15.5,2,16.67,4,33.33
2018,GJ Maxwell,Delhi Capitals,1,6,8.0,2,33.33,1,16.67
2015,P Kumar,Royal Challengers Bengaluru,0,6,14.0,1,16.67,2,33.33
2015,MJ McClenaghan,Punjab Kings,0,6,5.0,2,33.33,0,0.0
2020,JO Holder,Punjab Kings,1,6,7.0,1,16.67,0,0.0
2017,S Aravind,Lucknow Super Giants,0,12,10.0,1,8.33,2,16.67
2023,Umran Malik,Sunrisers Hyderabad,1,18,11.67,7,38.89,6,33.33
2023,SSB Magala,Chennai Super Kings,0,6,6.0,0,0.0,0,0.0
2021,K Rabada,Delhi Capitals,4,78,10.31,26,33.33,18,23.08
2016,D Wiese,Royal Challengers Bengaluru,0,6,12.0,1,16.67,2,33.33
2017,CR Woakes,Lucknow Super Giants,0,6,18.0,0,0.0,2,33.33
2022,TS Mills,Mumbai Indians,2,18,14.0,4,22.22,7,38.89
2022,HV Patel,Royal Challengers Bengaluru,9,129,9.91,47,36.43,26,20.16
2015,Shakib Al Hasan,Kolkata Knight Riders,0,18,15.33,4,22.22,7,38.89
2023,TA Boult,Rajasthan Royals,0,24,14.75,5,20.83,9,37.5
2019,SL Malinga,Mumbai Indians,7,59,11.29,19,32.2,15,25.42
2016,YS Chahal,Gujarat Titans,1,6,13.0,1,16.67,2,33.33
2023,JO Holder,Rajasthan Royals,1,57,12.63,13,22.81,18,31.58
2014,RA Jadeja,Chennai Super Kings,4,46,10.17,11,23.91,9,19.57
