season,player,team,wickets,balls,economy,dot_balls,dot_pct,boundaries_conceded,boundary_pct_conceded,wickets_z,economy_z,dot_pct_z,boundary_pct_conceded_z,impact_score,impact_score_pos,phase,name,year,adj_price,ROI
2014,A Nehra,Chennai Super Kings,6,30,8.8,9,30.0,6,20.0,0.37131319467760604,0.29945814357444883,0.37301177577807965,0.29718852780358795,0.459933508978977,1.0262891611983989,death,A Nehra,2014,38740367.673999995,2.649146672624837
2022,Lalit Yadav,Delhi Capitals,1,12,11.0,5,41.67,2,16.67,0.07420304837444841,0.3431451148659259,0.4645324489396312,0.2139320564522339,0.04922664436152145,0.6155822965809433,death,Lalit Yadav,2022,8084559.9302,7.614295668480681
2016,M Ashwin,Lucknow Super Giants,2,27,7.56,11,40.74,4,14.81,0.14948865197031444,0.2384956540567484,0.4697434636060147,0.2090684978054433,0.2070372060729437,0.7733928582923656,death,M Ashwin,2016,73637387.9955,1.0502719872948614
2017,P Negi,Royal Challengers Bengaluru,7,24,4.25,13,54.17,1,4.17,0.3815789428401621,0.12167148583819104,0.6548920527607563,0.1200692013053744,0.6841466753615814,1.2505023275810032,death,P Negi,2017,15598002.096,8.017067313394488
2019,HF Gurney,Kolkata Knight Riders,3,48,13.5,10,20.83,18,37.5,0.17078511049059414,0.4513854751252151,0.26874693376692815,0.4521650385231607,0.020598044258935355,0.5869536964783573,death,HF Gurney,2019,10831894.1475,5.418753991552125
2020,JD Unadkat,Rajasthan Royals,3,42,13.14,8,19.05,11,26.19,0.19976432435341354,0.43037483676992455,0.2691104092087775,0.32979215413880064,0.10929202834314357,0.6756476805625654,death,JD Unadkat,2020,41681170.359,1.620990185120069
2014,Yuvraj Singh,Royal Challengers Bengaluru,0,12,6.0,2,16.67,0,0.0,0.022463943856563494,0.17298743101856248,0.21006166678970892,0.003983596775412703,0.026324364381709108,0.592680016601131,death,Yuvraj Singh,2014,271182573.718,0.21855387257200862
2021,KA Jamieson,Royal Challengers Bengaluru,2,24,15.0,7,29.17,7,29.17,0.11932138554315755,0.5773465232202082,0.31388519307458856,0.4346687383951293,-0.08819159456950919,0.47816405764991265,death,KA Jamieson,2021,198917487.645,0.24038311729699335
2020,CJ Jordan,Punjab Kings,5,81,12.07,16,19.75,22,27.16,0.31238419817520935,0.3929220261811867,0.2773074621067799,0.34005548021418786,0.29258308135811695,0.8589387335775388,death,CJ Jordan,2020,41681170.359,2.0607356419685385
2025,PVSN Raju,Mumbai Indians,1,12,14.5,3,25.0,3,25.0,0.08279347526671879,0.4640506875460888,0.32355684384220207,0.30020734681549827,-0.054425213010346196,0.5119304392090757,death,PVSN Raju,2025,3148500.0000000005,16.259502595174705
2025,MM Sharma,Delhi Capitals,0,54,13.11,9,16.67,14,25.93,0.019781111421132057,0.4156078972020033,0.24512046604063695,0.3096100453376927,-0.15591836553821997,0.4104372866812019,death,MM Sharma,2025,23089000.000000004,1.7776312819143394
2016,JO Holder,Kolkata Knight Riders,2,12,6.5,5,41.67,1,8.33,0.14948865197031444,0.19706694152966514,0.47914837955113754,0.13260380042978276,0.24936957508001203,0.8157252272994339,death,JO Holder,2016,11454704.7993,7.121311649596444
2022,PWH de Silva,Royal Challengers Bengaluru,6,36,7.5,14,38.89,5,13.89,0.38175312031710873,0.22545367770294694,0.43944075877168104,0.1867749295310681,0.5582479581666683,1.1246036103860901,death,PWH de Silva,2022,133706183.46100001,0.8411006740867144
2014,IC Pandey,Chennai Super Kings,1,18,11.0,4,22.22,4,22.22,0.08060548566007059,0.3988279891540738,0.2779066108921438,0.3297342751477154,-0.05417126644819514,0.5121843857712267,death,IC Pandey,2014,29055275.7555,1.7627930640936118
2014,M Morkel,Kolkata Knight Riders,1,18,11.67,5,27.78,4,22.22,0.08060548566007059,0.4290906239442323,0.34587379813710567,0.3297342751477154,-0.045886164190769976,0.5204694880286519,death,M Morkel,2014,54236514.743599996,0.9596293023051748
2013,CH Morris,Chennai Super Kings,7,96,9.0,25,26.04,15,15.63,0.35606499611483117,0.2985643438108644,0.32840596895455454,0.2249940033785789,0.4456953463206937,1.0120509985401156,death,CH Morris,2013,76957740.38675001,1.3150736929827562
2013,JDP Oram,Mumbai Indians,0,12,8.5,4,33.33,3,25.0,0.04598780285645874,0.2790800200318144,0.41621571059774476,0.33225849653900963,-0.017463139510417128,0.5488925127090047,death,JDP Oram,2013,6156619.23094,8.915485790489582
2016,TG Southee,Mumbai Indians,1,30,10.6,7,23.33,7,23.33,0.09006681643493518,0.3573100748891382,0.29367939198817633,0.3096054147252933,-0.01260161212438761,0.5537540400950343,death,TG Southee,2016,40909659.997499995,1.3536021568716883
2023,M Ashwin,Rajasthan Royals,0,6,11.0,0,0.0,0,0.0,0.038153181140805834,0.3584669463343242,0.008819341737885603,0.015836251785662434,-0.088262079836854,0.4780935723825679,death,M Ashwin,2023,2366172.2646,20.205357806583425
2018,MM Sharma,Punjab Kings,2,64,12.84,11,17.19,17,26.56,0.11765542661269546,0.4651888021319463,0.23780095004801152,0.37263387380271656,-0.050042258060146866,0.516313394159275,death,MM Sharma,2018,35816307.912,1.441559513693727
2016,MP Stoinis,Punjab Kings,3,18,7.67,6,33.33,3,16.67,0.20891048750569371,0.2427948600737099,0.394807520430358,0.23101669797808663,0.265385033964738,0.8317406861841599,death,MP Stoinis,2016,9000125.19945,9.241434621764904
2020,JDS Neesham,Punjab Kings,0,6,18.0,0,0.0,3,50.0,0.03083451362071988,0.6004876026215745,0.04603346962742573,0.581719776669697,-0.3546491627302314,0.21170648948919046,death,JDS Neesham,2020,6946861.7265,3.0475126441857854
2022,VR Aaron,Gujarat Titans,1,6,9.0,1,16.67,1,16.67,0.07420304837444841,0.27589286505850935,0.23888775318468428,0.2139320564522339,0.008434135558004,0.5747897877774258,death,VR Aaron,2022,6218892.254000001,9.242639433216103
2022,Kartik Tyagi,Sunrisers Hyderabad,1,12,10.0,6,50.0,2,16.67,0.07420304837444841,0.30951898996221766,0.5397172615651794,0.2139320564522339,0.0852325381106692,0.6515881903300911,death,Kartik Tyagi,2022,49751138.032000005,1.3096950463946948
2025,LS Livingstone,Royal Challengers Bengaluru,0,6,4.0,2,33.33,0,0.0,0.019781111421132057,0.09811594034256542,0.4019932216437673,0.04744663385328201,0.09678926733181749,0.6631449195512393,death,LS Livingstone,2025,91831250.00000001,0.722134262085335
2013,DT Christian,Royal Challengers Bengaluru,0,6,24.0,2,33.33,3,50.0,0.04598780285645874,0.8830940571823623,0.41621571059774476,0.6184497803181738,-0.34492613950438555,0.2214295127150363,death,DT Christian,2013,12313238.46188,1.7983044298260764
2014,PP Ojha,Mumbai Indians,0,12,8.0,5,41.67,3,25.0,0.022463943856563494,0.263323654272767,0.5156695231069834,0.3704897605606318,-0.028079617160356063,0.5382760350590658,death,PP Ojha,2014,62953097.470249996,0.8550429711793628
2019,SM Curran,Punjab Kings,8,66,11.0,18,27.27,16,24.24,0.41666632667570563,0.36818532969515205,0.3321386528142731,0.32044101392142593,0.4812346498033518,1.0475903020227737,death,SM Curran,2019,103986183.81600001,1.0074322026053468
2025,R Sai Kishore,Gujarat Titans,3,33,9.27,8,24.24,5,15.15,0.20881820295789225,0.28178033251042905,0.3164005836826355,0.20061962590838503,0.2352494587649419,0.8016051109843638,death,R Sai Kishore,2025,20990000.000000004,3.8189857598111656
2022,Sandeep Sharma,Punjab Kings,0,12,13.0,1,8.33,4,33.33,0.012693033985916346,0.4103973646733425,0.16361268268083398,0.3766794429654072,-0.20903942297583442,0.3573162292435874,death,Sandeep Sharma,2022,6218892.254000001,5.745657178957573
2018,K Khejroliya,Royal Challengers Bengaluru,0,11,13.64,1,9.09,3,27.27,0.0,0.49839403456086623,0.15433491789393886,0.38121748453160775,-0.26742238381564715,0.2989332684037747,death,K Khejroliya,2018,12684942.385499999,2.356599338957043
2020,MM Sharma,Delhi Capitals,0,6,17.0,1,16.67,2,33.33,0.03083451362071988,0.5654849759031281,0.24124042935556925,0.4053386986524755,-0.22917170071924328,0.33718395150017855,death,MM Sharma,2020,6946861.7265,4.853759363223429
2020,MP Stoinis,Delhi Capitals,7,52,10.96,13,25.0,14,26.92,0.4250040719970051,0.35406911052371115,0.3387853588417981,0.33751610056666936,0.4962592412685617,1.0626148934879835,death,MP Stoinis,2020,66689872.5744,1.5933677070720416
2021,Arshdeep Singh,Punjab Kings,8,80,9.98,23,28.75,14,17.5,0.41521509603305545,0.38393541889188915,0.30959562696169884,0.2847306970954309,0.4767079554527079,1.0430636076721298,death,Arshdeep Singh,2021,2652233.1686,39.32774915950238
2025,L Ngidi,Royal Challengers Bengaluru,2,12,10.5,4,33.33,2,16.67,0.14580583911230552,0.32464697432569894,0.4019932216437673,0.21598747725648781,0.14465169225436253,0.7110073444737843,death,L Ngidi,2025,10495000.000000002,6.77472457812086
2022,Kuldeep Yadav,Delhi Capitals,1,12,11.0,5,41.67,3,25.0,0.07420304837444841,0.3431451148659259,0.4645324489396312,0.2953057497088205,0.024814536384545463,0.5911701886039673,death,Kuldeep Yadav,2022,2487556.9016,23.765092095932594
2022,Kuldeep Yadav,Delhi Capitals,1,12,11.0,5,41.67,3,25.0,0.07420304837444841,0.3431451148659259,0.4645324489396312,0.2953057497088205,0.024814536384545463,0.5911701886039673,death,Kuldeep Yadav,2022,24875569.016000003,2.376509209593259
2017,BA Stokes,Lucknow Super Giants,5,60,8.4,19,31.67,8,13.33,0.28110654638459176,0.2879117408420105,0.39708054111124536,0.2225712051943949,0.35884792401513854,0.9252035762345604,death,BA Stokes,2017,226171030.39200002,0.40907253887953554
2023,Arshdeep Singh,Punjab Kings,7,89,9.64,27,30.34,20,22.47,0.41220472174038386,0.30277260894523006,0.3821579031792963,0.2971359891842788,0.5227046132309889,1.089060265450411,death,Arshdeep Singh,2023,2366172.2646,46.026245922315205
2023,Arshdeep Singh,Punjab Kings,7,89,9.64,27,30.34,20,22.47,0.41220472174038386,0.30277260894523006,0.3821579031792963,0.2971359891842788,0.5227046132309889,1.089060265450411,death,Arshdeep Singh,2023,7098516.793799999,15.342081974105072
2015,Yuvraj Singh,Delhi Capitals,0,6,13.0,2,33.33,2,33.33,0.051069920276927465,0.42651420030782716,0.4347710646634763,0.4052971222316328,-0.08515861697818661,0.48119703524123525,death,Yuvraj Singh,2015,279285339.63199997,0.1722958447712594
2022,Basil Thampi,Mumbai Indians,2,18,13.67,4,22.22,5,27.78,0.13571306276298048,0.43292686835882704,0.2889808756422824,0.3224628766299863,0.020354246504628748,0.5867098987240507,death,Basil Thampi,2022,3731335.3524,15.723858707759355
2016,CH Morris,Delhi Capitals,8,96,7.56,27,28.13,10,10.42,0.50601966518259,0.2384956540567484,0.3422208936404236,0.15726602535495723,0.7191176966368255,1.2854733488562473,death,CH Morris,2016,114547047.99299999,1.1222230265897406
2025,Ashwani Kumar,Mumbai Indians,2,21,12.0,9,42.86,6,28.57,0.14580583911230552,0.3769233667833451,0.4917289575920165,0.3363015766265028,0.11456762624477436,0.6809232784641962,death,Ashwani Kumar,2025,3148500.0000000005,21.62691054356665
2019,AR Patel,Delhi Capitals,1,18,6.67,9,50.0,3,16.67,0.07243262401654953,0.2240826778102829,0.5558799220605697,0.2452410994240555,0.11220751169166537,0.6785631639110872,death,AR Patel,2019,72212627.65,0.9396738299012543
2014,B Kumar,Sunrisers Hyderabad,8,83,9.11,24,28.92,16,19.28,0.48759627828462015,0.3134602581788505,0.3598095163851734,0.2866331502865737,0.62796322398497,1.1943188762043917,death,B Kumar,2014,82323281.30725,1.45076685141705
2022,Shivam Mavi,Kolkata Knight Riders,4,54,11.89,17,31.48,12,22.22,0.25873309154004465,0.3730723660302263,0.37255967094991477,0.2681486227876547,0.27019400534665444,0.8365496575660762,death,Shivam Mavi,2022,90173937.683,0.9277066955941378
2024,Simarjeet Singh,Chennai Super Kings,0,18,11.67,5,27.78,5,27.78,0.01568369930783994,0.3480931388353054,0.34031636736912646,0.3153670562461022,-0.10822691323545498,0.4581287389839669,death,Simarjeet Singh,2024,2217593.5,20.658824035332305
2024,Simarjeet Singh,Chennai Super Kings,0,18,11.67,5,27.78,5,27.78,0.01568369930783994,0.3480931388353054,0.34031636736912646,0.3153670562461022,-0.10822691323545498,0.4581287389839669,death,Simarjeet Singh,2024,2217593.5,20.658824035332305
2024,SH Johnson,Gujarat Titans,2,24,7.75,9,37.5,4,16.67,0.1275632560224856,0.19445064800159573,0.459390344720743,0.1892429383593421,0.1946088467415104,0.7609644989609323,death,SH Johnson,2024,110879675.0,0.6862975554004215
2014,WD Parnell,Delhi Capitals,3,37,7.46,19,51.35,7,18.92,0.19688856926708478,0.2389328739941318,0.6340008850730321,0.28135546152806656,0.3055533313664642,0.871908983585886,death,WD Parnell,2014,19370183.836999997,4.5012943135852295
2025,MP Stoinis,Punjab Kings,0,9,18.67,0,0.0,4,44.44,0.019781111421132057,0.6093790585783454,0.08815354911961755,0.49675407721491754,-0.3366601147282301,0.22969553749119176,death,MP Stoinis,2025,115445000.00000001,0.1989653406307694
2024,UT Yadav,Gujarat Titans,2,12,15.5,2,16.67,4,33.33,0.1275632560224856,0.4982081235019145,0.20421432123986102,0.37837235366028016,-0.06018577509316314,0.5061698771262587,death,UT Yadav,2024,64310211.5,0.7870754353315393
2020,SS Cottrell,Punjab Kings,2,18,16.0,5,27.78,8,44.44,0.14345438744251565,0.5304823491846815,0.37133936892243635,0.5228908148355187,-0.04247679228402386,0.523878859935398,death,SS Cottrell,2020,118096649.3505,0.4436017980328753
2018,SN Thakur,Chennai Super Kings,8,94,12.7,28,29.79,26,27.66,0.4706217064507819,0.45937788645688526,0.3676370000654579,0.38593242563621,0.5166927774221931,1.083048429641615,death,SN Thakur,2018,38801000.238,2.791289974480928
2025,I Sharma,Gujarat Titans,2,26,10.62,5,19.23,6,23.08,0.14580583911230552,0.3288290857223106,0.2692257634202296,0.28079532406,0.08370625618760288,0.6500619084070247,death,I Sharma,2025,7871250.000000001,8.258687100613304
2023,I Sharma,Delhi Capitals,2,18,12.33,6,33.33,4,22.22,0.14502504988354242,0.4129327321633648,0.4189503322732257,0.2940062635790427,0.0898477025682226,0.6562033547876445,death,I Sharma,2023,5915430.661499999,11.093078295355225
2020,CV Varun,Kolkata Knight Riders,1,36,9.33,9,25.0,7,19.44,0.08714445053161778,0.2970148289726433,0.3387853588417981,0.25837210155234325,0.03603472139520578,0.6023903736146277,death,CV Varun,2020,55574893.812,1.0839253704242915
2022,C Sakariya,Delhi Capitals,1,12,9.0,2,16.67,1,8.33,0.07420304837444841,0.27589286505850935,0.23888775318468428,0.1324606756887365,0.03287554978705321,0.5992312020064751,death,C Sakariya,2022,52238694.9336,1.147102167786065
2023,JD Unadkat,Lucknow Super Giants,0,18,14.67,6,33.33,6,33.33,0.038153181140805834,0.5087597538475415,0.4189503322732257,0.4330912694757329,-0.15051641098856003,0.4158392412308618,death,JD Unadkat,2023,5915430.661499999,7.029737394055022
2014,MM Sharma,Chennai Super Kings,14,119,10.59,27,22.69,30,25.21,0.8364455291056627,0.3803090633869618,0.2836520385909086,0.3735684123364276,1.0755697561800535,1.6419254083994752,death,MM Sharma,2014,38740367.673999995,4.238280395829667
2025,Fazalhaq Farooqi,Rajasthan Royals,0,18,17.67,0,0.0,9,50.0,0.019781111421132057,0.5745281302732479,0.08815354911961755,0.5529680597777145,-0.3395839381750302,0.22677171404439167,death,Fazalhaq Farooqi,2025,20990000.000000004,1.0803797715311656
2025,Naman Dhir,Mumbai Indians,0,6,2.0,5,83.33,0,0.0,0.019781111421132057,0.028414083732370452,0.8727998110889363,0.04744663385328201,0.26591198680944617,0.832267639028868,death,Naman Dhir,2025,55098750.00000001,1.510501851727794
2015,DJ Muthuswami,Delhi Capitals,1,6,1.0,5,83.33,0,0.0,0.09591495703624048,0.0,0.9999999998586578,0.04164349803632372,0.43137938610106097,0.9977350383204828,death,DJ Muthuswami,2015,13091500.29525,7.621242911956331
2019,Rasikh Salam,Mumbai Indians,0,6,21.0,0,0.0,3,50.0,0.023256380779527235,0.7009859114154042,0.06370819032652525,0.5763392698596377,-0.39929911725680456,0.1670565349626173,death,Rasikh Salam,2019,2888505.106,5.78349453548161
2018,L Ngidi,Chennai Super Kings,4,42,7.86,13,30.95,5,11.9,0.23531085322539091,0.2584862302619196,0.37959016022579417,0.1954004466399771,0.3048287018090637,0.8711843540284856,death,L Ngidi,2018,7461730.8149999995,11.675365617279851
2017,JD Unadkat,Lucknow Super Giants,16,107,8.69,42,39.25,19,17.76,0.8337047268902289,0.29952852974589184,0.4839343748136139,0.272143680874347,1.194282886618767,1.7606385388381889,death,JD Unadkat,2017,4679400.6288,37.625300300258594
2020,I Udana,Royal Challengers Bengaluru,2,54,9.78,11,20.37,8,14.81,0.14345438744251565,0.3127660109959442,0.28456770895929634,0.20938323585229918,0.11263051869749492,0.6789861709169168,death,I Udana,2020,6946861.7265,9.773998643542985
2017,TS Mills,Royal Challengers Bengaluru,2,35,9.09,13,37.14,7,20.0,0.13039795170123616,0.3155516868546937,0.4597573841655931,0.2972096730917494,0.11814056613212988,0.6844962183515517,death,TS Mills,2017,187176025.152,0.36569652432553423
2018,KV Sharma,Chennai Super Kings,2,9,8.67,2,22.22,2,22.22,0.11765542661269546,0.292106528096201,0.28963232557084917,0.3201650420232971,0.050480713744828376,0.6168363659642502,death,KV Sharma,2018,74617308.14999999,0.8266666022369104
2018,KV Sharma,Chennai Super Kings,2,9,8.67,2,22.22,2,22.22,0.11765542661269546,0.292106528096201,0.28963232557084917,0.3201650420232971,0.050480713744828376,0.6168363659642502,death,KV Sharma,2018,2984692.326,20.66666505592276
2025,B Kumar,Royal Challengers Bengaluru,7,90,10.53,22,24.44,22,24.44,0.4608676583402392,0.32569250217485185,0.3182838100404162,0.29454550684514463,0.5681459775989995,1.1345016298184214,death,B Kumar,2025,112821250.00000001,1.0055744195516547
2015,RS Bopara,Sunrisers Hyderabad,0,18,9.0,6,33.33,4,22.22,0.051069920276927465,0.28434280020521807,0.4347710646634763,0.28407924749986313,0.008075305482387926,0.5744309577018097,death,RS Bopara,2015,17455333.726999998,3.2908620750875537
2022,M Theekshana,Chennai Super Kings,4,24,6.0,12,50.0,3,12.5,0.25873309154004465,0.17501449034738453,0.5397172615651794,0.17319636607048522,0.4280501098195214,0.9944057620389433,death,M Theekshana,2022,8706449.1556,11.421484743861853
2025,DL Chahar,Mumbai Indians,2,18,14.33,6,33.33,7,38.89,0.14580583911230552,0.45812602973422223,0.4019932216437673,0.4406411989373056,0.023863953586707898,0.5902196058061298,death,DL Chahar,2025,97078750.00000001,0.6079802282230969
2020,JR Hazlewood,Chennai Super Kings,0,12,12.5,3,25.0,5,41.67,0.03083451362071988,0.4079731556701187,0.3387853588417981,0.4935821414037429,-0.16337652660555113,0.4029791256138707,death,JR Hazlewood,2020,27787446.906,1.4502200471208369
2018,M Markande,Mumbai Indians,0,6,2.0,4,66.67,0,0.0,0.0,0.015257902720080867,0.7476650575768407,0.051534294986730206,0.20273606768900077,0.7690917199084226,death,M Markande,2018,2984692.326,25.76787272874915
2025,Zeeshan Ansari,Sunrisers Hyderabad,0,7,17.14,1,14.29,3,42.86,0.019781111421132057,0.5560571382715461,0.22271007238304685,0.48077960015570553,-0.27017204650871796,0.2961836057107039,death,Zeeshan Ansari,2025,4198000.0,7.0553503027799875
2018,Kuldeep Yadav,Kolkata Knight Riders,0,6,12.0,0,0.0,1,16.67,0.0,0.4303233080815803,0.06066748180992398,0.2530678032270349,-0.2298494196577654,0.33650623256165646,death,Kuldeep Yadav,2018,86556077.454,0.3887725073268158
2016,JW Hastings,Kolkata Knight Riders,1,10,5.4,5,50.0,1,10.0,0.09006681643493518,0.15407488136005043,0.5633881105434748,0.15230998015468294,0.19679371122502015,0.763149363444442,death,JW Hastings,2016,21273023.1987,3.5874043680405436
2014,M de Lange,Mumbai Indians,1,6,7.0,2,33.33,0,0.0,0.08060548566007059,0.21815554264566472,0.4137187422395406,0.003983596775412703,0.15656655507107833,0.7229222072905002,death,M de Lange,2014,5811055.151099999,12.440463710857316
2024,Sandeep Sharma,Rajasthan Royals,7,78,10.15,18,23.08,17,21.79,0.4072621478090998,0.28851747912427506,0.28273944416412666,0.24736674426215136,0.5060980400345323,1.072453692253954,death,Sandeep Sharma,2024,2217593.5,48.36114879728652
2021,VR Iyer,Kolkata Knight Riders,1,9,11.33,2,22.22,2,22.22,0.07000576712817456,0.4359483652750028,0.24290308715891373,0.34537401799813666,-0.10011197466950618,0.4662436775499157,death,VR Iyer,2021,2652233.1686,17.579286884343798
2022,Mohammed Shami,Gujarat Titans,8,66,9.64,21,31.82,14,21.21,0.5047731490941729,0.29741358499688264,0.3756284388121821,0.2582821845896773,0.6733981659092578,1.2397538181286798,death,Mohammed Shami,2022,77736153.175,1.5948227015269718
2020,NM Coulter-Nile,Mumbai Indians,1,48,10.0,15,31.25,9,18.75,0.08714445053161778,0.3204665888740025,0.4119733311453912,0.2510713850657276,0.05080062407172474,0.6171562762911466,death,NM Coulter-Nile,2020,111149787.624,0.555247373372297
2017,Rashid Khan,Sunrisers Hyderabad,0,12,4.5,5,41.67,0,0.0,0.029925555245665744,0.13168595903119223,0.5116634351776946,0.07340617115065651,0.12369112846413315,0.690046780683555,death,Rashid Khan,2017,62392008.384,1.1059858442712234
2025,SM Curran,Chennai Super Kings,0,6,19.0,3,50.0,3,50.0,0.019781111421132057,0.6208798649190274,0.5589601385647867,0.5529680597777145,-0.21688265519979122,0.34947299701963064,death,SM Curran,2025,25188000.000000004,1.3874583016501134
2023,KM Asif,Rajasthan Royals,0,13,15.69,2,15.38,5,38.46,0.038153181140805834,0.5505305068893621,0.1980727061073285,0.4973132388951767,-0.2527545908808906,0.3136010613385313,death,KM Asif,2023,3549258.3968999996,8.835678507161873
2018,Mujeeb Ur Rahman,Punjab Kings,2,30,10.6,10,33.33,7,23.33,0.11765542661269546,0.37221415133097036,0.4041147474513118,0.33358448978254956,0.04875655668728372,0.6151122089067056,death,Mujeeb Ur Rahman,2018,32831615.586,1.8735362178430253
2018,Mujeeb Ur Rahman,Punjab Kings,2,30,10.6,10,33.33,7,23.33,0.11765542661269546,0.37221415133097036,0.4041147474513118,0.33358448978254956,0.04875655668728372,0.6151122089067056,death,Mujeeb Ur Rahman,2018,59693846.519999996,1.030444919813664
2014,K Santokie,Mumbai Indians,1,18,15.33,2,11.11,6,33.33,0.08060548566007059,0.5944059124994265,0.14209447954474702,0.49260961433386674,-0.22200867694640067,0.34434697527302116,death,K Santokie,2014,5811055.151099999,5.925722030152102
2020,TU Deshpande,Delhi Capitals,1,18,12.0,4,22.22,5,27.78,0.08714445053161778,0.3904718423108955,0.30623134876115987,0.3466155443036106,-0.03758731978966676,0.5287683324297551,death,TU Deshpande,2020,2778744.6906,19.029036176604656
2020,TU Deshpande,Delhi Capitals,1,18,12.0,4,22.22,5,27.78,0.08714445053161778,0.3904718423108955,0.30623134876115987,0.3466155443036106,-0.03758731978966676,0.5287683324297551,death,TU Deshpande,2020,2778744.6906,19.029036176604656
2022,PVD Chameera,Lucknow Super Giants,1,54,12.11,15,27.78,16,29.63,0.07420304837444841,0.3804701135090421,0.3391642559781826,0.3405350654084599,-0.041294715671027424,0.5250609365483945,death,PVD Chameera,2022,24875569.016000003,2.1107494514423952
2014,IK Pathan,Sunrisers Hyderabad,3,46,7.04,14,30.43,5,10.87,0.19688856926708478,0.21996226711074884,0.3782682309067367,0.16334047678922597,0.2718262732915809,0.8381819255110028,death,IK Pathan,2014,46488441.208799995,1.802989955602856
2014,UT Yadav,Kolkata Knight Riders,3,66,10.0,17,25.76,12,18.18,0.19688856926708478,0.35365987752697153,0.3211806833466699,0.270506879080024,0.16907104416983232,0.7354266963892542,death,UT Yadav,2014,50362477.9762,1.460267099519602
2014,TG Southee,Rajasthan Royals,0,18,9.0,5,27.78,2,11.11,0.022463943856563494,0.30849176589986926,0.34587379813710567,0.16685893596156406,-0.035996331922439985,0.5303593202969819,death,TG Southee,2014,23244220.604399998,2.2816825279854203
2025,MJ Santner,Mumbai Indians,3,21,14.0,4,19.05,6,28.57,0.20881820295789225,0.44662522339354005,0.267530859698227,0.3363015766265028,0.11394600000093964,0.6803016522203615,death,MJ Santner,2025,20990000.000000004,3.2410750463094877
2019,KMA Paul,Delhi Capitals,3,37,11.19,12,32.43,9,24.32,0.17078511049059414,0.37450854074783685,0.3829307755292265,0.32123572900197933,0.12488276339493057,0.6912384156143524,death,KMA Paul,2019,7221262.765000001,9.572265102505966
2013,KW Richardson,Lucknow Super Giants,1,17,11.29,5,29.41,4,23.53,0.09028454475051194,0.387802546718913,0.36899840096244907,0.31543044905279477,-0.003623815988901047,0.5627318362305208,death,KW Richardson,2013,86192669.23316,0.6528766787675104
2013,JD Unadkat,Royal Challengers Bengaluru,3,24,7.75,7,29.17,4,16.67,0.17887802853861834,0.24985353436323957,0.36610754527049216,0.23689956078379215,0.20713802440864168,0.7734936766280636,death,JD Unadkat,2013,64644501.92487001,1.196534358833826
2022,VG Arora,Punjab Kings,0,11,15.82,1,9.09,4,36.36,0.012693033985916346,0.5052230369017998,0.17047228143178436,0.4062787575593397,-0.253791606620112,0.31256404559930984,death,VG Arora,2022,24875569.016000003,1.2565101340928853
2018,R Ashwin,Punjab Kings,2,24,11.5,3,12.5,4,16.67,0.11765542661269546,0.40957003781350537,0.18947308698596202,0.2530678032270349,-0.006423290078680838,0.559932362140741,death,R Ashwin,2018,113418308.388,0.4936878094013114
2017,NM Coulter-Nile,Kolkata Knight Riders,4,38,8.37,10,26.32,6,15.79,0.23087034815680657,0.28671000405885033,0.335778692785695,0.25009903593314936,0.2573254176674334,0.8236810698868553,death,NM Coulter-Nile,2017,54593007.336,1.508766616972389
2018,KH Pandya,Mumbai Indians,4,19,5.05,10,52.63,2,10.53,0.23531085322539091,0.14185285135533818,0.6029906018431146,0.17883770481098984,0.4234710084055885,0.9898266606250103,death,KH Pandya,2018,131326462.344,0.7537145545215649
2017,MJ Henry,Punjab Kings,1,6,8.0,1,16.67,1,16.67,0.08016175347345095,0.2718885837332086,0.22520620001157143,0.25994639001855746,0.0010651397147971586,0.567420791934219,death,MJ Henry,2017,7799001.048,7.275557323841238
2014,KV Sharma,Sunrisers Hyderabad,0,16,6.0,5,31.25,1,6.25,0.022463943856563494,0.17298743101856248,0.3882921685939434,0.09561013772171746,0.052305552639088024,0.6186612048585098,death,KV Sharma,2014,72638189.38875,0.8517024034664696
2018,B Laughlin,Rajasthan Royals,3,41,12.44,9,21.95,11,26.83,0.17648313991904316,0.4485861859174863,0.2868501244990468,0.37589806379821045,0.0585758537218211,0.6249315059412429,death,B Laughlin,2018,7461730.8149999995,8.37515479230328
2014,I Sharma,Sunrisers Hyderabad,1,6,4.0,3,50.0,0,0.0,0.08060548566007059,0.082651207764358,0.6174980608318992,0.003983596775412703,0.2719020846013086,0.8382577368207305,death,I Sharma,2014,50362477.9762,1.6644489518900742
2015,MJ McClenaghan,Mumbai Indians,8,66,9.27,20,30.3,12,18.18,0.4098302143514316,0.2939393697121442,0.40051819119064835,0.24000002032467416,0.5453250249020819,1.1116806771215038,death,MJ McClenaghan,2015,5236600.1181,21.229054196424986
2016,I Sharma,Lucknow Super Giants,0,12,16.5,2,16.67,6,50.0,0.030644980899555925,0.5879038521625263,0.22632805844568346,0.624314284942711,-0.3085899374647849,0.25776571475463694,death,I Sharma,2016,62182683.1962,0.41452973964042306
2018,Imran Tahir,Chennai Super Kings,0,16,6.38,2,12.5,0,0.0,0.0,0.19705655026841762,0.18947308698596202,0.051534294986730206,-0.03744098250759752,0.5289146697118243,death,Imran Tahir,2018,14923461.629999999,3.544182193282621
2014,S Kaul,Delhi Capitals,0,6,9.0,3,50.0,1,16.67,0.022463943856563494,0.30849176589986926,0.6174980608318992,0.24836990678739682,0.021037655638248248,0.5873933078576701,death,S Kaul,2014,8716582.72665,6.7388026509721435
2016,BCJ Cutting,Sunrisers Hyderabad,1,6,10.0,2,33.33,2,33.33,0.09006681643493518,0.33385986025116654,0.394807520430358,0.4276064909223003,-0.008283410595646579,0.5580722416237753,death,BCJ Cutting,2016,8181931.9995,6.820788068855611
2019,I Sharma,Delhi Capitals,3,36,10.33,9,25.0,7,19.44,0.17078511049059414,0.34588769071989517,0.30979405619354744,0.27275810908821874,0.12893337357953175,0.6952890257989536,death,I Sharma,2019,15886778.083,4.37652633004903
2022,JD Unadkat,Mumbai Indians,3,42,13.0,7,16.67,14,33.33,0.19722307715151255,0.4103973646733425,0.23888775318468428,0.3766794429654072,0.09033816292371497,0.6566938151431368,death,JD Unadkat,2022,16169119.8604,4.06140730486793
2025,G Coetzee,Gujarat Titans,0,18,15.67,2,11.11,6,33.33,0.019781111421132057,0.5048262736630529,0.19276677329433412,0.38442721637450866,-0.22975697525757546,0.3365986769618464,death,G Coetzee,2025,25188000.000000004,1.3363453905107445
2014,PV Tambe,Rajasthan Royals,0,6,13.0,0,0.0,1,16.67,0.022463943856563494,0.4891642124082783,0.006282348197350251,0.24836990678739682,-0.23459603675548005,0.33175961546394184,death,PV Tambe,2014,1937018.3837,17.12733437409254
2018,MP Stoinis,Punjab Kings,0,6,20.0,0,0.0,4,66.67,0.0,0.7623756323707799,0.06066748180992398,0.85754743202219,-0.5440142380119917,0.022341414207430188,death,MP Stoinis,2018,92525462.10599999,0.024146233586853295
2018,HV Patel,Delhi Capitals,3,27,8.89,12,44.44,5,18.52,0.17648313991904316,0.301237967014154,0.5185971693317745,0.27543354949245563,0.21717860902469874,0.7835342612441206,death,HV Patel,2018,2984692.326,26.25175983529904
2016,MR Marsh,Lucknow Super Giants,0,6,10.0,2,33.33,1,16.67,0.030644980899555925,0.33385986025116654,0.394807520430358,0.23101669797808663,-0.03843922601545134,0.5279164262039705,death,MR Marsh,2016,78546547.1952,0.6721064706918545
2017,VR Aaron,Punjab Kings,1,18,7.33,7,38.89,2,11.11,0.08016175347345095,0.24504979557596546,0.4798093906272218,0.1977290164789336,0.10684682422427669,0.6732024764436986,death,VR Aaron,2017,43674405.8688,1.541411870526713
2023,K Khejroliya,Kolkata Knight Riders,2,14,15.86,4,28.57,4,28.57,0.14502504988354242,0.5574922990629989,0.3603777695685087,0.37350129395203846,-0.009396402114944871,0.556959250104477,death,K Khejroliya,2023,2366172.2646,23.538406667894513
2021,RP Meredith,Punjab Kings,1,14,18.86,3,21.43,6,42.86,0.07000576712817456,0.7260650217674814,0.23483461756562124,0.6105600653353924,-0.2981349923456621,0.26822065987375976,death,RP Meredith,2021,106089326.744,0.2528253011926379
2015,D Wiese,Royal Challengers Bengaluru,7,44,9.27,14,31.82,9,20.45,0.3649851775921186,0.2939393697121442,0.4177011508205819,0.26476730886122835,0.4757821710911263,1.042137823310548,death,D Wiese,2015,48874934.4356,2.1322541612484818
2020,TK Curran,Rajasthan Royals,2,49,13.71,6,12.24,15,30.61,0.14345438744251565,0.45032633399943905,0.18936479458678243,0.3765590626472661,-0.021107232854147243,0.5452484193652746,death,TK Curran,2020,13893723.453,3.9244225726080786
2025,Arshad Khan,Gujarat Titans,1,18,12.33,4,22.22,5,27.78,0.08279347526671879,0.3884241731240273,0.2973799974690507,0.32831433809689675,-0.04045975853788657,0.5258958936815353,death,Arshad Khan,2025,102326250.00000001,0.5139403561466732
2025,Arshad Khan,Gujarat Titans,1,18,12.33,4,22.22,5,27.78,0.08279347526671879,0.3884241731240273,0.2973799974690507,0.32831433809689675,-0.04045975853788657,0.5258958936815353,death,Arshad Khan,2025,13643500.000000002,3.8545526711000493
2024,Azmatullah Omarzai,Gujarat Titans,0,6,16.0,0,0.0,3,50.0,0.01568369930783994,0.517805379985806,0.0,0.5676152920196222,-0.35388119063844914,0.21247446158097272,death,Azmatullah Omarzai,2024,5543983.75,3.832523166774663
2020,Abdul Samad,Sunrisers Hyderabad,0,6,20.0,0,0.0,2,33.33,0.03083451362071988,0.6704928560584676,0.04603346962742573,0.4053386986524755,-0.3297369406998222,0.23661871151959968,death,Abdul Samad,2020,2778744.6906,8.515309532395646
2019,GC Viljoen,Punjab Kings,1,30,15.6,6,20.0,14,46.67,0.07243262401654953,0.521273597286468,0.2605768830201431,0.5432592546316003,-0.1846652143732001,0.38169043784622175,death,GC Viljoen,2019,10831894.1475,3.5237644741415406
2023,M Markande,Sunrisers Hyderabad,1,18,9.67,4,22.22,4,22.22,0.09158911551217414,0.3040011605052836,0.282240002094779,0.2940062635790427,0.012253330620868655,0.5786089828402905,death,M Markande,2023,5915430.661499999,9.781350098583868
2025,KK Ahmed,Chennai Super Kings,5,52,13.27,14,26.92,16,30.77,0.33484293064906573,0.4211840457308189,0.34163581687689665,0.35854451936717774,0.32871816693418676,0.8950738191536086,death,KK Ahmed,2025,50376000.00000001,1.7767862060378126
2025,M Theekshana,Rajasthan Royals,3,36,11.33,11,30.56,8,22.22,0.20881820295789225,0.3535732448189298,0.3759105365885049,0.2721003555340998,0.20294106082558797,0.7692967130450098,death,M Theekshana,2025,46178000.00000001,1.6659377041989902
2016,A Zampa,Lucknow Super Giants,5,24,8.25,9,37.5,4,16.67,0.3277541585764522,0.2654634008904158,0.4369779499907478,0.23101669797808663,0.44723425311231035,1.0135899053317323,death,A Zampa,2016,4909159.1997,20.646914555015307
2018,AJ Tye,Punjab Kings,11,114,9.53,33,28.95,22,19.3,0.647104846369825,0.3278021529572899,0.35898126339762815,0.28486343170166006,0.861771757880612,1.4281274101000339,death,AJ Tye,2018,107448923.73599999,1.329122117229314
2017,AD Mathews,Delhi Capitals,0,6,12.0,0,0.0,1,16.67,0.029925555245665744,0.43212015482122734,0.034196515602800494,0.25994639001855746,-0.19568469138471944,0.3706709608347024,death,AD Mathews,2017,31196004.192,1.188200125097298
2025,A Zampa,Sunrisers Hyderabad,0,6,22.0,1,16.67,4,66.67,0.019781111421132057,0.7254326498343198,0.24512046604063695,0.7215089031809204,-0.40341792394411485,0.162937728275307,death,A Zampa,2025,25188000.000000004,0.6468863279153048
2014,AB Dinda,Royal Challengers Bengaluru,1,54,12.67,12,22.22,16,29.63,0.08060548566007059,0.4742587355713345,0.2779066108921438,0.4383667020936544,-0.11693329309888112,0.44942235912054074,death,AB Dinda,2014,29055275.7555,1.5467840088747657
2014,Sandeep Sharma,Punjab Kings,4,43,13.12,9,20.93,13,30.23,0.25503011107059187,0.49458438580353054,0.26213724550617246,0.4471628500244996,0.12920373092897738,0.6955593831483993,death,Sandeep Sharma,2014,16464656.261449998,4.2245606109431355
2014,Sandeep Sharma,Punjab Kings,4,43,13.12,9,20.93,13,30.23,0.25503011107059187,0.49458438580353054,0.26213724550617246,0.4471628500244996,0.12920373092897738,0.6955593831483993,death,Sandeep Sharma,2014,1937018.3837,35.90876519301665
2025,Mukesh Kumar,Delhi Capitals,4,63,16.38,10,15.87,26,41.27,0.27183056680347895,0.5295704327596721,0.2375875606095142,0.46470401881130863,0.12778273964081124,0.6941383918602331,death,Mukesh Kumar,2025,83960000.00000001,0.826748918366166
2019,MM Sharma,Chennai Super Kings,1,6,16.0,1,16.67,3,50.0,0.07243262401654953,0.5345856205552781,0.2277982456866557,0.5763392698596377,-0.20974761944918158,0.3566080327702403,death,MM Sharma,2019,72212627.65,0.4938305728170525
2022,AS Joseph,Gujarat Titans,3,42,10.0,12,28.57,9,21.43,0.19722307715151255,0.30951898996221766,0.34629462836403896,0.26043130974171197,0.19778601532907986,0.7641416675485018,death,AS Joseph,2022,29850682.8192,2.55988002745788
2022,NT Ellis,Punjab Kings,2,12,13.5,3,25.0,4,33.33,0.13571306276298048,0.42721042712519663,0.3140725658102326,0.3766794429654072,0.013903360147839688,0.5802590123672615,death,NT Ellis,2022,9328338.381000001,6.220389834368954
2025,Mukesh Choudhary,Chennai Super Kings,0,6,15.0,2,33.33,3,50.0,0.019781111421132057,0.48147615169863756,0.4019932216437673,0.5529680597777145,-0.2082112449879411,0.3581444072314808,death,Mukesh Choudhary,2025,3148500.0000000005,11.375080426599355
2018,YS Chahal,Royal Challengers Bengaluru,1,18,12.33,4,22.22,4,22.22,0.058827713306347715,0.4440204664585098,0.28963232557084917,0.3201650420232971,-0.09852643155961675,0.4678292206598051,death,YS Chahal,2018,89540769.77999999,0.5224762103444641
2023,A Zampa,Rajasthan Royals,1,18,11.33,3,16.67,5,27.78,0.09158911551217414,0.37198101349491325,0.2139463628067161,0.36361136103949254,-0.056308231599537045,0.5100474206198848,death,A Zampa,2023,17746291.9845,2.8741070025522597
2015,CH Morris,Rajasthan Royals,7,96,9.75,23,23.96,18,18.75,0.3649851775921186,0.3109999377244573,0.32884716220789934,0.2462191192083023,0.44786620419827416,1.014221856417696,death,CH Morris,2015,24437467.2178,4.150274033632042
2018,Sandeep Sharma,Sunrisers Hyderabad,2,6,3.0,4,66.67,0,0.0,0.11765542661269546,0.0567644432562308,0.7476650575768407,0.051534294986730206,0.362616591393584,0.9289722436130059,death,Sandeep Sharma,2018,44770384.88999999,2.0749704205033606
2016,IK Pathan,Lucknow Super Giants,0,6,16.0,0,0.0,2,33.33,0.030644980899555925,0.5683620066308832,0.05774746833256665,0.4276064909223003,-0.29233503807993955,0.2740206141394823,death,IK Pathan,2016,16363863.999,1.674547125032497
2015,GS Sandhu,Delhi Capitals,1,24,12.5,4,16.67,7,29.17,0.09591495703624048,0.40874277529500097,0.2464367834564419,0.3599086110809432,-0.053666222850990056,0.5126894293684318,death,GS Sandhu,2015,29674067.3359,1.7277356136082318
2018,BA Stokes,Rajasthan Royals,2,42,10.57,14,33.33,11,26.19,0.11765542661269546,0.37096895511488587,0.4041147474513118,0.36816072454963245,0.03888176474359266,0.6052374169630145,death,BA Stokes,2018,186543270.375,0.324448807907319
2022,SA Abbott,Sunrisers Hyderabad,0,6,18.0,2,33.33,3,50.0,0.012693033985916346,0.578527989191884,0.38925737843578084,0.5395245169854912,-0.2574517862627922,0.30890386595662966,death,SA Abbott,2022,29850682.8192,1.0348301505449726
2025,YS Chahal,Punjab Kings,6,30,10.4,9,30.0,6,20.0,0.3978552944946524,0.3211618814951892,0.370637502786719,0.24965520422305498,0.5046128787130021,1.070968530932424,death,YS Chahal,2025,188910000.00000003,0.5669199782607717
2015,AD Mathews,Delhi Capitals,1,30,9.2,9,30.0,7,23.33,0.09591495703624048,0.2914513702103485,0.39712681757947726,0.29619012427324426,0.057572895462091184,0.6239285476815131,death,AD Mathews,2015,130915002.9525,0.47659056151714985
2025,KT Maphaka,Rajasthan Royals,0,6,16.0,1,16.67,3,50.0,0.019781111421132057,0.516327080003735,0.24512046604063695,0.5529680597777145,-0.26921344299091915,0.2971422092285027,death,KT Maphaka,2025,15742500.000000002,1.8875160186025262
2015,A Mishra,Delhi Capitals,0,25,10.08,5,20.0,4,16.0,0.051069920276927465,0.3227290782329225,0.284081030540441,0.21621469476974547,-0.03212685014656916,0.5342288020728527,death,A Mishra,2015,61093668.0445,0.8744421789893609
2019,JD Unadkat,Rajasthan Royals,6,68,13.68,13,19.12,21,30.88,0.31831384020166104,0.4573758855961796,0.25191466054162387,0.38640236560736246,0.2541740945442982,0.82052974676372,death,JD Unadkat,2019,121317214.452,0.6763506320765124
2024,AS Joseph,Royal Challengers Bengaluru,0,22,15.0,4,18.18,8,36.36,0.01568369930783994,0.47861086701802297,0.22271243912061622,0.41276984035666925,-0.2249360182162652,0.34141963400315667,death,AS Joseph,2024,127511626.25,0.26775568945671463
2014,P Negi,Chennai Super Kings,0,6,8.0,2,33.33,1,16.67,0.022463943856563494,0.263323654272767,0.4137187422395406,0.24836990678739682,-0.022028895288618427,0.5443267569308035,death,P Negi,2014,1937018.3837,28.101269534213532
2022,R Shepherd,Sunrisers Hyderabad,0,6,17.0,1,16.67,2,33.33,0.012693033985916346,0.5449018642881757,0.23888775318468428,0.3766794429654072,-0.2402587016706126,0.3260969505488093,death,R Shepherd,2022,96392829.937,0.3383000071290969
2024,Arshdeep Singh,Punjab Kings,9,86,12.35,30,34.88,26,30.23,0.5191417045237455,0.3747454076533978,0.4272942726362538,0.3431802055550636,0.6540486138486162,1.220404266068038,death,Arshdeep Singh,2024,2217593.5,55.032821212185105
2023,VG Arora,Kolkata Knight Riders,3,36,11.33,8,22.22,7,19.44,0.19846098425491068,0.37198101349491325,0.282240002094779,0.2592037148488179,0.15580995715818907,0.722165609377611,death,VG Arora,2023,7098516.793799999,10.173471872439132
2025,V Puthur,Mumbai Indians,0,12,12.0,2,16.67,3,25.0,0.019781111421132057,0.3769233667833451,0.24512046604063695,0.30020734681549827,-0.13762374381409836,0.4287319084053235,death,V Puthur,2025,3148500.0000000005,13.617021070520039
2014,R Shukla,Delhi Capitals,0,12,21.0,4,33.33,6,50.0,0.022463943856563494,0.8505091054250964,0.4137187422395406,0.7369959243458508,-0.4034908810170864,0.16286477120233545,death,R Shukla,2014,7748073.5348,2.1020034266690715
2025,Azmatullah Omarzai,Punjab Kings,3,36,11.5,8,22.22,10,27.78,0.20881820295789225,0.35949790263079645,0.2973799974690507,0.32831433809689675,0.16014784119616599,0.7265034934155878,death,Azmatullah Omarzai,2025,25188000.000000004,2.8843238582483233
2021,MM Ali,Chennai Super Kings,0,8,4.5,2,25.0,0,0.0,0.020690148713191556,0.17280138468487952,0.27129592952518367,0.059887875951924324,0.025337085267813315,0.5916927374872352,death,MM Ali,2021,92828160.90100001,0.6374065065430603
2024,PJ Cummins,Sunrisers Hyderabad,4,90,11.67,18,20.0,26,28.89,0.2394428127371313,0.3480931388353054,0.24500818385106296,0.32796811572893775,0.19503898400821235,0.7613946362276343,death,PJ Cummins,2024,227303333.75,0.3349685302306457
2022,D Pretorius,Chennai Super Kings,1,54,13.44,16,29.63,16,29.63,0.07420304837444841,0.4251928596309741,0.35586196346404875,0.3405350654084599,-0.05417450187404038,0.5121811503453815,death,D Pretorius,2022,6218892.254000001,8.235890403406584
2023,MM Sharma,Gujarat Titans,13,91,8.18,30,32.97,14,15.38,0.7328203279685935,0.24298309968929072,0.4145204745896757,0.20837697101978436,1.0638803031481414,1.6302359553675632,death,MM Sharma,2023,5915430.661499999,27.55904089921625
2021,AF Milne,Mumbai Indians,0,12,13.5,2,16.67,4,33.33,0.020690148713191556,0.5195543605723041,0.1862195349528713,0.4881170890212428,-0.2673557873796457,0.29899986483977614,death,AF Milne,2021,42435730.6976,0.7045945949899395
2016,JD Unadkat,Kolkata Knight Riders,0,6,22.0,1,16.67,3,50.0,0.030644980899555925,0.8028641530105999,0.22632805844568346,0.624314284942711,-0.39457405780401433,0.17178159441540752,death,JD Unadkat,2016,26182182.398399998,0.6561011293921211
2025,Washington Sundar,Gujarat Titans,1,12,4.5,4,33.33,0,0.0,0.08279347526671879,0.11554140449511413,0.4019932216437673,0.04744663385328201,0.1843376274391781,0.7506932796585999,death,Washington Sundar,2025,33584000.0,2.235270604033468
2014,PJ Cummins,Kolkata Knight Riders,0,6,4.0,2,33.33,0,0.0,0.022463943856563494,0.082651207764358,0.4137187422395406,0.003983596775412703,0.1235559763183404,0.6899116285377622,death,PJ Cummins,2014,19370183.836999997,3.5617195703632203
2020,PJ Cummins,Kolkata Knight Riders,2,48,11.25,15,31.25,14,29.17,0.14345438744251565,0.3642198722720606,0.4119733311453912,0.3613227847621552,0.08468879616992002,0.6510444483893418,death,PJ Cummins,2020,215352713.5215,0.30231541443955107
2016,P Kumar,Gujarat Titans,6,69,11.04,14,20.29,18,26.09,0.3871759941118315,0.37450689895698414,0.26293644094175317,0.34217371175566724,0.4071900503407793,0.9735457025602012,death,P Kumar,2016,57273523.99649999,1.6998180566289145
2013,DP Nannes,Chennai Super Kings,1,23,11.22,8,34.78,6,26.09,0.09028454475051194,0.3850747413898461,0.4336812970699842,0.34473643651178115,0.008080378737290353,0.5744360309567123,death,DP Nannes,2013,73879430.77128,0.7775317499874664
2025,E Malinga,Sunrisers Hyderabad,6,40,7.8,19,47.5,9,22.5,0.3978552944946524,0.23054946790193578,0.5354198090925282,0.27493127551927665,0.5827097146531797,1.1490653668726014,death,E Malinga,2025,12594000.000000002,9.123911123333343
2020,Shahbaz Ahmed,Royal Challengers Bengaluru,1,6,6.0,1,16.67,0,0.0,0.08714445053161778,0.1804560820002164,0.24124042935556925,0.05268235010334601,0.11510166677300708,0.6814573189924289,death,Shahbaz Ahmed,2020,2778744.6906,24.523926983924724
2014,A Mishra,Sunrisers Hyderabad,2,27,16.67,5,18.52,10,37.04,0.1387470274635777,0.6549311820797437,0.2326766481571872,0.5469991290395932,-0.14814867590125272,0.41820697631816917,death,A Mishra,2014,92008373.22575,0.45453143192964024
2014,A Mishra,Sunrisers Hyderabad,2,27,16.67,5,18.52,10,37.04,0.1387470274635777,0.6549311820797437,0.2326766481571872,0.5469991290395932,-0.14814867590125272,0.41820697631816917,death,A Mishra,2014,1937018.3837,21.59024301665791
2014,A Mishra,Sunrisers Hyderabad,2,27,16.67,5,18.52,10,37.04,0.1387470274635777,0.6549311820797437,0.2326766481571872,0.5469991290395932,-0.14814867590125272,0.41820697631816917,death,A Mishra,2014,1937018.3837,21.59024301665791
2025,HV Patel,Sunrisers Hyderabad,7,77,10.44,26,33.77,15,19.48,0.4608676583402392,0.3225559186273931,0.4061363196308848,0.2443977813934409,0.6108006815306346,1.1771563337500566,death,HV Patel,2025,83960000.00000001,1.4020442279062129
2018,BCJ Cutting,Mumbai Indians,0,30,12.8,2,6.67,9,30.0,0.0,0.4635285405105003,0.12939815273185784,0.41422207226382324,-0.27085859206378976,0.2954970601556321,death,BCJ Cutting,2018,32831615.586,0.9000381336142271
2022,Washington Sundar,Sunrisers Hyderabad,0,12,18.5,1,8.33,6,50.0,0.012693033985916346,0.5953410516437381,0.16361268268083398,0.5395245169854912,-0.33187041997001787,0.23448523224940399,death,Washington Sundar,2022,108830614.44500001,0.2154588885169865
2018,SR Watson,Chennai Super Kings,1,12,12.5,3,25.0,3,25.0,0.058827713306347715,0.4510765783496553,0.31827869216200005,0.35377410938430776,-0.10283768654703289,0.46351796567238895,death,SR Watson,2018,59693846.519999996,0.7764920384500446
2016,R Bhatia,Lucknow Super Giants,0,12,9.5,2,16.67,1,8.33,0.030644980899555925,0.3143180147195235,0.22632805844568346,0.13260380042978276,-0.051642457133705286,0.5147131950857166,death,R Bhatia,2016,9818318.3994,5.2423762822477915
2018,CJ Jordan,Sunrisers Hyderabad,0,6,13.0,2,33.33,2,33.33,0.0,0.47182984861773025,0.4041147474513118,0.4544804155415806,-0.20384163987417273,0.36251401234524916,death,CJ Jordan,2018,14923461.629999999,2.4291549865113247
2013,DJG Sammy,Sunrisers Hyderabad,1,26,11.77,6,23.08,6,23.08,0.09028454475051194,0.406507497546801,0.29275208208708636,0.3102790059447698,-0.03243425905025754,0.5339213931691643,death,DJG Sammy,2013,52331263.46299,1.020272314936113
2022,JO Holder,Lucknow Super Giants,6,66,10.91,13,19.7,14,21.21,0.38175312031710873,0.34011876362459215,0.2662358903101838,0.2582821845896773,0.4389682867419782,1.0053239389614,death,JO Holder,2022,108830614.44500001,0.9237510456852771
2023,SM Curran,Punjab Kings,7,83,10.99,17,20.48,20,24.1,0.41220472174038386,0.35805742914763966,0.2608290232909539,0.3175418001304179,0.4580702778996807,1.0244259301191025,death,SM Curran,2023,218870934.4755,0.46805023817987806
2014,AR Patel,Punjab Kings,5,54,7.56,21,38.89,8,14.81,0.313171652874099,0.24344968515684198,0.4816859294845025,0.2211018482017765,0.4505528296332295,1.0169084818526515,death,AR Patel,2014,14527637.87775,6.9998198634212345
2025,TU Deshpande,Rajasthan Royals,5,36,12.67,8,22.22,10,27.78,0.33484293064906573,0.4002734887477604,0.2973799974690507,0.32831433809689675,0.33287469828614064,0.8992303505055625,death,TU Deshpande,2025,68217500.0,1.3181813325108112
2022,UT Yadav,Kolkata Knight Riders,1,12,14.0,3,25.0,4,33.33,0.07420304837444841,0.4440234895770508,0.3140725658102326,0.3766794429654072,-0.0850868864157001,0.48126876580372174,death,UT Yadav,2022,24875569.016000003,1.9347045508553753
2025,Arshdeep Singh,Punjab Kings,11,86,10.4,27,31.4,20,23.26,0.712917113722586,0.3211618814951892,0.3838200872911837,0.282615201193328,0.97127238381516,1.5376280360345818,death,Arshdeep Singh,2025,188910000.00000003,0.8139474014263838
2025,Arshdeep Singh,Punjab Kings,11,86,10.4,27,31.4,20,23.26,0.712917113722586,0.3211618814951892,0.3838200872911837,0.282615201193328,0.97127238381516,1.5376280360345818,death,Arshdeep Singh,2025,3148500.0000000005,48.836844085583024
2025,Arshdeep Singh,Punjab Kings,11,86,10.4,27,31.4,20,23.26,0.712917113722586,0.3211618814951892,0.3838200872911837,0.282615201193328,0.97127238381516,1.5376280360345818,death,Arshdeep Singh,2025,3148500.0000000005,48.836844085583024
2022,TG Southee,Kolkata Knight Riders,7,66,10.45,20,30.3,13,19.7,0.4432631347056408,0.32465074616888634,0.36190924131028135,0.24353137104616635,0.5705477646701412,1.136903416889563,death,TG Southee,2022,18656676.762000002,6.093815267278537
2014,R Dhawan,Punjab Kings,3,38,10.74,6,15.79,7,18.42,0.19688856926708478,0.3870842801310272,0.1993042702473408,0.2740253382523622,0.11808282144670987,0.6844384736661318,death,R Dhawan,2014,58110551.511,1.177821335143535
2014,NM Coulter-Nile,Delhi Capitals,1,12,12.0,3,25.0,3,25.0,0.08060548566007059,0.443996100781176,0.31189020451462474,0.3704897605606318,-0.07427007863616665,0.4920855735832552,death,NM Coulter-Nile,2014,82323281.30725,0.5977477643859642
2016,Iqbal Abdulla,Royal Challengers Bengaluru,0,18,11.67,2,11.11,4,22.22,0.030644980899555925,0.39912962432685434,0.17010081903183044,0.2965072952674255,-0.1516063212520864,0.41474933096733546,death,Iqbal Abdulla,2016,1636386.3998999998,25.345439866322582
2014,KK Cooper,Rajasthan Royals,1,42,8.29,10,23.81,6,14.29,0.08060548566007059,0.27642240664462664,0.29734327055392246,0.21347851999504394,0.035498690999918786,0.6018543432193406,death,KK Cooper,2014,5811055.151099999,10.357057841817472
2019,Mohammed Shami,Punjab Kings,11,114,10.26,30,26.32,24,21.05,0.5641950563867726,0.34355808664785337,0.3227873899113262,0.288751750084357,0.7190800418691082,1.28543569408853,death,Mohammed Shami,2019,69324122.544,1.8542401214997917
2024,JD Unadkat,Sunrisers Hyderabad,2,37,12.97,8,21.62,10,27.03,0.1275632560224856,0.3990460056934234,0.26485384674299906,0.3068528268658078,0.01912678771951641,0.5854824399389382,death,JD Unadkat,2024,17740748.0,3.300212820445554
2025,Akash Deep,Lucknow Super Giants,0,6,8.0,0,0.0,0,0.0,0.019781111421132057,0.23751965356295526,0.08815354911961755,0.04744663385328201,-0.05312411971358337,0.5132315325058385,death,Akash Deep,2025,83960000.00000001,0.6112810058430663
2022,AR Patel,Delhi Capitals,0,6,14.0,0,0.0,2,33.33,0.012693033985916346,0.4440234895770508,0.08842787005528566,0.3766794429654072,-0.24504531672498225,0.3213103354944396,death,AR Patel,2022,2487556.9016,12.916702942062244
2013,R McLaren,Kolkata Knight Riders,2,12,15.0,4,33.33,4,33.33,0.13458128664456515,0.5323762291594636,0.41621571059774476,0.42761743229422705,-0.014499078205882407,0.5518565740135395,death,R McLaren,2013,6156619.23094,8.963630091661221
2018,Shivam Mavi,Kolkata Knight Riders,1,30,15.4,8,26.67,9,30.0,0.058827713306347715,0.5714455459044901,0.33548712101351874,0.41422207226382324,-0.16395713377736584,0.402398518442056,death,Shivam Mavi,2018,44770384.88999999,0.8988051352043135
2024,LH Ferguson,Royal Challengers Bengaluru,2,30,12.6,10,33.33,10,33.33,0.1275632560224856,0.3845440358953436,0.40830613838779645,0.37837235366028016,0.046507405093845836,0.6128630573132677,death,LH Ferguson,2024,22175935.0,2.763640213200786
2015,GB Hogg,Kolkata Knight Riders,3,36,7.33,11,30.56,4,11.11,0.18560503055486655,0.22498624066237882,0.4034573816536633,0.16286137276809343,0.2605918522330192,0.826947504452441,death,GB Hogg,2015,8727666.863499999,9.475012249961335
2022,Arshdeep Singh,Punjab Kings,4,102,7.94,21,20.59,12,11.76,0.25873309154004465,0.2402491726605786,0.27426884147905994,0.16596749055909574,0.32449037352182475,0.8908460257412466,death,Arshdeep Singh,2022,6218892.254000001,14.324834542168714
2022,Arshdeep Singh,Punjab Kings,4,102,7.94,21,20.59,12,11.76,0.25873309154004465,0.2402491726605786,0.27426884147905994,0.16596749055909574,0.32449037352182475,0.8908460257412466,death,Arshdeep Singh,2022,2487556.9016,35.81208635542179
2022,Arshdeep Singh,Punjab Kings,4,102,7.94,21,20.59,12,11.76,0.25873309154004465,0.2402491726605786,0.27426884147905994,0.16596749055909574,0.32449037352182475,0.8908460257412466,death,Arshdeep Singh,2022,2487556.9016,35.81208635542179
2014,Mohammed Shami,Delhi Capitals,1,42,14.0,6,14.29,14,33.33,0.08060548566007059,0.5343323240353804,0.18096779886830433,0.49260961433386674,-0.18631724576371503,0.38003840645570686,death,Mohammed Shami,2014,82323281.30725,0.4616414705790376
2021,TK Curran,Delhi Capitals,1,26,14.77,4,15.38,10,38.46,0.07000576712817456,0.5684850582808629,0.17304443903471006,0.5540281560193108,-0.23668048771546354,0.3296751645039583,death,TK Curran,2021,69621120.67575,0.47352751766144535
2025,JR Hazlewood,Royal Challengers Bengaluru,6,71,10.23,27,38.03,18,25.35,0.3978552944946524,0.31523722368332263,0.44624904105161317,0.3037459967969693,0.5134389655450428,1.0797946177644646,death,JR Hazlewood,2025,131187500.00000001,0.82309261001579
2024,G Coetzee,Mumbai Indians,6,42,8.43,15,35.71,7,16.67,0.351322369451777,0.2211029168196882,0.43746211226607296,0.1892429383593421,0.5130081396218096,1.0793637918412315,death,G Coetzee,2024,55439837.5,1.9469100930197198
2021,DT Christian,Royal Challengers Bengaluru,0,10,8.4,2,20.0,2,20.0,0.020690148713191556,0.3230610075694302,0.2202296662764968,0.31685110011593187,-0.12717561010981526,0.4391800421096066,death,DT Christian,2021,63653596.0464,0.6899532302769953
2021,JA Richardson,Punjab Kings,1,12,13.5,2,16.67,4,33.33,0.07000576712817456,0.5195543605723041,0.1862195349528713,0.4881170890212428,-0.19338235975717122,0.37297329246225064,death,JA Richardson,2021,185656321.80200002,0.20089447471657962
2016,A Nehra,Sunrisers Hyderabad,3,18,8.67,6,33.33,3,16.67,0.20891048750569371,0.281878551136996,0.394807520430358,0.23101669797808663,0.24975155753942357,0.8161072097588454,death,A Nehra,2016,90001251.9945,0.9067731744539709
2025,SH Johnson,Kolkata Knight Riders,1,14,13.29,4,28.57,4,28.57,0.08279347526671879,0.4218810642969208,0.35717243432858714,0.3363015766265028,-0.03830095550806484,0.5280546967113571,death,SH Johnson,2025,29386000.000000004,1.7969601058713573
2013,NLTC Perera,Sunrisers Hyderabad,9,112,10.98,34,30.36,29,25.89,0.44465847990293755,0.37572226597590214,0.38044137140977835,0.34244690624154783,0.5280971530145147,1.0944528052339364,death,NLTC Perera,2013,83114359.61769001,1.3168035105705052
2017,K Rabada,Delhi Capitals,1,38,11.68,13,34.21,11,28.95,0.08016175347345095,0.41930162913418584,0.4261845962041234,0.39736174021038845,-0.03883116464537742,0.5275244875740445,death,K Rabada,2017,77990010.48,0.6764000726853658
2014,BW Hilfenhaus,Chennai Super Kings,2,48,11.63,11,22.92,15,31.25,0.1387470274635777,0.42728389947914824,0.28646363086902754,0.4621163015069366,-0.015488819787665475,0.5508668324317564,death,BW Hilfenhaus,2014,19370183.836999997,2.843890574644506
2017,CR Woakes,Kolkata Knight Riders,8,84,10.21,22,26.19,18,21.43,0.43181514106794733,0.360416526759339,0.3342891151628311,0.31321162348053755,0.5098793484028734,1.0762350006222952,death,CR Woakes,2017,65511608.80320001,1.642815708976643
2016,SB Jakati,Gujarat Titans,1,6,10.0,1,16.67,1,16.67,0.09006681643493518,0.33385986025116654,0.22632805844568346,0.23101669797808663,0.000149688692215183,0.5665053409116371,death,SB Jakati,2016,3272772.7997999997,17.309644621412655
2025,Akash Madhwal,Rajasthan Royals,2,30,11.0,9,30.0,7,23.33,0.14580583911230552,0.3420724384782477,0.370637502786719,0.2833229311896222,0.10807415475628823,0.6744298069757101,death,Akash Madhwal,2025,12594000.000000002,5.355167595487613
2023,Mukesh Kumar,Delhi Capitals,2,54,10.44,18,33.33,12,22.22,0.14502504988354242,0.3355339838799913,0.4189503322732257,0.2940062635790427,0.120807201881572,0.6871628541009939,death,Mukesh Kumar,2023,65069737.276499994,1.0560406155952984
2022,J Suchith,Sunrisers Hyderabad,1,6,17.0,2,33.33,3,50.0,0.07420304837444841,0.5449018642881757,0.38925737843578084,0.5395245169854912,-0.15173631471851076,0.41461933750091107,death,J Suchith,2022,2487556.9016,16.66773279574941
2023,D Jansen,Mumbai Indians,1,12,12.0,3,25.0,3,25.0,0.09158911551217414,0.3994186650027758,0.3164483475399709,0.3288088123092676,-0.02609193216363813,0.5402637200557837,death,D Jansen,2023,2366172.2646,22.832814336411595
2019,Arshdeep Singh,Punjab Kings,2,12,12.0,4,33.33,3,25.0,0.12160886725357183,0.4014653878671773,0.3917898667004393,0.3279908071866837,0.04096686358761349,0.6073225158070353,death,Arshdeep Singh,2019,2888505.106,21.025495663674114
2019,Arshdeep Singh,Punjab Kings,2,12,12.0,4,33.33,3,25.0,0.12160886725357183,0.4014653878671773,0.3917898667004393,0.3279908071866837,0.04096686358761349,0.6073225158070353,death,Arshdeep Singh,2019,11554020.424,5.2563739159185285
2024,HV Patel,Punjab Kings,14,102,11.12,28,27.45,23,22.55,0.7988405963103598,0.3265361567030246,0.3362737323355839,0.2559944967008496,1.0917302024747502,1.6580858546941721,death,HV Patel,2024,130283618.125,1.2726740925350488
2025,VG Arora,Kolkata Knight Riders,6,54,11.56,18,33.33,15,27.78,0.3978552944946524,0.36158895832910226,0.4019932216437673,0.32831433809689675,0.47425102347439874,1.0406066756938206,death,VG Arora,2025,18891000.0,5.508478511957126
2016,KW Richardson,Royal Challengers Bengaluru,3,24,10.0,8,33.33,4,16.67,0.20891048750569371,0.33385986025116654,0.394807520430358,0.23101669797808663,0.22895903389375533,0.7953146861131772,death,KW Richardson,2016,32727727.998,2.430094402403305
2022,PH Solanki,Chennai Super Kings,1,12,7.5,5,41.67,2,16.67,0.07420304837444841,0.22545367770294694,0.4645324489396312,0.2139320564522339,0.09630321922671302,0.6626588714461349,death,PH Solanki,2022,14925341.4096,4.439823875786933
2021,CH Morris,Rajasthan Royals,9,66,11.64,20,30.3,19,28.79,0.4645307144480385,0.44789207888890303,0.3254261685687918,0.4297864371360131,0.4863311595463302,1.052686811765752,death,CH Morris,2021,215493944.94875,0.48849948522502945
2014,MK Tiwary,Delhi Capitals,0,6,17.0,0,0.0,2,33.33,0.022463943856563494,0.6698366589166873,0.006282348197350251,0.49260961433386674,-0.3801369276227846,0.18621872459663724,death,MK Tiwary,2014,54236514.743599996,0.3433456693833952
2014,BE Hendricks,Punjab Kings,4,30,10.8,10,33.33,7,23.33,0.25503011107059187,0.3897943668286533,0.4137187422395406,0.3460071488197792,0.2469408979003549,0.8132965501197768,death,BE Hendricks,2014,34866330.9066,2.3326129505809985
2016,AB Dinda,Lucknow Super Giants,5,57,10.74,18,31.58,15,26.32,0.3277541585764522,0.3627817916379983,0.37711009795297623,0.34488773650819843,0.3561852296429123,0.9225408818623342,death,AB Dinda,2016,8181931.9995,11.275342815348635
2023,J Little,Gujarat Titans,0,48,10.63,11,22.92,11,22.92,0.038153181140805834,0.34331481042699713,0.29085361425723744,0.3027694952737037,-0.08367091676453,0.4826847354548919,death,J Little,2023,52055789.8212,0.9272450521119862
2014,AD Russell,Kolkata Knight Riders,0,12,13.0,1,8.33,3,25.0,0.022463943856563494,0.4891642124082783,0.10811088592226609,0.3704897605606318,-0.2406834315699758,0.32567222064944606,death,AD Russell,2014,11622110.302199999,2.8021780225902533
2022,R Parag,Rajasthan Royals,0,6,14.0,0,0.0,2,33.33,0.012693033985916346,0.4440234895770508,0.08842787005528566,0.3766794429654072,-0.24504531672498225,0.3213103354944396,death,R Parag,2022,47263581.1304,0.6798264706348549
2014,HV Patel,Royal Challengers Bengaluru,1,6,11.0,2,33.33,1,16.67,0.08060548566007059,0.3988279891540738,0.4137187422395406,0.24836990678739682,0.010981683464119471,0.5773373356835413,death,HV Patel,2014,7748073.5348,7.451366240788317
2019,M Ashwin,Punjab Kings,1,6,6.0,2,33.33,0,0.0,0.07243262401654953,0.20178503883502602,0.3917898667004393,0.07964234451372974,0.12157917714682673,0.6879348293662486,death,M Ashwin,2019,2888505.106,23.816292653846137
2025,Yash Thakur,Punjab Kings,1,9,10.67,2,22.22,2,22.22,0.08279347526671879,0.33057163213756546,0.2973799974690507,0.2721003555340998,-0.0004545473744627382,0.5659011048449591,death,Yash Thakur,2025,16792000.0,3.3700637496722194
2021,Mujeeb Ur Rahman,Sunrisers Hyderabad,1,6,8.0,4,66.67,1,16.67,0.07000576712817456,0.30764976419665574,0.6968821674397404,0.2740667232926246,0.10879337825773426,0.6751490304771561,death,Mujeeb Ur Rahman,2021,13261165.843,5.091174022482633
2021,Mujeeb Ur Rahman,Sunrisers Hyderabad,1,6,8.0,4,66.67,1,16.67,0.07000576712817456,0.30764976419665574,0.6968821674397404,0.2740667232926246,0.10879337825773426,0.6751490304771561,death,Mujeeb Ur Rahman,2021,19891748.7645,3.3941160149884224
2014,Z Khan,Mumbai Indians,1,32,8.81,6,18.75,5,15.63,0.08060548566007059,0.2999098246907198,0.2354882404353061,0.2331232503739317,0.0016537956322302816,0.5680094478516522,death,Z Khan,2014,50362477.9762,1.1278425341185132
2022,KK Ahmed,Delhi Capitals,5,67,11.01,27,40.3,20,29.85,0.3202431059285767,0.343481376114963,0.45216711961226,0.34268419056049465,0.3758169871624095,0.9421726393818314,death,KK Ahmed,2022,65298368.667,1.4428731660764742
2024,SN Thakur,Chennai Super Kings,4,42,9.14,11,26.19,7,16.67,0.2394428127371313,0.2489310210268142,0.3208382167529669,0.1892429383593421,0.29907039421305875,0.8654260464324806,death,SN Thakur,2024,44351870.0,1.95127295970267
2025,Mohammed Shami,Sunrisers Hyderabad,0,6,27.0,0,0.0,4,66.67,0.019781111421132057,0.8996872913598071,0.08815354911961755,0.7215089031809204,-0.5202098556306156,0.04614579658880624,death,Mohammed Shami,2025,104950000.00000001,0.0439693154728978
2020,CH Morris,Royal Challengers Bengaluru,7,58,7.03,25,43.1,7,12.07,0.4250040719970051,0.21650878752021632,0.5507377266330037,0.1803919848764631,0.6620063155143833,1.2283619677338051,death,CH Morris,2020,138937234.53,0.8841128671440277
2022,DR Sams,Mumbai Indians,1,24,11.0,9,37.5,6,25.0,0.07420304837444841,0.3431451148659259,0.426894913687706,0.2953057497088205,0.01352327580896788,0.5798789280283897,death,DR Sams,2022,32338239.7208,1.7931678812295118
2017,Basil Thampi,Gujarat Titans,7,94,10.91,17,18.09,21,22.34,0.3815789428401621,0.3884570516997422,0.24147697096900722,0.32339468281885725,0.3924102800253912,0.958765932244813,death,Basil Thampi,2017,13258301.7816,7.231438445422909
2016,NLTC Perera,Lucknow Super Giants,7,61,12.59,11,18.03,17,27.87,0.44659782964721073,0.4350866201050776,0.24008148391382014,0.3631779033187345,0.4589331706073108,1.0252888228267327,death,NLTC Perera,2016,16363863.999,6.265566756662047
2022,R Dhawan,Punjab Kings,1,6,15.0,2,33.33,2,33.33,0.07420304837444841,0.47764961448075904,0.38925737843578084,0.3766794429654072,-0.0759818925895189,0.49037375962990293,death,R Dhawan,2022,6840781.479400001,7.168388013951196
2022,LH Ferguson,Gujarat Titans,2,82,11.05,24,29.27,22,26.83,0.13571306276298048,0.3448264211111114,0.35261267984517747,0.31318256347347284,0.07746806061153756,0.6438237128309594,death,LH Ferguson,2022,124377845.08,0.5176353653794622
2025,R Shepherd,Royal Challengers Bengaluru,2,12,12.0,3,25.0,3,25.0,0.14580583911230552,0.3769233667833451,0.32355684384220207,0.30020734681549827,0.07494426106313139,0.6412999132825532,death,R Shepherd,2025,15742500.000000002,4.073685331316837
2013,B Laughlin,Chennai Super Kings,0,18,15.0,3,16.67,7,38.89,0.04598780285645874,0.5323762291594636,0.21554214464773816,0.4912663738067132,-0.22668605612678983,0.33966959609263203,death,B Laughlin,2013,2462647.6923760003,13.792861932472102
2022,CJ Jordan,Chennai Super Kings,1,29,14.28,6,20.69,9,31.03,0.07420304837444841,0.45343880455008906,0.2751714202620797,0.3542113163759535,-0.09378291809252515,0.4725727341268967,death,CJ Jordan,2022,44776024.2288,1.0554146828939255
2022,Fazalhaq Farooqi,Sunrisers Hyderabad,0,18,16.0,3,16.67,7,38.89,0.012693033985916346,0.5112757393844674,0.23888775318468428,0.43099369680773875,-0.24310252786182876,0.3232531243575931,death,Fazalhaq Farooqi,2022,6218892.254000001,5.197921288147037
2020,SM Curran,Chennai Super Kings,8,66,10.82,21,31.82,15,22.73,0.481314008907903,0.3491687427831286,0.41864807421947886,0.2931827642204091,0.6199431092483239,1.1862987614677456,death,SM Curran,2020,76415478.9915,1.5524325400089454
2025,V Nigam,Delhi Capitals,2,24,6.0,10,41.67,2,8.33,0.14580583911230552,0.16781779695276036,0.4805237607632215,0.13166650341229244,0.25623881709263285,0.8225944693120547,death,V Nigam,2025,5247500.000000001,15.675930811092035
2022,Yash Dayal,Gujarat Titans,3,54,8.89,16,29.63,7,12.96,0.19722307715151255,0.27219399131910144,0.35586196346404875,0.17768999138837596,0.24040861082233012,0.806764263041752,death,Yash Dayal,2022,39800910.4256,2.0269995193950137
2022,R Tewatia,Gujarat Titans,0,6,9.0,2,33.33,1,16.67,0.012693033985916346,0.27589286505850935,0.38925737843578084,0.2139320564522339,-0.03871999844946512,0.5276356537699567,death,R Tewatia,2022,111940060.572,0.4713555192607572
2018,Basil Thampi,Sunrisers Hyderabad,3,19,9.79,5,26.32,4,21.05,0.17648313991904316,0.3385938534966889,0.3318805640685897,0.3060202187094905,0.1370452720876189,0.7034009243070407,death,Basil Thampi,2018,14177288.5485,4.961462989913277
2015,HH Pandya,Mumbai Indians,0,12,18.0,2,16.67,7,58.33,0.051069920276927465,0.6042284504360884,0.2464367834564419,0.6780646171276044,-0.2945748498603929,0.27178080235902896,death,HH Pandya,2015,1745533.3727,15.570071968239544
2025,LH Ferguson,Punjab Kings,0,12,13.0,3,25.0,3,25.0,0.019781111421132057,0.4117742950884426,0.32355684384220207,0.30020734681549827,-0.1280332017956678,0.43832245042375406,death,LH Ferguson,2025,20990000.000000004,2.088244165906403
2021,NM Coulter-Nile,Mumbai Indians,4,48,6.25,20,41.67,6,12.5,0.21795262237312354,0.24022557444076761,0.4415508511963058,0.220489891054429,0.29715699182594135,0.8635126440453632,death,NM Coulter-Nile,2021,66305829.215,1.302317841837676
2022,JR Hazlewood,Royal Challengers Bengaluru,8,87,10.97,25,28.74,22,25.29,0.5047731490941729,0.3421363311188147,0.3478290122951726,0.2981386874092299,0.6352122886595163,1.2015679408789381,death,JR Hazlewood,2022,96392829.937,1.2465324875971102
2022,OC McCoy,Rajasthan Royals,8,59,8.54,24,40.68,10,16.95,0.5047731490941729,0.26042484760280354,0.45559691898773524,0.21666730664573255,0.7246686683027388,1.2910243205221605,death,OC McCoy,2022,9328338.381000001,13.8398101333001
2014,JD Unadkat,Delhi Capitals,3,67,12.63,12,17.91,21,31.34,0.19688856926708478,0.4724520111062505,0.2252198164630457,0.4634357236965634,0.0348872772880717,0.6012429295074936,death,JD Unadkat,2014,54236514.743599996,1.1085574586601572
2025,K Rabada,Gujarat Titans,1,24,11.25,6,25.0,6,25.0,0.08279347526671879,0.3507851705545221,0.32355684384220207,0.30020734681549827,-0.0091190062137195,0.5572366460057023,death,K Rabada,2025,112821250.00000001,0.49391107260884126
2025,Vijaykumar Vyshak,Punjab Kings,1,30,13.8,9,30.0,10,33.33,0.08279347526671879,0.4396550377325206,0.370637502786719,0.38442721637450866,-0.055808716269266964,0.5105469359501549,death,Vijaykumar Vyshak,2025,18891000.0,2.702593488699142
2017,MG Johnson,Mumbai Indians,5,18,9.67,8,44.44,4,22.22,0.28110654638459176,0.33878526466245645,0.543402896834101,0.32205186180721074,0.3525510242199722,0.918906676439394,death,MG Johnson,2017,31196004.192,2.945590950635406
2016,DR Smith,Gujarat Titans,0,6,21.0,0,0.0,3,50.0,0.030644980899555925,0.7637804619473137,0.05774746833256665,0.624314284942711,-0.4295147584126349,0.13684089380678693,death,DR Smith,2016,37636887.1977,0.36358185810634547
2025,Sandeep Sharma,Rajasthan Royals,7,93,12.45,19,20.43,22,23.66,0.4608676583402392,0.39260628452063895,0.2805251215669136,0.28665937260072344,0.5324186983919602,1.098774350611382,death,Sandeep Sharma,2025,27287000.000000004,4.026731962514684
2014,MG Johnson,Punjab Kings,9,75,8.72,27,36.0,12,16.0,0.5457378200881273,0.2958446946442807,0.4463576612942255,0.2385475415979529,0.7626118881833605,1.3289675404027823,death,MG Johnson,2014,125906194.94049999,1.0555219630224058
2025,NT Ellis,Chennai Super Kings,1,12,11.0,3,25.0,3,25.0,0.08279347526671879,0.3420724384782477,0.32355684384220207,0.30020734681549827,-0.00563391338320976,0.5607217388362121,death,NT Ellis,2025,20990000.000000004,2.6713756018876227
2017,LH Ferguson,Lucknow Super Giants,0,12,11.5,4,33.33,3,25.0,0.029925555245665744,0.412091208435225,0.41610130152627584,0.3531605485770226,-0.10106592462081544,0.46528972759860643,death,LH Ferguson,2017,7799001.048,5.966016990316044
2022,R Sai Kishore,Gujarat Titans,1,6,16.0,1,16.67,2,33.33,0.07420304837444841,0.5112757393844674,0.23888775318468428,0.3766794429654072,-0.1345432301263312,0.4318124220930907,death,R Sai Kishore,2022,37313353.524000004,1.157259751030816
2025,KV Sharma,Mumbai Indians,1,6,5.0,2,33.33,0,0.0,0.08279347526671879,0.13296686864766288,0.4019932216437673,0.04744663385328201,0.1773674417781586,0.7437230939975805,death,KV Sharma,2025,5247500.000000001,14.172903172893385
2025,JD Unadkat,Sunrisers Hyderabad,6,23,6.78,15,65.22,4,17.39,0.3978552944946524,0.19500152103073637,0.702273664391896,0.22326698578979964,0.6624843369103128,1.2288399891297348,death,JD Unadkat,2025,10495000.000000002,11.708813617243779
2014,CJ Anderson,Mumbai Indians,2,18,13.67,4,22.22,7,38.89,0.1387470274635777,0.5194268471984368,0.2779066108921438,0.5741205851596995,-0.08851438996427488,0.477841262255147,death,CJ Anderson,2014,87165827.2665,0.5481979317355636
2014,JP Duminy,Delhi Capitals,0,6,13.0,1,16.67,2,33.33,0.022463943856563494,0.4891642124082783,0.21006166678970892,0.49260961433386674,-0.24673415344171343,0.3196214987777084,death,JP Duminy,2014,42614404.4414,0.7500315983935125
2025,MA Starc,Delhi Capitals,7,48,9.63,13,27.08,10,20.83,0.4608676583402392,0.2943266667002642,0.3431423979631211,0.25804685989340054,0.5990994822511693,1.1654551344705912,death,MA Starc,2025,3148500.0000000005,37.01620246055553
2020,Arshdeep Singh,Punjab Kings,6,41,9.22,17,41.46,8,19.51,0.3686941350861072,0.2931645400336142,0.5315332027005408,0.25911275394953615,0.5175015212410166,1.0838571734604385,death,Arshdeep Singh,2020,2778744.6906,39.00528095031311
2018,TG Southee,Royal Challengers Bengaluru,3,66,10.45,15,22.73,14,21.21,0.17648313991904316,0.36598817025054786,0.2948875942620316,0.307954553521635,0.11440935400046455,0.6807650062198864,death,TG Southee,2018,14923461.629999999,4.561709763446395
2025,Simarjeet Singh,Sunrisers Hyderabad,0,6,17.0,0,0.0,3,50.0,0.019781111421132057,0.5511780083088325,0.08815354911961755,0.5529680597777145,-0.33024388938926397,0.2361117628301579,death,Simarjeet Singh,2025,5247500.000000001,4.499509534638549
2025,Simarjeet Singh,Sunrisers Hyderabad,0,6,17.0,0,0.0,3,50.0,0.019781111421132057,0.5511780083088325,0.08815354911961755,0.5529680597777145,-0.33024388938926397,0.2361117628301579,death,Simarjeet Singh,2025,15742500.000000002,1.4998365115461831
2013,MS Gony,Punjab Kings,0,18,10.0,6,33.33,4,22.22,0.04598780285645874,0.33753299136896425,0.41621571059774476,0.30043402578276657,-0.031296986818404135,0.5350586654010178,death,MS Gony,2013,61566192.30940001,0.8690787026621497
2014,Shakib Al Hasan,Kolkata Knight Riders,3,24,9.5,9,37.5,4,16.67,0.19688856926708478,0.33107582171342037,0.464694132673262,0.24836990678739682,0.2277997929810186,0.7941554452004405,death,Shakib Al Hasan,2014,54236514.743599996,1.46424498136498
2022,M Jansen,Sunrisers Hyderabad,1,12,16.5,3,25.0,5,41.67,0.07420304837444841,0.5280888018363215,0.3140725658102326,0.45815082372890453,-0.14315442554845753,0.4232012266709643,death,M Jansen,2022,52238694.9336,0.8101297844612896
2014,KW Richardson,Rajasthan Royals,4,48,11.88,10,20.83,13,27.08,0.25503011107059187,0.43857592738592377,0.26091481408090333,0.400983073387562,0.16509431785952064,0.7314499700789425,death,KW Richardson,2014,19370183.836999997,3.776164316426166
2020,DW Steyn,Royal Challengers Bengaluru,1,22,15.82,5,22.73,8,36.36,0.08714445053161778,0.5241818763753612,0.31220348730113306,0.4373983667023964,-0.11651453857309681,0.44984111364632506,death,DW Steyn,2020,27787446.906,1.618864500823187
2022,M Prasidh Krishna,Rajasthan Royals,6,117,11.28,43,36.75,31,26.5,0.38175312031710873,0.35256042983896424,0.4201255728150576,0.3099588757454208,0.46465551766096846,1.0310111698803903,death,M Prasidh Krishna,2022,124377845.08,0.8289347425317125
2015,P Kumar,Sunrisers Hyderabad,2,48,12.0,7,14.58,11,22.92,0.1407599937955535,0.3909713502821749,0.22281021396528328,0.29171673735695036,0.034079493562960195,0.600435145782382,death,P Kumar,2015,38401734.1994,1.5635625793997694
2017,DT Christian,Lucknow Super Giants,3,60,9.2,18,30.0,10,16.67,0.18063414992902135,0.3199580550596142,0.3779451978021483,0.25994639001855746,0.17836764520476361,0.7447232974241855,death,DT Christian,2017,15598002.096,4.774478762348446
2025,M Jansen,Punjab Kings,6,42,11.29,10,23.81,10,23.81,0.3978552944946524,0.35217920768672595,0.312351647013407,0.28817593687849674,0.46316397170776125,1.029519623927183,death,M Jansen,2025,73465000.0,1.4013742924211299
2022,B Kumar,Sunrisers Hyderabad,9,115,8.87,38,33.04,19,16.52,0.566283163482705,0.27152146882102723,0.38663989996502346,0.21246674384857386,0.7930681045305815,1.3594237567500034,death,B Kumar,2022,52238694.9336,2.60233100860952
2019,LH Ferguson,Kolkata Knight Riders,1,36,12.33,4,11.11,9,25.0,0.07243262401654953,0.41244780706394557,0.17306874911782993,0.3279908071866837,-0.10280680422141009,0.46354884799801177,death,LH Ferguson,2019,23108040.848,2.0060067015076783
2025,Prince Yadav,Lucknow Super Giants,0,23,12.78,5,21.74,8,34.78,0.019781111421132057,0.4041070908613211,0.29286025421037704,0.39908733772631727,-0.16383929426761246,0.4025163579518094,death,Prince Yadav,2025,3148500.0000000005,12.784384880159102
2022,R Ashwin,Rajasthan Royals,0,12,5.5,5,41.67,0,0.0,0.012693033985916346,0.15820142789553038,0.4645324489396312,0.05108698243214988,0.07979261977290675,0.6461482719923286,death,R Ashwin,2022,62188922.54,1.0390086298355228
2022,RD Chahar,Punjab Kings,4,28,10.07,11,39.29,6,21.43,0.25873309154004465,0.31187281870547723,0.4430510739037602,0.26043130974171197,0.31813643907649053,0.8844920912959124,death,RD Chahar,2022,65298368.667,1.3545393389634715
2022,RP Meredith,Mumbai Indians,4,42,10.14,13,30.95,8,19.05,0.25873309154004465,0.3142266474487368,0.3677760033999099,0.2371816830969729,0.30158727442145333,0.8679429266408751,death,RP Meredith,2022,12437784.508000001,6.9782759629145605
2022,K Rabada,Punjab Kings,9,66,9.36,28,42.42,14,21.21,0.566283163482705,0.2879982700238443,0.47130178981227955,0.2582821845896773,0.7981313187813005,1.3644869710007224,death,K Rabada,2022,115049506.699,1.1859998448933657
2018,Rashid Khan,Sunrisers Hyderabad,4,78,8.0,33,42.31,15,19.23,0.23531085322539091,0.2642971459369805,0.49664869420977764,0.2840171602213469,0.3110368816598234,0.8773925338792452,death,Rashid Khan,2018,134311154.67,0.6532536601557647
2018,CR Woakes,Royal Challengers Bengaluru,5,44,12.82,15,34.09,16,36.36,0.29413856653173864,0.4643586713212233,0.41194612824601506,0.491111881046567,0.23171465542895303,0.7980703076483748,death,CR Woakes,2018,110433616.06199999,0.7226697233207683
2017,A Choudhary,Royal Challengers Bengaluru,1,24,10.0,7,29.17,4,16.67,0.08016175347345095,0.352004369277218,0.36843481759463304,0.25994639001855746,0.011987410772111878,0.5783430629915337,death,A Choudhary,2017,31196004.192,1.8539010939735856
2025,KH Pandya,Royal Challengers Bengaluru,3,12,11.0,7,58.33,4,33.33,0.20881820295789225,0.3420724384782477,0.6373965163663519,0.38442721637450866,0.25228911904309226,0.8186447712625141,death,KH Pandya,2025,60346250.00000001,1.3565793587215675
2018,JD Unadkat,Rajasthan Royals,6,92,12.0,21,22.83,26,28.26,0.3529662798380864,0.4303233080815803,0.2959180391034399,0.39318618118175186,0.32813965390100397,0.8944953061204258,death,JD Unadkat,2018,171619808.74499997,0.5212074950214547
2016,SM Boland,Lucknow Super Giants,1,18,8.0,5,27.78,2,11.11,0.09006681643493518,0.2556924781245943,0.3386814091449472,0.1654080996125507,0.084805226262284,0.6511608784817059,death,SM Boland,2016,8181931.9995,7.958522247819935
2014,L Balaji,Punjab Kings,4,60,12.3,11,18.33,18,30.0,0.25503011107059187,0.45754653426930675,0.23035402844917585,0.44379099331767563,0.13549546343761512,0.701851115657037,death,L Balaji,2014,34866330.9066,2.012976695302862
2017,RD Chahar,Lucknow Super Giants,0,6,2.0,4,66.67,0,0.0,0.029925555245665744,0.03154122710118054,0.7981206703438177,0.07340617115065651,0.24968619178597473,0.8160418440053966,death,RD Chahar,2017,1559800.2096000002,52.31707490375737
2013,JP Faulkner,Rajasthan Royals,14,115,8.3,35,30.43,14,12.17,0.6661421893732036,0.2712862905201945,0.3812845376532658,0.1853851297035426,0.9494685902366445,1.5158242424560664,death,JP Faulkner,2013,49252953.84752,3.0776311348733283
2020,Kartik Tyagi,Rajasthan Royals,2,61,11.61,16,26.23,15,24.59,0.14345438744251565,0.3768208178907013,0.35318875179114523,0.31286295648867735,0.0765509925982333,0.6429066448176551,death,Kartik Tyagi,2020,18061840.4889,3.559474712517569
2022,MR Marsh,Delhi Capitals,1,12,14.5,2,16.67,5,41.67,0.07420304837444841,0.4608365520289049,0.23888775318468428,0.45815082372890453,-0.1388089694131554,0.42754668280626645,death,MR Marsh,2022,80845599.302,0.5288434825118422
2018,C de Grandhomme,Royal Challengers Bengaluru,0,6,6.0,0,0.0,0,0.0,0.0,0.18128406486468066,0.06066748180992398,0.051534294986730206,-0.06977366989891413,0.4965819823205077,death,C de Grandhomme,2018,32831615.586,1.5125115637996789
2023,Yash Thakur,Lucknow Super Giants,8,83,10.05,28,33.73,17,20.48,0.4656406561117521,0.3195628135992952,0.42387239636605906,0.2722233733665998,0.6161305656277477,1.1824862178471696,death,Yash Thakur,2023,5323887.59535,22.21095386912336
2021,C Sakariya,Rajasthan Royals,6,72,10.25,18,25.0,14,19.44,0.3165838592030895,0.39433800816851183,0.27129592952518367,0.3096561298393396,0.3056325254429827,0.8719881776624046,death,C Sakariya,2021,15913399.0116,5.479584701086001
2013,SMSM Senanayake,Kolkata Knight Riders,1,12,7.5,3,25.0,1,8.33,0.09028454475051194,0.24011137247371458,0.31587892762274145,0.141426148515063,0.09171810186858562,0.6580737540880075,death,SMSM Senanayake,2013,76957740.38675001,0.8551105461008436
2024,Rasikh Salam,Delhi Capitals,3,45,10.13,16,35.56,8,17.78,0.18350303437980847,0.28773358886491945,0.43562455088719,0.20184399784217769,0.23029528193724857,0.7966509341566704,death,Rasikh Salam,2024,2217593.5,35.92411928320814
2017,CJ Anderson,Delhi Capitals,1,24,13.5,4,16.67,7,29.17,0.08016175347345095,0.49220699397923434,0.22520620001157143,0.3998235787317405,-0.12902538099756805,0.4373302712218538,death,CJ Anderson,2017,15598002.096,2.8037582539753862
2018,S Kaul,Sunrisers Hyderabad,7,144,8.17,30,20.83,21,14.58,0.4117939931444341,0.271353257828126,0.27530914227527375,0.22780055474339744,0.5234022628449636,1.0897579150643855,death,S Kaul,2018,56709154.194,1.9216613799887798
2024,N Burger,Rajasthan Royals,1,18,4.33,11,61.11,1,5.56,0.07162347766516279,0.06040541365177764,0.7486225057569229,0.06311882047258201,0.2889241566223354,0.8552798088417572,death,N Burger,2024,5543983.75,15.42717019763554
2021,M Jansen,Mumbai Indians,0,6,7.0,0,0.0,0,0.0,0.020690148713191556,0.2691216557647197,0.015964613281749144,0.059887875951924324,-0.08979041803715308,0.47656523418226876,death,M Jansen,2021,2652233.1686,17.96845163631775
2022,Mukesh Choudhary,Chennai Super Kings,2,39,13.69,7,17.95,11,28.21,0.13571306276298048,0.4335993908569012,0.2504407616073375,0.3266634394271451,0.0072630344557679805,0.5736186866751898,death,Mukesh Choudhary,2022,2487556.9016,23.059520218662634
2025,PWH de Silva,Rajasthan Royals,0,6,11.0,2,33.33,1,16.67,0.019781111421132057,0.3420724384782477,0.4019932216437673,0.21598747725648781,-0.051355584943417174,0.5150000672760047,death,PWH de Silva,2025,55098750.00000001,0.9346855732226313
2014,S Nadeem,Delhi Capitals,1,18,13.33,3,16.67,4,22.22,0.08060548566007059,0.504069689245222,0.21006166678970892,0.3297342751477154,-0.11662142971538489,0.44973422250403694,death,S Nadeem,2014,16464656.261449998,2.731512977632186
2016,DS Kulkarni,Gujarat Titans,3,36,8.5,14,38.89,5,13.89,0.20891048750569371,0.27523432365623735,0.4510347598442111,0.19821239879531868,0.2791187101107133,0.8454743623301352,death,DS Kulkarni,2016,32727727.998,2.583357947676057
2014,VR Aaron,Royal Challengers Bengaluru,6,58,11.79,16,27.59,15,25.86,0.37131319467760604,0.4345107973394845,0.3435511784290944,0.3830975725948433,0.37130155483089056,0.9376572070503124,death,VR Aaron,2014,38740367.673999995,2.4203621786470726
2025,PVD Chameera,Delhi Capitals,3,36,11.33,10,27.78,10,27.78,0.20881820295789225,0.3535732448189298,0.3497336902153535,0.32831433809689675,0.17822381214480348,0.7445794643642254,death,PVD Chameera,2025,7871250.000000001,9.45948184042211
2024,N Thushara,Mumbai Indians,2,48,11.13,9,18.75,11,22.92,0.1275632560224856,0.32692810183270254,0.2296951723603715,0.26019484986179486,0.05142374005022039,0.6177793922696423,death,N Thushara,2024,53222244.0,1.160754124289916
2022,LS Livingstone,Punjab Kings,0,6,14.0,2,33.33,2,33.33,0.012693033985916346,0.4440234895770508,0.38925737843578084,0.3766794429654072,-0.1547964642108337,0.41155918800858815,death,LS Livingstone,2022,143034521.842,0.287734165646534
2022,OF Smith,Punjab Kings,3,18,15.33,6,33.33,7,38.89,0.19722307715151255,0.4887462356989828,0.38925737843578084,0.43099369680773875,0.08781522593608834,0.6541708781555102,death,OF Smith,2022,74626707.04800001,0.8765908399720044
2018,MG Johnson,Kolkata Knight Riders,2,42,9.71,16,38.1,8,19.05,0.11765542661269546,0.33527333025379696,0.453266966386488,0.2818410335576843,0.0938015876661655,0.6601572398855874,death,MG Johnson,2018,29846923.259999998,2.2118100218735495
2014,MC Henriques,Sunrisers Hyderabad,3,12,7.0,7,58.33,2,16.67,0.19688856926708478,0.21815554264566472,0.7193265985568151,0.24836990678739682,0.3493576443731868,0.9157132965926087,death,MC Henriques,2014,19370183.836999997,4.727437304149158
2022,KH Pandya,Lucknow Super Giants,2,6,2.0,5,83.33,0,0.0,0.13571306276298048,0.04050999073255136,0.8405467699456747,0.05108698243214988,0.4242035341055076,0.9905591863249295,death,KH Pandya,2022,102611722.191,0.9653470043910934
2025,N Thushara,Royal Challengers Bengaluru,0,6,7.0,1,16.67,0,0.0,0.019781111421132057,0.2026687252578578,0.24512046604063695,0.04744663385328201,0.007906326684761433,0.5742619789041833,death,N Thushara,2025,16792000.0,3.419854567080653
2018,UT Yadav,Royal Challengers Bengaluru,0,25,16.08,5,20.0,9,36.0,0.0,0.599669993469072,0.2667564500915849,0.4867596277192419,-0.3058689506759259,0.26048670154349596,death,UT Yadav,2018,62678538.84599999,0.41559153474127236
2018,R Tewatia,Delhi Capitals,3,12,6.0,6,50.0,1,8.33,0.17648313991904316,0.18128406486468066,0.5758899025140761,0.15224060114400303,0.3193058743437144,0.8856615265631362,death,R Tewatia,2018,44770384.88999999,1.978230762900945
2025,A Nortje,Kolkata Knight Riders,0,6,17.0,0,0.0,3,50.0,0.019781111421132057,0.5511780083088325,0.08815354911961755,0.5529680597777145,-0.33024388938926397,0.2361117628301579,death,A Nortje,2025,68217500.0,0.34611611804911924
2018,Mohammed Shami,Delhi Capitals,2,23,10.96,8,34.78,5,21.74,0.11765542661269546,0.3871565059239844,0.4190561976517323,0.3143620375868636,0.053028785568910025,0.6193844377883319,death,Mohammed Shami,2018,44770384.88999999,1.3834690930402942
2025,R Ashwin,Chennai Super Kings,0,6,18.0,1,16.67,3,50.0,0.019781111421132057,0.58602893661393,0.24512046604063695,0.5529680597777145,-0.2970941856349972,0.2692614665844247,death,R Ashwin,2025,102326250.00000001,0.26314016841663274
2014,DS Kulkarni,Rajasthan Royals,1,36,13.5,7,19.44,9,25.0,0.08060548566007059,0.5117482682218294,0.2439230172696629,0.3704897605606318,-0.12176110178591655,0.4445945504335053,death,DS Kulkarni,2014,21307202.2207,2.0865928141498586
2017,PJ Cummins,Delhi Capitals,7,73,9.37,23,31.51,13,17.81,0.3815789428401621,0.326767896830855,0.39524721480618213,0.2727031896291997,0.4784244630809958,1.0447801153004177,death,PJ Cummins,2017,70191009.43200001,1.4884813934932577
2022,YS Chahal,Rajasthan Royals,7,78,9.62,23,29.49,13,16.67,0.4432631347056408,0.2967410624988085,0.35459835316782096,0.2139320564522339,0.588398166073614,1.154753818293036,death,YS Chahal,2022,80845599.302,1.4283446820394452
2022,Akash Deep,Royal Challengers Bengaluru,1,17,20.12,3,17.65,8,47.06,0.07420304837444841,0.6498153739877455,0.24773302525827814,0.5108043899537548,-0.22754298644206855,0.3388126657773533,death,Akash Deep,2022,2487556.9016,13.620298114966879
2015,J Theron,Rajasthan Royals,1,12,12.5,1,8.33,3,25.0,0.09591495703624048,0.40874277529500097,0.15215659706588558,0.3144109929322952,-0.06830099332356256,0.4980546588958593,death,J Theron,2015,5236600.1181,9.511030967867162
2016,KJ Abbott,Punjab Kings,0,18,12.33,3,16.67,6,33.33,0.030644980899555925,0.4249248604286232,0.22632805844568346,0.4276064909223003,-0.18438600256510046,0.3819696496543214,death,KJ Abbott,2016,34364114.3979,1.1115364278896234
2014,JH Kallis,Kolkata Knight Riders,0,12,7.5,5,41.67,2,16.67,0.022463943856563494,0.24073959845921586,0.5156695231069834,0.24836990678739682,0.017589961297034884,0.5839456135164567,death,JH Kallis,2014,106536011.1035,0.5481204031087217
2022,PJ Cummins,Kolkata Knight Riders,2,35,14.74,5,14.29,11,31.43,0.13571306276298048,0.4689068220057949,0.2174063781488133,0.3581188166523802,-0.02620686620891731,0.5401487860105045,death,PJ Cummins,2022,90173937.683,0.5990076510902284
2022,S Kaul,Royal Challengers Bengaluru,0,6,17.0,0,0.0,3,50.0,0.012693033985916346,0.5449018642881757,0.08842787005528566,0.5395245169854912,-0.3342501888154574,0.23210546340396443,death,S Kaul,2022,9328338.381000001,2.48817585644961
2014,JJ Bumrah,Mumbai Indians,3,76,9.39,16,21.05,13,17.11,0.19688856926708478,0.3261073294344392,0.2636041632164954,0.25482041527001664,0.16752504651079514,0.733880698730217,death,JJ Bumrah,2014,23244220.604399998,3.157260943355948
2022,NM Coulter-Nile,Rajasthan Royals,0,6,25.0,0,0.0,5,83.33,0.012693033985916346,0.8139108635178419,0.08842787005528566,0.8651169775187484,-0.5395315266673011,0.02682412555212077,death,NM Coulter-Nile,2022,24875569.016000003,0.10783321392514661
2015,J Suchith,Mumbai Indians,0,6,10.0,2,33.33,1,16.67,0.051069920276927465,0.31988565023087034,0.4347710646634763,0.22352486363295748,0.012024480632198714,0.5783801328516206,death,J Suchith,2015,1745533.3727,33.13486535963384
2018,DT Christian,Delhi Capitals,1,11,14.18,1,9.09,4,36.36,0.058827713306347715,0.5208075664503872,0.15433491789393886,0.491111881046567,-0.22111454556642177,0.3452411066530001,death,DT Christian,2018,22385192.444999997,1.5422744633589867
2015,Z Khan,Delhi Capitals,1,36,9.83,7,19.44,8,22.22,0.09591495703624048,0.31384336572650945,0.27775046646625495,0.28407924749986313,0.01643645495367449,0.5827921071730964,death,Z Khan,2015,69821334.90799999,0.8346905826722044
2023,A Mishra,Lucknow Super Giants,3,18,8.33,5,27.78,3,16.67,0.19846098425491068,0.24912585748955848,0.35065669298516283,0.22452635514280236,0.23588023473925077,0.8022358869586727,death,A Mishra,2023,5915430.661499999,13.561749479711533
2016,A Mishra,Delhi Capitals,1,24,9.5,6,25.0,4,16.67,0.09006681643493518,0.3143180147195235,0.31056778943802077,0.23101669797808663,0.03323834620257361,0.5995939984219955,death,A Mishra,2016,1636386.3998999998,36.64134573952929
2019,VR Aaron,Rajasthan Royals,1,6,18.0,1,16.67,3,50.0,0.07243262401654953,0.6011457368993286,0.2277982456866557,0.5763392698596377,-0.23637166598680176,0.3299839862326201,death,VR Aaron,2019,34662061.272,0.9520033550318054
2025,Shahbaz Ahmed,Lucknow Super Giants,1,9,9.33,3,33.33,1,11.11,0.08279347526671879,0.2838713882087349,0.4019932216437673,0.1597734946936909,0.08330757570160713,0.649663227921029,death,Shahbaz Ahmed,2025,25188000.000000004,2.5792568997976373
2018,Shakib Al Hasan,Sunrisers Hyderabad,0,12,8.5,3,25.0,1,8.33,0.0,0.2850504162050555,0.31827869216200005,0.15224060114400303,-0.06420873917662309,0.5021469130427988,death,Shakib Al Hasan,2018,29846923.259999998,1.6824076259671357
2018,Shakib Al Hasan,Sunrisers Hyderabad,0,12,8.5,3,25.0,1,8.33,0.0,0.2850504162050555,0.31827869216200005,0.15224060114400303,-0.06420873917662309,0.5021469130427988,death,Shakib Al Hasan,2018,2984692.326,16.824076259671358
2018,CR Brathwaite,Sunrisers Hyderabad,4,25,9.84,11,44.0,8,32.0,0.23531085322539091,0.34066918052349643,0.5140632120295779,0.43840125741562946,0.23939719401287235,0.8057528462322943,death,CR Brathwaite,2018,29846923.259999998,2.699617777059592
2016,SR Watson,Royal Challengers Bengaluru,10,117,11.64,34,29.06,32,27.35,0.6248633362533484,0.39795711359495584,0.35162580958554646,0.35704184735649014,0.7764873476107572,1.3428429998301792,death,SR Watson,2016,155456707.9905,0.8638051179574964
2016,CR Brathwaite,Delhi Capitals,0,13,9.23,2,15.38,1,7.69,0.030644980899555925,0.30376541813243624,0.213282529876642,0.12505173155317434,-0.049069456406600306,0.5172861958128215,death,CR Brathwaite,2016,68728228.7958,0.7526546295114666
2024,Yash Dayal,Royal Challengers Bengaluru,6,74,10.95,24,32.43,18,24.32,0.351322369451777,0.3198730894985015,0.3972807701144986,0.2760880780383443,0.4353921260011112,1.001747778220533,death,Yash Dayal,2024,55439837.5,1.8069096580965502
2020,AJ Tye,Rajasthan Royals,1,7,18.86,1,14.29,3,42.86,0.08714445053161778,0.6305898615994385,0.21337044950236095,0.5061732321560221,-0.20936010363844712,0.3569955485809747,death,AJ Tye,2020,13893723.453,2.569473545292788
2022,SN Thakur,Delhi Capitals,8,86,12.07,23,26.74,22,25.58,0.5047731490941729,0.3791250685128938,0.3297774366347768,0.30097162510963926,0.6141514396936432,1.1805070919130651,death,SN Thakur,2022,133706183.46100001,0.882911366816031
2016,MM Sharma,Punjab Kings,10,105,9.2,33,31.43,20,19.05,0.6248633362533484,0.3025929074005377,0.3755931760263435,0.2591009541129743,0.8512055079938183,1.41756116021324,death,MM Sharma,2016,106365115.9935,1.3327312690561701
2016,MM Sharma,Punjab Kings,10,105,9.2,33,31.43,20,19.05,0.6248633362533484,0.3025929074005377,0.3755931760263435,0.2591009541129743,0.8512055079938183,1.41756116021324,death,MM Sharma,2016,1636386.3998999998,86.62753248865107
2016,MM Sharma,Punjab Kings,10,105,9.2,33,31.43,20,19.05,0.6248633362533484,0.3025929074005377,0.3755931760263435,0.2591009541129743,0.8512055079938183,1.41756116021324,death,MM Sharma,2016,1636386.3998999998,86.62753248865107
2025,M Prasidh Krishna,Gujarat Titans,11,90,11.53,30,33.33,26,28.89,0.712917113722586,0.3605434304799493,0.4019932216437673,0.33953691375241907,0.9438951907593038,1.5102508429787256,death,M Prasidh Krishna,2025,99702500.00000001,1.5147572457849354
2023,Sandeep Sharma,Rajasthan Royals,7,72,10.5,21,29.17,17,23.61,0.41220472174038386,0.3379910870000984,0.36776086570775873,0.31140753794415515,0.5000166461396175,1.0663722983590394,death,Sandeep Sharma,2023,2366172.2646,45.06739912021194
2022,TS Mills,Mumbai Indians,2,18,14.0,4,22.22,7,38.89,0.13571306276298048,0.4440234895770508,0.2889808756422824,0.43099369680773875,-0.01664364803598649,0.5497120041834354,death,TS Mills,2022,18656676.762000002,2.9464626052968397
2022,HV Patel,Royal Challengers Bengaluru,9,129,9.91,47,36.43,26,20.16,0.566283163482705,0.30649263872088395,0.41723732070939423,0.2480249963640571,0.7775913870393051,1.343947039258727,death,HV Patel,2022,133706183.46100001,1.0051495035386566
2019,SL Malinga,Mumbai Indians,11,71,10.82,25,35.21,17,23.94,0.5641950563867726,0.36219491922418756,0.4102955238136394,0.31746083236935047,0.7292650243237704,1.2956206765431921,death,SL Malinga,2019,28885051.060000002,4.485436684366353
2023,JO Holder,Rajasthan Royals,1,63,12.0,16,25.4,19,30.16,0.09158911551217414,0.3994186650027758,0.3213704116328042,0.3934063488013398,-0.0439945738834098,0.5223610783360121,death,JO Holder,2023,68027452.60724999,0.767868056667966
