season,team,ROI_bat_pp,ROI_bat_mid,ROI_bat_death,ROI_bowl_pp,ROI_bowl_mid,ROI_bowl_death,batting_ROI,bowling_ROI,overall_ROI
2013,Mumbai Indians,0.6853431198855101,,,7.449987382471399,7.2447984730370125,8.915485790489582,0.6853431198855101,7.870090548665996,4.277716834275753
2014,Chennai Super Kings,1.225855116914822,0.447890346654643,5.151905099381703,7.6038651956626575,9.420695166948686,7.919076048281231,2.275216854317056,8.314545470297524,5.2948811623072904
2014,Delhi Capitals,0.7157547328821512,0.39685526965787565,2.0070200924922004,3.614416659535004,3.915812686146891,2.1483263700289665,1.0398766983440757,3.2261852385702867,2.1330309684571813
2014,Kolkata Knight Riders,1.1656954622776297,0.7901892544865524,2.222159016546131,2.6539604116436997,2.982428126587602,1.799359896541992,1.3926812444367709,2.4785828115910977,1.9356320280139343
2014,Mumbai Indians,4.027653899673703,0.6855170326958177,5.1839336202256385,7.851394510791097,19.38629836814096,4.009088353566468,3.2990348508650533,10.415593744166175,6.8573142975156145
2014,Punjab Kings,1.498194969817441,0.6604570976464716,1.1155568779198644,17.928700313131294,8.630577179555983,7.6731540873472595,1.0914029817945925,11.410810526678178,6.251106754236385
2014,Rajasthan Royals,5.9079431250192735,1.516596709707114,1.5387230515996717,12.833592021158324,21.640186494554772,7.125766374894292,2.98775429544202,13.866514963535794,8.427134629488908
2014,Royal Challengers Bengaluru,15.423542253478365,0.42623374193195324,4.350078572224721,8.40369239730912,17.931256926173194,2.909266575220541,6.733284855878346,9.748071966234285,8.240678411056315
2014,Sunrisers Hyderabad,2.115373258482033,0.904247058471018,1.8693079995072697,8.608849520964503,11.381962487734965,6.766545366471384,1.6296427721534403,8.91911912505695,5.274380948605195
2015,Chennai Super Kings,1.2442418457070192,0.7849710919745562,,,,,1.0146064688407876,,1.0146064688407876
2015,Delhi Capitals,0.1475143201350665,0.0708676350660687,0.37509412345117504,2.142949985223353,2.2596659518523987,1.951166282252423,0.19782535955077007,2.1179274064427247,1.1578763829967473
2015,Mumbai Indians,13.574420577766688,13.294187975595234,32.29490319841289,25.84051650532385,38.54543734115044,23.311330508099456,19.721170583924938,29.23242811819125,24.476799351058094
2015,Punjab Kings,1.3554743000010736,0.1739430419072963,,1.2544042664411792,1.4576618946574251,,0.7647086709541849,1.3560330805493022,1.0603708757517436
2016,Delhi Capitals,1.0062034192034612,1.7653107723450376,0.8486766958651896,15.149657279591707,26.019318769503908,12.838741131876835,1.2067302958045627,18.002572393657484,9.604651344731023
2016,Gujarat Titans,2.310770587969291,1.8490592913667692,2.093350028444087,13.440068945733845,15.34195440680728,5.489100620955993,2.0843933025933823,11.423707991165706,6.754050646879544
2016,Lucknow Super Giants,0.901826147949136,0.7384240870934862,5.018229058339141,9.853148082596224,12.64714951932531,6.133353108861484,2.219493097793921,9.544550236927673,5.882021667360797
2016,Punjab Kings,6.738658282286115,2.5681877596593625,7.112945053664512,23.552720694022945,25.131742572157048,36.988153459202564,5.473263698536663,28.557538908460852,17.01540130349876
2017,Gujarat Titans,3.841923274966816,,1.7451191809319753,8.588141907228316,20.43627450287291,7.231438445422909,2.7935212279493955,12.085284951841379,7.439403089895388
2017,Lucknow Super Giants,26.721264751929812,6.3796673644267266,5.896860994490452,14.874974256257257,23.629992032355148,20.218388699111998,12.999264370282331,19.574451662574802,16.286858016428567
2018,Chennai Super Kings,1.6326033461677252,1.3286008107970737,2.8735580801981393,8.525245916636647,8.798973790265396,6.713443580275519,1.9449207457209792,8.012554429059188,4.978737587390084
2018,Delhi Capitals,2.710829990146452,1.2000887016070088,13.152080512181922,8.224362998195101,10.072402233776556,7.788933538649816,5.687666401311795,8.69523292354049,7.191449662426142
2018,Kolkata Knight Riders,0.8116131390510191,0.6127642636227041,1.277893766841413,3.020767544175169,4.887211744010303,1.1664625548015595,0.9007570565050452,3.0248139476623437,1.9627855020836944
2018,Mumbai Indians,1.2825579960005393,0.5057043754986872,1.1575648648382073,7.5836705682175385,13.579667782056566,9.140541805628315,0.9819424121124779,10.101293385300806,5.541617898706642
2018,Punjab Kings,4.491961385617844,1.3677644456388314,0.5666887960448014,1.7292066193224185,2.2229853683239047,1.0320828019279824,2.142138209100492,1.6614249298581019,1.901781569479297
2018,Rajasthan Royals,0.9482685353705044,0.44706350565236547,2.4047042127683707,6.428429508281766,11.49086863387143,3.0736036984106843,1.2666787512637467,6.997633946854627,4.132156349059187
2018,Royal Challengers Bengaluru,2.490327178221401,2.3057024470314866,7.664385116363645,2.483604203509619,3.287732296150557,1.6819263557682704,4.153471580538844,2.4844209518094824,3.318946266174163
2018,Sunrisers Hyderabad,4.671338438215908,3.8575643407879205,3.9618029997805797,6.210620203923826,7.333778041638652,4.155825637471324,4.1635685929281365,5.900074627677934,5.0318216103030355
2019,Punjab Kings,10.28650129616242,3.5433825145683757,7.045069576835679,9.673147918091928,9.583084039162278,9.413933171947578,6.958317795855492,9.556721709733928,8.25751975279471
2019,Rajasthan Royals,9.467073644137216,5.98675856296429,23.126737163454457,8.950885554376285,10.216792381972043,0.814176993554159,12.860189790185322,6.660618309967496,9.760404050076408
2019,Royal Challengers Bengaluru,0.5975298845200975,0.1168562779091979,,2.8647836610531234,1.9063161060421403,,0.3571930812146477,2.3855498835476316,1.3713714823811396
2019,Sunrisers Hyderabad,3.6339280144270543,1.9585175225959983,,,,,2.796222768511526,,2.796222768511526
2020,Chennai Super Kings,0.7134436537846414,0.2822362191321431,0.6902870923697587,2.1625905520693096,2.0988864757806325,1.5013262935648912,0.5619889884288477,1.920934440471611,1.2414617144502293
2020,Delhi Capitals,1.0130899587172804,0.5189250633754814,0.8383256021930475,10.54069057893083,13.93983618827886,11.126299855876196,0.7901135414286031,11.868942207695296,6.32952787456195
2020,Kolkata Knight Riders,3.9421196360016633,0.8851298681405447,2.803239528439217,7.649262069455844,1.9156623094375642,0.6931203924319213,2.5434963441938083,3.4193482571084437,2.981422300651126
2020,Mumbai Indians,35.98993583763148,21.84687606180497,14.10718496847347,0.7141047002500315,1.023450156319134,0.555247373372297,23.981332289303307,0.7642674099804876,12.372799849641897
2020,Rajasthan Royals,1.6644828539568943,0.6058677130783598,4.529521512217781,3.623212888126682,4.522827169412771,2.9185902538846262,2.2666240264176785,3.6882101038080264,2.9774170651128524
2020,Royal Challengers Bengaluru,8.100050273822845,0.1969107203986339,0.3114947216031829,4.333803913343968,12.529210744542116,9.200225748858731,2.8694852386082204,8.687746802248272,5.778616020428246
2021,Chennai Super Kings,0.4486106283458121,0.6038764678031213,0.8149427872354658,0.8011134225398097,1.4002139106468403,0.6374065065430603,0.6224766277947997,0.9462446132432367,0.7843606205190182
2021,Delhi Capitals,1.1472023479844973,0.8869741457752243,,1.190561477106371,16.19041939821026,0.4735275176614453,1.0170882468798608,5.951502797659359,3.4842955222696097
2021,Kolkata Knight Riders,29.424459447647177,13.835623982792209,,1.6109707632947503,18.809264643965985,17.579286884343798,21.630041715219694,12.666507430534844,17.14827457287727
2021,Royal Challengers Bengaluru,16.31828409313569,10.284711534304734,10.949161966437705,0.5296021904710251,1.0769835055709054,0.46516817378699427,12.517385864626043,0.6905846232763082,6.6039852439511755
2022,Chennai Super Kings,3.158784168732121,2.2949830281888346,6.375413571366016,18.137861084543225,21.9563078117749,9.642426784922387,3.943060256095657,16.57886522708017,10.260962741587912
2022,Delhi Capitals,7.046574028848536,2.0422189973965206,7.101870785814787,9.88379380264892,14.977216495307704,6.334291262407398,5.396887937353282,10.398433853454675,7.897660895403979
2022,Gujarat Titans,8.166647339238969,2.373789646657404,1.5458212849248405,5.948359274017166,9.935451355571264,2.510084616752429,4.0287527569404045,6.1312984154469525,5.0800255861936785
2022,Kolkata Knight Riders,1.951325670633697,2.120242809044046,11.321614148931568,9.707483506566668,11.567179574466161,2.3888085412045696,5.131060876203104,7.887823874079132,6.509442375141118
2022,Lucknow Super Giants,0.9980110273935954,2.4417197609463215,5.648041155726948,2.320593255372914,11.7967542440893,1.3332825005062554,3.029257314688955,5.15020999998949,4.089733657339222
2022,Mumbai Indians,6.3657535641099985,5.923792452979462,7.343248896809588,10.869333311918286,11.573892035701833,6.30063449241364,6.5442649712996825,9.581286613344586,8.062775792322135
2022,Punjab Kings,5.0222949980171565,5.103603936518983,7.278004446417837,12.729613872998277,12.900819823761248,10.00407423671439,5.801301126984659,11.87816931115797,8.839735219071315
2022,Rajasthan Royals,0.7552860496851537,0.3497541477073405,1.1853542072662266,2.1030615998237923,3.858442949716768,2.98729297871113,0.763464801552907,2.98293250941723,1.8731986554850686
2022,Royal Challengers Bengaluru,0.9779377627491778,1.7791782290320548,1.6532640778683945,5.905539531622438,7.990652219481637,3.8402513273277945,1.4701266898832088,5.912147692810623,3.691137191346916
2022,Sunrisers Hyderabad,5.338416576781687,2.133577971539634,1.0314221497269227,5.930703181802102,7.960925872273276,3.5220498711941257,2.834472232682748,5.804559641756501,4.319515937219625
2023,Chennai Super Kings,15.698941505628271,6.569153843458435,17.768318503970598,0.1360326364458353,,,13.345471284352435,0.1360326364458353,6.740751960399135
2023,Delhi Capitals,1.9722936904764599,0.9442853627450286,1.3720350429142545,11.369892824825403,9.170037474883172,6.074559455475261,1.4295380320452475,8.871496585061278,5.150517308553263
2023,Kolkata Knight Riders,3.988893800546328,,,11.996005354570928,4.283226030135783,16.855939270166825,3.988893800546328,11.045056884957845,7.516975342752087
2023,Lucknow Super Giants,15.260113239571092,0.2708484421083725,0.4379399591285661,11.711083219370103,15.603350072094662,14.26748024762997,5.322967213602677,13.860637846364911,9.591802529983795
2023,Mumbai Indians,35.44017721242218,28.817631050047204,33.204494213364,18.74499692592209,33.41090047315348,22.832814336411595,32.48743415861113,24.996237245162387,28.741835701886757
2023,Sunrisers Hyderabad,0.65530583117555,0.6886104708501862,0.7558323061132565,8.889206878751187,12.145329233657712,9.781350098583868,0.6999162027129975,10.271962070330924,5.48593913652196
2024,Chennai Super Kings,2.1830313862135857,1.0093441833429697,0.3594077972363771,24.06440365262885,21.20784517063816,14.422973676789093,1.1839277889309774,19.8984075000187,10.541167644474838
2024,Delhi Capitals,6.090973789124779,4.595629432776317,27.53244376342606,8.982637704706374,19.870092336765314,35.92411928320814,12.739682328442385,21.59228310822661,17.165982718334497
2024,Kolkata Knight Riders,26.74015148027058,11.494732639446699,26.782530535160472,,,,21.672471551625918,,21.672471551625918
2024,Mumbai Indians,17.20814565341592,14.315181376858764,36.915192260964666,16.3725411033987,19.012561508648336,1.553832108654818,22.81283976374645,12.312978240233951,17.5629090019902
2024,Punjab Kings,0.6659559753768652,0.5624906298330359,,28.49498150431582,21.689839370489516,28.15274765236008,0.6142233026049506,26.112522842388472,13.363373072496712
2024,Rajasthan Royals,3.776194511230023,,0.6194373433538056,33.563101862367205,31.689709100998996,31.89415949746103,2.197815927291914,32.38232348694241,17.290069707117162
2024,Sunrisers Hyderabad,31.504180928826127,5.869864964201555,0.1833957209758769,1.7996522036759417,13.906816775316411,1.8175906753380997,12.519147204667853,5.841353218110151,9.180250211389001
2025,Chennai Super Kings,3.7422790428060964,0.8248520578581806,,4.768427194454377,7.141136815225373,3.494768140918308,2.2835655503321384,5.134777383532686,3.7091714669324123
2025,Delhi Capitals,5.358478827444308,3.0319251122779973,5.650152001844248,13.06676204701883,13.392999642567254,12.951199062470035,4.680185313855517,13.13698691735204,8.908586115603779
2025,Gujarat Titans,1.3742435205566481,3.7733405560155115,5.561183864670535,5.250470724167395,7.1413823500882065,2.753306275076148,3.569589313747565,5.04838644977725,4.308987881762407
2025,Kolkata Knight Riders,3.1955671115697806,0.8463119903207618,0.817400957076122,5.756341200431843,6.787583309030902,2.550518245292534,1.6197600196555548,5.031480918251759,3.325620468953657
2025,Lucknow Super Giants,2.4232415667818006,0.8544445343697976,0.7293340927318742,7.33990589102338,10.259890736398917,5.324974261933268,1.3356733979611575,7.641590296451855,4.4886318472065065
2025,Mumbai Indians,3.7642012009223773,1.2018306962328256,1.1272922754849843,11.28875184372899,15.000896228193445,10.147984929773596,2.0311080575467293,12.145877667232009,7.088492862389369
2025,Punjab Kings,2.5656290597013456,0.8542048290332437,0.959003234559904,9.233806437600167,10.62531969287364,11.17001204464312,1.459612374431498,10.343046058372309,5.901329216401903
2025,Rajasthan Royals,4.153273520323048,2.5764361071829147,7.948072767075773,2.5880418287553013,3.2254807658784843,2.3240857082954887,4.892594131527246,2.712536100976425,3.8025651162518352
2025,Royal Challengers Bengaluru,2.0661939432407377,0.5382026566968042,2.0898181541304828,2.6709387058610243,2.8516675912695892,2.5965207324132424,1.5647382513560082,2.7063756765146185,2.135556963935313
2025,Sunrisers Hyderabad,13.115542216752756,7.054368806698815,5.942908971623754,7.32854495518847,8.795707991736807,4.497540120104532,8.704273331691775,6.873931022343268,7.789102177017522
2013,Lucknow Super Giants,,0.1844485309587604,,0.8864956779971176,0.9286324717568598,0.6528766787675104,0.1844485309587604,0.8226682761738292,0.5035584035662948
2013,Royal Challengers Bengaluru,,0.4018755533900019,1.7747972438829631,3.3491629188487244,3.430925314475417,1.4974193943299512,1.0883363986364825,2.759169209218031,1.9237528039272567
2013,Sunrisers Hyderabad,,0.48776283202990756,0.951417247646599,1.2389675743800046,2.000683176079896,1.168537912753309,0.7195900398382533,1.4693962210710698,1.0944931304546617
2015,Royal Challengers Bengaluru,,1.2018790929016012,4.411682467822072,2.3063118137868726,2.498917572210727,2.1322541612484818,2.8067807803618363,2.3124945157486936,2.559637648055265
2015,Sunrisers Hyderabad,,1.1339572146017254,2.193681814736716,3.0022497812803968,4.700504599248939,2.4272123272436614,1.6638195146692207,3.376655569257666,2.5202375419634433
2016,Mumbai Indians,,1.247391911106964,1.3312816034666823,1.8498899245923108,3.395849568557759,1.3536021568716885,1.289336757286823,2.199780550007253,1.744558653647038
2016,Royal Challengers Bengaluru,,6.020896420925328,13.145322956719063,16.107183271252616,25.272150707046052,9.546446462227793,9.583109688822196,16.975260146842153,13.279184917832175
2016,Sunrisers Hyderabad,,0.3362573331744148,4.281207150994915,3.71389960292275,5.891104809938956,3.863780621654791,2.3087322420846648,4.489595011505499,3.399163626795082
2017,Delhi Capitals,,0.0377527564282023,3.107485169417442,1.283247106033955,2.731936123837537,1.539209961312827,1.572618962922822,1.8514643970614397,1.7120416799921307
2017,Kolkata Knight Riders,,11.926714236252907,13.589589863055146,1.709156147832558,2.2608725502670612,1.575791162974516,12.758152049654026,1.8486066203580451,7.303379335006035
2017,Royal Challengers Bengaluru,,1.005688509099015,3.769696201595548,2.7725558227912828,4.146871057862457,3.412221643897869,2.3876923553472817,3.443882841517203,2.9157875984322423
2019,Delhi Capitals,,0.2375644268127156,1.1019531664668483,4.925255905296651,6.073425830742151,4.962821754152084,0.669758796639782,5.320501163396962,2.9951299800183717
2019,Mumbai Indians,,1.526159446709073,,12.4824274056391,2.862690041829456,5.134465609923982,1.526159446709073,6.826527685797513,4.176343566253292
2020,Sunrisers Hyderabad,,0.4026520266822861,10.815059944481218,16.706174221906142,23.554076512910108,8.515309532395646,5.608855985581752,16.258520089070633,10.933688037326192
2023,Punjab Kings,,2.374915737311936,2.296816099467836,18.865990043660222,20.502345147646373,20.612126044866717,2.335865918389886,19.99348707872444,11.164676498557162
2024,Gujarat Titans,,2.423320850501021,,9.916781701961995,7.215112533136771,1.768632052502208,2.423320850501021,6.300175429200325,4.361748139850674
2013,Punjab Kings,,,0.8708169981965223,0.7822928147991491,1.9888553451180744,0.8690787026621497,0.8708169981965223,1.2134089541931246,1.0421129761948233
2013,Rajasthan Royals,,,0.6610132797393967,2.76958898641689,2.685405459600457,3.0776311348733283,0.6610132797393967,2.8442085269635586,1.7526109033514776
2015,Rajasthan Royals,,,2.988610407185431,5.686861617014747,11.786247673208127,6.830652500749602,2.988610407185431,8.101253930324157,5.544932168754794
2017,Mumbai Indians,,,0.8280859928422445,2.5730040053526917,3.0207650884802995,2.945590950635406,0.8280859928422445,2.8464533481561323,1.8372696704991884
2021,Rajasthan Royals,,,0.2620502856699687,3.3918941584837734,3.7584949730237023,2.984042093155515,0.2620502856699687,3.37814374155433,1.8200970136121493
2024,Lucknow Super Giants,,,21.210893554571047,14.178739846545797,9.35084822212167,,21.210893554571047,11.764794034333732,16.487843794452388
2013,Chennai Super Kings,,,,11.019552325332867,17.955655435065545,5.295155791814108,,11.423454517404174,11.423454517404174
2013,Delhi Capitals,,,,1.3076352958177238,2.025922233346649,,,1.6667787645821863,1.6667787645821863
2013,Kolkata Knight Riders,,,,4.147584100835846,1.2682220771229136,4.909370318881033,,3.4417254989465973,3.4417254989465973
2015,Kolkata Knight Riders,,,,6.943417513064532,6.210292371732126,9.475012249961337,,7.542907378252664,7.542907378252664
2016,Kolkata Knight Riders,,,,3.6590754797875538,11.49375960644707,3.7882723823430364,,6.313702489525887,6.313702489525887
2017,Punjab Kings,,,,9.310676076524395,11.040593728337543,4.408484597183976,,8.253251467348637,8.253251467348637
2017,Sunrisers Hyderabad,,,,9.47032323650665,12.6400903613721,1.1059858442712234,,7.73879981404999,7.73879981404999
2019,Chennai Super Kings,,,,1.247965133659,1.018091697978683,0.4938305728170525,,0.9199624681515784,0.9199624681515784
2019,Kolkata Knight Riders,,,,5.533748444814653,4.207834211355051,3.7123803465299012,,4.484654334233202,4.484654334233202
2020,Punjab Kings,,,,11.48407679609384,9.835974895540184,11.139282758625077,,10.819778150086366,10.819778150086366
2021,Mumbai Indians,,,,9.077510406408823,15.809087908645768,6.658454691048455,,10.515017668701015,10.515017668701015
2021,Punjab Kings,,,,13.663004778703504,10.807151388521794,13.2604896451372,,12.576881937454166,12.576881937454166
2021,Sunrisers Hyderabad,,,,6.451445748491625,9.931567992757252,4.242645018735528,,6.875219586661468,6.875219586661468
2023,Gujarat Titans,,,,8.210309918851053,14.813280535011986,14.243142975664117,,12.42224447650905,12.42224447650905
2023,Rajasthan Royals,,,,15.403406247881307,19.481626964871218,15.550082098635494,,16.811705103796005,16.811705103796005
2023,Royal Challengers Bengaluru,,,,14.164908681199334,25.470391916407,,,19.817650298803166,19.817650298803166
2024,Royal Challengers Bengaluru,,,,1.9137108685783337,2.5712851128214758,1.6127685202513504,,2.032588167217053,2.032588167217053
