name,delivery_name
chris morris,CH Morris
dirk nannes,DP Nannes
ben laughlin,B Laughlin
akila dananjaya,A Dananjaya
jason holder,JO Holder
johan botha,J Botha
jesse ryder,HE van der Dussen
jeevan mendis,BKG Mendis
manpreet gony,Harpreet Brar
luke pomersbach,LA Pomersbach
sachithra senanayake,SMSM Senanayake
ryan mclaren,R McLaren
nathan coulter-nile,NM Coulter-Nile
ricky ponting,RT Ponting
phillip hughes,GD Phillips
jacob oram,
ajantha mendis,BKG Mendis
kane richardson,JA Richardson
abhishek nayar,Abhishek Sharma
michael clarke,S Lamichhane
james faulkner,JP Faulkner
fidel edwards,F Behardien
kusal perera,D Ferreira
jaydev unadkat,JD Unadkat
moises henriques,MC Henriques
pankaj singh,Shashank Singh
daniel christian,DT Christian
christopher barnwell,
thisara perera,Sandeep Sharma
daren sammy,P Ray Barman
sudeep tyagi,Kuldeep Yadav
clint mckay,
nathan mccullum,IK Pathan
quinton de kock,
faf du plessis,F du Plessis
dwayne smith,DR Smith
ashish nehra,Abhishek Sharma
mohit sharma,Ankit Sharma
ishwar pandey,TU Deshpande
ben hilfenhaus,BW Hilfenhaus
john hastings,JW Hastings
samuel badree,S Badree
matt henry,MJ Henry
mithun manhas,A Mithun
vijay shankar,V Shankar
ronit more,Monu Kumar
baba aparajith,Harshit Rana
pawan negi,Swapnil Singh
dinesh karthik,KD Karthik
kevin pietersen,KP Pietersen
murali vijay,M Vijay
mohammed shami,Mohammed Shami
nathan coulter-nile,NM Coulter-Nile
quinton de kock,
manoj tiwary,MK Tiwary
jaydev unadkat,JD Unadkat
jean-paul duminy,
ross taylor,LRPL Taylor
rahul sharma,Bipul Sharma
mayank agarawal,Mayank Dagar
laxmi shukla,R Shukla
james neesham,JDS Neesham
wayne parnell,WD Parnell
shahbaz nadeem,Shahbaz Ahmed
siddarth kaul,M Siddharth
rahul shukla,R Shukla
jayant yadav,R Sanjay Yadav
hs sharath,BR Sharath
milind kumar,Sumit Kumar
mitchell johnson,DJ Mitchell
george bailey,GJ Bailey
virender sehwag,V Sehwag
rishi dhawan,Rashid Khan
wriddhiman saha,Ishan Kishan
cheteshwar pujara,Ashwani Kumar
beuran hendricks,BE Hendricks
lakshmipathy balaji,Abdul Basith
thisara perera,Sandeep Sharma
gurkeerat singh mann,Gurkeerat Singh
sandeep sharma,Sandeep Sharma
mandeep singh,Ramandeep Singh
axar patel,PA Patel
shardul thakur,Arshad Khan
anureet singh,Anureet Singh
shivam sharma,Shivam Sharma
jacques kallis,JH Kallis
robin uthappa,RV Uthappa
yusuf pathan,YK Pathan
shakib al hasan,Shakib Al Hasan
morne morkel,M Morkel
vinay kumar,R Vinay Kumar
umesh yadav,Kuldeep Yadav
chris lynn,
pat cummins,PJ Cummins
ryan ten doeschate,RN ten Doeschate
suryakumar yadav,Vijaykumar Vyshak
andre russell,AD Russell
manvinder bisla,R Ravindra
veer pratap singh,Harpreet Singh
kuldip yadav,Kuldeep Yadav
debabrata das,
michael hussey,MEK Hussey
corey anderson,CJ Anderson
pragyan ojha,Mayank Dagar
zaheer khan,Musheer Khan
jasprit bumrah,Abdul Basith
jalaj saxena,Jalaj S Saxena
josh hazlewood,JR Hazlewood
marchant de lange,
krishmar santokie,K Santokie
ben dunk,BR Dunk
cm gautam,CM Gautam
apoorv wankhade,Atharva Taide
pawan suyal,P Suyal
sushant marathe,Kumar Kushagra
shreyas gopal,S Gopal
steven smith,Mohit Rathee
brad hodge,C de Grandhomme
rajat bhatia,T Natarajan
tim southee,TG Southee
dhawal kulkarni,DS Kulkarni
abhishek nayar,Abhishek Sharma
kane richardson,JA Richardson
ben cutting,BCJ Cutting
karun nair,Imran Tahir
iqbal abdulla,Iqbal Abdulla
dishant yagnik,Ishan Kishan
kevon cooper,KK Cooper
vikramjeet singh malik,Virat Singh
ankit sharma,Ankit Sharma
rahul tewatia,R Tewatia
ankush bains,Akash Singh
amit mishra,A Mishra
pravin tambe,S Aravind
yuvraj singh,Yuvraj Singh
albie morkel,Abishek Porel
varun aaron,VR Aaron
ashok dinda,Shashank Singh
parthiv patel,
muttiah muralitharan,M Muralitharan
ravi rampaul,R Rampaul
nic maddinson,NJ Maddinson
harshal patel,YS Chahal
abu nechim,Sachin Baby
sachin rana,Sachin Baby
shadab jakati,SB Jakati
sandeep warrier,S Sandeep Warrier
tanmay mishra,Naman Dhir
yogesh takawale,YV Takawale
yuzvendra chahal,Saurav Chauhan
david warner,DA Warner
amit mishra,A Mishra
bhuvneshwar kumar,Ashwani Kumar
aaron finch,Shashank Singh
karn sharma,Sandeep Sharma
daren sammy,P Ray Barman
ishant sharma,Abhishek Sharma
irfan pathan,IK Pathan
moises henriques,MC Henriques
kl rahul,KL Rahul
parvez rasool,Parvez Rasool
jason holder,JO Holder
venugopal rao,Y Venugopal Rao
naman ojha,Anand Rajan
brendan taylor,
prasanth parameswaran,Vivrant Sharma
amit paunikar,Harshit Rana
ashish reddy,A Ashish Reddy
srikkanth anirudha,S Anirudha
ricky bhui,
chama v milind,Shivam Sharma
manprit juneja,MC Juneja
michael hussey,MEK Hussey
irfan pathan,IK Pathan
rahul sharma,Bipul Sharma
kyle abbott,SA Abbott
andrew tye,S Badree
pratyush singh,Akash Singh
ankush bains,Akash Singh
eklavya dwivedi,ER Dwivedi
yuvraj singh,Yuvraj Singh
angelo mathews,AD Mathews
zaheer khan,Musheer Khan
amit mishra,A Mishra
gurinder sandhu,Vishnu Vinod
jaydev unadkat,JD Unadkat
domnic muthuswami,DJ Muthuswami
albie morkel,Abishek Porel
travis head,Suryansh Shedge
marcus stoinis,MP Stoinis
cm gautam,CM Gautam
srikar bharat,KS Bharat
kk jiyas,V Viyaskanth
murali vijay,M Vijay
nikhil naik,
yogesh golwalkar,
kc cariappa,KC Cariappa
james neesham,JDS Neesham
brad hogg,Arshad Khan
sheldon jackson,SP Jackson
sumit narwal,Sumit Kumar
vaibhav rawal,Yash Dayal
aaron finch,Shashank Singh
pragyan ojha,Mayank Dagar
abhimanyu mithun,Harbhajan Singh
mitchell mcclenaghan,MJ McClenaghan
aiden blizzard,
hardik pandya,Kartik Tyagi
akshay wakhare,Akash Madhwal
nitish rana,M Pathirana
siddhesh lad,M Siddharth
jagadeesha suchith,N Jagadeesan
chris morris,CH Morris
rusty theron,J Theron
dinesh salunkhe,
sagar trivedi,SK Trivedi
pardeep sahu,Mandeep Singh
dinesh karthik,KD Karthik
daren sammy,P Ray Barman
david wiese,D Wiese
sean abbott,SA Abbott
adam milne,AF Milne
sarfaraz khan,Saurav Chauhan
jalaj saxena,Jalaj S Saxena
shishir bhavane,Rashid Khan
praveen kumar,Harpreet Brar
kevin pietersen,KP Pietersen
eoin morgan,EJG Morgan
ravi bopara,RS Bopara
laxmi shukla,R Shukla
prasanth padmanabhan,
hanuma vihari,Karim Janat
siddarth kaul,M Siddharth
pawan negi,Swapnil Singh
chris morris,CH Morris
sanju samson,Ishan Kishan
carlos brathwaite,CR Brathwaite
karun nair,Imran Tahir
rishabh pant,Ishan Kishan
joel paris,
sam billings,SW Billings
chama v milind,Shivam Sharma
pratyush singh,Akash Singh
mahipal lomror,MK Lomror
khaleel ahmed,Shahbaz Ahmed
akhil herwadkar,
pawan suyal,P Suyal
praveen kumar,Harpreet Brar
dale steyn,DW Steyn
dinesh karthik,KD Karthik
dwayne smith,DR Smith
dhawal kulkarni,DS Kulkarni
aaron finch,Shashank Singh
eklavya dwivedi,ER Dwivedi
andrew tye,S Badree
ishan kishan,Ishan Kishan
jaydev shah,Vijaykumar Vyshak
shadab jakati,SB Jakati
pravin tambe,S Aravind
pradeep sangwan,Mandeep Singh
amit mishra,A Mishra
shivil koushik,S Kaushik
akshdeep nath,Arshdeep Singh
sarabjit ladda,
umang sharma,Suyash Sharma
paras dogra,P Dogra
mohit sharma,Ankit Sharma
kyle abbott,SA Abbott
kc cariappa,KC Cariappa
marcus stoinis,MP Stoinis
farhaan behardien,F Behardien
pardeep sahu,Mandeep Singh
armaan jaffer,P Ray Barman
swapnil singh,Swapnil Singh
jaydev unadkat,JD Unadkat
ankit singh,Sanvir Singh
john hastings,JW Hastings
jason holder,JO Holder
rajagopal sathish,R Sathish
manan sharma,Sandeep Sharma
jos buttler,JC Buttler
nathu singh,Akash Singh
tim southee,TG Southee
krunal pandya,KH Pandya
kishore kamat,KS Rathore
deepak punia,Navdeep Saini
jitesh sharma,Abhishek Sharma
mitchell marsh,DJ Mitchell
murugan ashwin,Umran Malik
ishant sharma,Abhishek Sharma
kevin pietersen,KP Pietersen
irfan pathan,IK Pathan
thisara perera,Sandeep Sharma
rajat bhatia,T Natarajan
ashok dinda,Shashank Singh
scott boland,SM Boland
peter handscomb,PSP Handscomb
adam zampa,A Zampa
ishwar pandey,TU Deshpande
deepak chahar,DL Chahar
jaskaran singh,Shashank Singh
baba aparajith,Harshit Rana
ankush bains,Akash Singh
ankit sharma,Ankit Sharma
shane watson,Ishan Kishan
stuart binny,
kane richardson,JA Richardson
samuel badree,S Badree
travis head,Suryansh Shedge
praveen dubey,P Dubey
vikramjeet singh malik,Virat Singh
akshay karnewar,Sikandar Raza
iqbal abdulla,Iqbal Abdulla
sachin baby,Sachin Baby
vikas tokas,Tejas Baroka
yuvraj singh,Yuvraj Singh
ashish nehra,Abhishek Sharma
mustafizur rahman,Mustafizur Rahman
ben cutting,BCJ Cutting
vijay shankar,V Shankar
abhimanyu mithun,Harbhajan Singh
tirumalsetti suman,
kagiso rabada,K Rabada
pat cummins,PJ Cummins
angelo mathews,AD Mathews
corey anderson,CJ Anderson
murugan ashwin,Umran Malik
ankit bawne,Ankit Soni
navdeep saini,Navdeep Saini
shashank singh,Shashank Singh
jason roy,SP Jackson
basil thampi,Basil Thampi
manpreet gony,Harpreet Brar
nathu singh,Akash Singh
munaf patel,PA Patel
akshdeep nath,Arshdeep Singh
shubham agarwal,MA Agarwal
chirag suri,
pratham singh,Shivam Singh
shelley shaurya,Yash Thakur
varun aaron,VR Aaron
eoin morgan,EJG Morgan
matt henry,MJ Henry
daren sammy,P Ray Barman
rahul tewatia,R Tewatia
rinku singh,Anureet Singh
chris woakes,CR Woakes
nathan coulter-nile,NM Coulter-Nile
rishi dhawan,Rashid Khan
darren bravo,Harpreet Brar
rovman powell,R Powell
sayan ghosh,Ashutosh Sharma
sanjay yadav,R Sanjay Yadav
ishank jaggi,Ravi Bishnoi
karn sharma,Sandeep Sharma
krishnappa gowtham,K Gowtham
mitchell johnson,DJ Mitchell
asela gunaratne,
nicholas pooran,N Pooran
kulwant khejroliya,K Khejroliya
ben stokes,BA Stokes
daniel christian,DT Christian
manoj tiwary,MK Tiwary
lockie ferguson,LH Ferguson
jaydev unadkat,JD Unadkat
rahul chahar,DL Chahar
saurabh kumar,Kumar Kushagra
milind tandon,
rahul tripathi,RA Tripathi
tymal mills,TS Mills
aniket choudhary,A Choudhary
pawan negi,Swapnil Singh
praveen dubey,P Dubey
rashid khan,Rashid Khan
eklavya dwivedi,ER Dwivedi
chris jordan,CJ Jordan
mohammad nabi,Mohammad Nabi
ben laughlin,B Laughlin
pravin tambe,S Aravind
tanmay agarwal,MA Agarwal
dwayne bravo,DM Bravo
karn sharma,Sandeep Sharma
shane watson,Ishan Kishan
shardul thakur,Arshad Khan
murali vijay,M Vijay
harbhajan singh,Harbhajan Singh
faf du plessis,F du Plessis
sam billings,SW Billings
imran tahir,Imran Tahir
deepak chahar,DL Chahar
mitchell santner,MJ Santner
lungi ngidi,L Ngidi
km asif,KM Asif
n jagadeesan,N Jagadeesan
kanishk seth,Akash Deep
manoj singh,P Simran Singh
dhruv shorey,Dhruv Jurel
kshitiz sharma,Ankit Sharma
chaitanya bishnoi,Ravi Bishnoi
kagiso rabada,K Rabada
amit mishra,A Mishra
shahbaz nadeem,Shahbaz Ahmed
vijay shankar,V Shankar
rahul tewatia,R Tewatia
mohammed shami,Mohammed Shami
gautam gambhir,G Gambhir
colin munro,C Munro
daniel christian,DT Christian
jason roy,SP Jackson
naman ojha,Anand Rajan
prithvi shaw,Y Prithvi Raj
gurkeerat singh mann,Gurkeerat Singh
avesh khan,Avesh Khan
jayant yadav,R Sanjay Yadav
harshal patel,YS Chahal
sandeep lamichhane,S Lamichhane
sayan ghosh,Ashutosh Sharma
kl rahul,KL Rahul
ravichandran ashwin,R Ravindra
andrew tye,S Badree
aaron finch,Shashank Singh
marcus stoinis,MP Stoinis
karun nair,Imran Tahir
mujeeb ur rahman,Mujeeb Ur Rahman
ankit singh,Sanvir Singh
david miller,DA Miller
mohit sharma,Ankit Sharma
yuvraj singh,Yuvraj Singh
chris gayle,CH Gayle
ben dwarshuis,Harsh Dubey
akshdeep nath,Arshdeep Singh
manoj tiwary,MK Tiwary
mayank agarawal,Mayank Dagar
manzoor dar,Gurnoor Brar
pardeep sahu,Mandeep Singh
mayank dagar,Mayank Dagar
chris lynn,
dinesh karthik,KD Karthik
robin uthappa,RV Uthappa
kuldip yadav,Kuldeep Yadav
nitish rana,M Pathirana
kamlesh nagarkoti,KL Nagarkoti
shivam mavi,Shivam Mavi
mitchell johnson,DJ Mitchell
shubman gill,Shubman Gill
vinay kumar,R Vinay Kumar
rinku singh,Anureet Singh
cameron delport,
javon searles,
apoorv wankhade,Atharva Taide
ishank jaggi,Ravi Bishnoi
krunal pandya,KH Pandya
ishan kishan,Ishan Kishan
kieron pollard,KA Pollard
pat cummins,PJ Cummins
evin lewis,E Lewis
suryakumar yadav,Vijaykumar Vyshak
ben cutting,BCJ Cutting
mustafizur rahman,Mustafizur Rahman
rahul chahar,DL Chahar
pradeep sangwan,Mandeep Singh
jason behrendorff,JP Behrendorff
jean-paul duminy,
tajinder dhillon,
akila dananjaya,A Dananjaya
md nidheesh,M Theekshana
siddhesh lad,M Siddharth
mayank markande,Mayank Dagar
sharad lumba,Kumar Kushagra
anukul roy,S Kaul
mohsin khan,Mohsin Khan
ben stokes,BA Stokes
jaydev unadkat,JD Unadkat
sanju samson,Ishan Kishan
krishnappa gowtham,K Gowtham
jos buttler,JC Buttler
ajinkya rahane,Umran Malik
d arcy short,MW Short
rahul tripathi,RA Tripathi
dhawal kulkarni,DS Kulkarni
zahir khan,Imran Tahir
ben laughlin,B Laughlin
stuart binny,
dushmantha chameera,PVD Chameera
anureet singh,Anureet Singh
aryaman birla,Vivrant Sharma
sudhesan midhun,B Sai Sudharsan
shreyas gopal,S Gopal
prashant chopra,Vivrant Sharma
jatin saxena,Jalaj S Saxena
ankit sharma,Ankit Sharma
mahipal lomror,MK Lomror
chris woakes,CR Woakes
yuzvendra chahal,Saurav Chauhan
umesh yadav,Kuldeep Yadav
washington sundar,Washington Sundar
navdeep saini,Navdeep Saini
quinton de kock,
nathan coulter-nile,NM Coulter-Nile
colin de grandhomme,C de Grandhomme
murugan ashwin,Umran Malik
parthiv patel,
moeen ali,Umran Malik
mandeep singh,Ramandeep Singh
manan vohra,M Vohra
pawan negi,Swapnil Singh
tim southee,TG Southee
kulwant khejroliya,K Khejroliya
aniket choudhary,A Choudhary
pavan deshpande,TU Deshpande
aniruddha joshi,S Anirudha
rashid khan,Rashid Khan
wriddhiman saha,Ishan Kishan
siddarth kaul,M Siddharth
khaleel ahmed,Shahbaz Ahmed
sandeep sharma,Sandeep Sharma
carlos brathwaite,CR Brathwaite
shakib al hasan,Shakib Al Hasan
yusuf pathan,YK Pathan
shreevats goswami,SP Goswami
mohammad nabi,Mohammad Nabi
chris jordan,CJ Jordan
basil thampi,Basil Thampi
sachin baby,Sachin Baby
bipul sharma,Bipul Sharma
mahedi hasan,Rashid Khan
ricky bhui,
tanmay agarwal,MA Agarwal
mohit sharma,Ankit Sharma
ruturaj gaikwad,RD Gaikwad
colin ingram,CA Ingram
axar patel,PA Patel
hanuma vihari,Karim Janat
sherfane rutherford,SE Rutherford
ishant sharma,Abhishek Sharma
keemo paul,R Rampaul
jalaj saxena,Jalaj S Saxena
ankush bains,Akash Singh
nathu singh,Akash Singh
bandaru ayyappa,Sikandar Raza
varun chakravarthy,Vivrant Sharma
sam curran,TK Curran
mohammed shami,Mohammed Shami
nicholas pooran,N Pooran
moises henriques,MC Henriques
hardus viljoen,GC Viljoen
darshan nalkande,DG Nalkande
sarfaraz khan,Saurav Chauhan
arshdeep singh,Arshdeep Singh
agnivesh ayachi,
murugan ashwin,Umran Malik
carlos brathwaite,CR Brathwaite
lockie ferguson,LH Ferguson
joe denly,JL Denly
harry gurney,HF Gurney
nikhil naik,
shrikant mundhe,Washington Sundar
prithvi raj yarra,Y Prithvi Raj
anrich nortje,A Nortje
lasith malinga,Rasikh Salam
yuvraj singh,Yuvraj Singh
anmolpreet singh,Anmolpreet Singh
pankaj jaswal,YBK Jaiswal
rasikh dar salam,Rasikh Salam
jaydev unadkat,JD Unadkat
varun aaron,VR Aaron
ashton turner,AJ Turner
liam livingstone,LS Livingstone
shashank singh,Shashank Singh
riyan parag,Priyansh Arya
manan vohra,M Vohra
shubham ranjane,
shimron hetmyer,SO Hetmyer
akshdeep nath,Arshdeep Singh
prayas barman,P Ray Barman
himmat singh,Simarjeet Singh
gurkeerat singh mann,Gurkeerat Singh
heinrich klaasen,H Klaasen
devdutt padikkal,D Padikkal
milind kumar,Sumit Kumar
jonny bairstow,JM Bairstow
wriddhiman saha,Ishan Kishan
sam curran,TK Curran
josh hazlewood,JR Hazlewood
ravisrinivasan sai kishore,R Sai Kishore
shimron hetmyer,SO Hetmyer
marcus stoinis,MP Stoinis
alex carey,AT Carey
jason roy,SP Jackson
chris woakes,CR Woakes
mohit sharma,Ankit Sharma
tushar deshpande,TU Deshpande
lalit yadav,Lalit Yadav
sheldon cottrell,SS Cottrell
chris jordan,CJ Jordan
james neesham,JDS Neesham
tajinder dhillon,
ishan porel,Abishek Porel
pat cummins,PJ Cummins
eoin morgan,EJG Morgan
varun chakravarthy,Vivrant Sharma
rahul tripathi,RA Tripathi
chris green,C Green
nikhil naik,
pravin tambe,S Aravind
manimaran siddharth,M Siddharth
nathan coulter-nile,NM Coulter-Nile
chris lynn,
digvijay deshmukh,
mohsin khan,Mohsin Khan
robin uthappa,RV Uthappa
jaydev unadkat,JD Unadkat
yashasvi jaiswal,Yash Dayal
kartik tyagi,Kartik Tyagi
tom curran,TK Curran
andrew tye,S Badree
anuj rawat,Anuj Rawat
david miller,DA Miller
aniruddha joshi,S Anirudha
akash maharaj singh,Akash Singh
chris morris,CH Morris
aaron finch,Shashank Singh
kane richardson,JA Richardson
dale steyn,DW Steyn
isuru udana,I Udana
shahbaz ahmed,Shahbaz Ahmed
josh philippe,JR Philippe
pavan deshpande,TU Deshpande
mitchell marsh,DJ Mitchell
priyam garg,Mayank Dagar
virat singh,Virat Singh
fabian allen,Anand Rajan
bavanaka sandeep,
sanjay yadav,R Sanjay Yadav
abdul samad,Abdul Samad
krishnappa gowtham,K Gowtham
moeen ali,Umran Malik
cheteshwar pujara,Ashwani Kumar
bhagath varma,Karim Janat
hari nishanth,Ishan Kishan
harishankar reddy,A Ashish Reddy
tom curran,TK Curran
steven smith,Mohit Rathee
sam billings,SW Billings
umesh yadav,Kuldeep Yadav
ripal patel,Urvil Patel
vishnu vinod,Vishnu Vinod
manimaran siddharth,M Siddharth
shakib al hasan,Shakib Al Hasan
harbhajan singh,Harbhajan Singh
ben cutting,BCJ Cutting
karun nair,Imran Tahir
pawan negi,Swapnil Singh
venkatesh iyer,
sheldon jackson,SP Jackson
vaibhav arora,
nathan coulter-nile,NM Coulter-Nile
adam milne,AF Milne
james neesham,JDS Neesham
yudhvir singh charak,Yuvraj Singh
marco jansen,M Jansen
arjun tendulkar,Arjun Tendulkar
jhye richardson,JA Richardson
riley meredith,RP Meredith
shahrukh khan,M Shahrukh Khan
moises henriques,MC Henriques
dawid malan,Umran Malik
fabian allen,Anand Rajan
jalaj saxena,Jalaj S Saxena
saurabh kumar,Kumar Kushagra
utkarsh singh,Yuvraj Singh
chris morris,CH Morris
chetan sakariya,C Sakariya
mustafizur rahman,Mustafizur Rahman
liam livingstone,LS Livingstone
kc cariappa,KC Cariappa
akash maharaj singh,Akash Singh
kuldeep yadav,Kuldeep Yadav
kyle jamieson,KA Jamieson
daniel christian,DT Christian
sachin baby,Sachin Baby
rajat patidar,RM Patidar
mohammad azharuddin,Azhar Mahmood
suyash prabhudessai,SS Prabhudessai
srikar bharat,KS Bharat
mujeeb ur rahman,Mujeeb Ur Rahman
jagadeesha suchith,N Jagadeesan
robin uthappa,RV Uthappa
dwayne bravo,DM Bravo
deepak chahar,DL Chahar
hari nishanth,Ishan Kishan
n jagadeesan,N Jagadeesan
km asif,KM Asif
tushar deshpande,TU Deshpande
chris jordan,CJ Jordan
maheesh theekshana,M Theekshana
rs hangargekar,RS Hangargekar
simarjeet singh,Simarjeet Singh
devon conway,DP Conway
dwaine pretorius,D Pretorius
mitchell santner,MJ Santner
adam milne,AF Milne
subhranshu senapati,
mukesh choudhary,Mukesh Choudhary
prashant solanki,Ishan Kishan
bhagath varma,Karim Janat
david warner,DA Warner
mitchell marsh,DJ Mitchell
mustafizur rahman,Mustafizur Rahman
shardul thakur,Arshad Khan
kuldeep yadav,Kuldeep Yadav
ashwin hebbar,R Ashwin
sarfaraz khan,Saurav Chauhan
kamlesh nagarkoti,KL Nagarkoti
srikar bharat,KS Bharat
mandeep singh,Ramandeep Singh
khaleel ahmed,Shahbaz Ahmed
lungi ngidi,L Ngidi
chetan sakariya,C Sakariya
yash dhull,Abdul Basith
vicky ostwal,
ripal patel,Urvil Patel
lalit yadav,Lalit Yadav
rovman powell,R Powell
tim seifert,TL Seifert
praveen dubey,P Dubey
mohammed shami,Mohammed Shami
david miller,DA Miller
jason roy,SP Jackson
wriddhiman saha,Ishan Kishan
matthew wade,
lockie ferguson,LH Ferguson
abhinav manohar,A Manohar
rahul tewatia,R Tewatia
ravisrinivasan sai kishore,R Sai Kishore
dominic drakes,
vijay shankar,V Shankar
jayant yadav,R Sanjay Yadav
darshan nalkande,DG Nalkande
yash dayal,Yash Dayal
sai sudharsan,B Sai Sudharsan
gurkeerat singh mann,Gurkeerat Singh
alzarri joseph,AS Joseph
varun aaron,VR Aaron
pradeep sangwan,Mandeep Singh
pat cummins,PJ Cummins
mohammad nabi,Mohammad Nabi
nitish rana,M Pathirana
sam billings,SW Billings
umesh yadav,Kuldeep Yadav
shivam mavi,Shivam Mavi
sheldon jackson,SP Jackson
ajinkya rahane,Umran Malik
rinku singh,Anureet Singh
anukul roy,S Kaul
alex hales,AD Hales
rasikh dar salam,Rasikh Salam
tim southee,TG Southee
baba indrajith,B Indrajith
chamika karunaratne,Sikandar Raza
abhijeet tomar,
aman hakim khan,Aman Hakim Khan
ramesh kumar,Mukesh Kumar
pratham singh,Shivam Singh
ashok sharma,Abhishek Sharma
quinton de kock,
krunal pandya,KH Pandya
avesh khan,Avesh Khan
ankit singh,Sanvir Singh
krishnappa gowtham,K Gowtham
dushmantha chameera,PVD Chameera
shahbaz nadeem,Shahbaz Ahmed
manan vohra,M Vohra
evin lewis,E Lewis
mohsin khan,Mohsin Khan
mayank yadav,R Sanjay Yadav
ayush badoni,A Badoni
kyle mayers,KR Mayers
karn sharma,Sandeep Sharma
jason holder,JO Holder
ishan kishan,Ishan Kishan
dewald brevis,D Brevis
anmolpreet singh,Anmolpreet Singh
basil thampi,Basil Thampi
murugan ashwin,Umran Malik
jaydev unadkat,JD Unadkat
mayank markande,Mayank Dagar
sanjay yadav,R Sanjay Yadav
daniel sams,Basil Thampi
tymal mills,TS Mills
tim david,Shivam Mavi
ramandeep singh,Ramandeep Singh
aryan juyal,Suyash Sharma
fabian allen,Anand Rajan
riley meredith,RP Meredith
rahul buddhi,KL Rahul
hrithik shokeen,HR Shokeen
arshad khan,Arshad Khan
arjun tendulkar,Arjun Tendulkar
kagiso rabada,K Rabada
jonny bairstow,JM Bairstow
rahul chahar,DL Chahar
shahrukh khan,M Shahrukh Khan
jitesh sharma,Abhishek Sharma
ishan porel,Abishek Porel
liam livingstone,LS Livingstone
odean smith,DR Smith
sandeep sharma,Sandeep Sharma
raj bawa,KA Maharaj
rishi dhawan,Rashid Khan
nathan ellis,IK Pathan
prerak mankad,PN Mankad
atharva taide,Atharva Taide
vaibhav arora,
bhanuka rajapaksa,PBB Rajapaksa
benny howell,R Powell
writtick chatterjee,
ansh patel,PA Patel
ravichandran ashwin,R Ravindra
shimron hetmyer,SO Hetmyer
devdutt padikkal,D Padikkal
prasidh krishna,M Prasidh Krishna
yuzvendra chahal,Saurav Chauhan
riyan parag,Priyansh Arya
kc cariappa,KC Cariappa
james neesham,JDS Neesham
nathan coulter-nile,NM Coulter-Nile
navdeep saini,Navdeep Saini
karun nair,Imran Tahir
rassie van der dussen,HE van der Dussen
daryl mitchell,DJ Mitchell
obed mccoy,
dhruv jurel,Dhruv Jurel
tejas baroka,Tejas Baroka
kuldeep yadav,Kuldeep Yadav
shubham garhwal,MA Agarwal
anunay singh,Sanvir Singh
faf du plessis,F du Plessis
wanindu hasaranga,Atharva Taide
harshal patel,YS Chahal
dinesh karthik,KD Karthik
josh hazlewood,JR Hazlewood
shahbaz ahmed,Shahbaz Ahmed
anuj rawat,Anuj Rawat
akash deep,Akash Deep
karn sharma,Sandeep Sharma
mahipal lomror,MK Lomror
sherfane rutherford,SE Rutherford
jason behrendorff,JP Behrendorff
siddarth kaul,M Siddharth
suyash prabhudessai,SS Prabhudessai
luvnith sisodia,
chama v milind,Shivam Sharma
aneeshwar gautam,Sandeep Sharma
david willey,DJ Willey
washington sundar,Washington Sundar
nicholas pooran,N Pooran
bhuvneshwar kumar,Ashwani Kumar
priyam garg,Mayank Dagar
rahul tripathi,RA Tripathi
vishnu vinod,Vishnu Vinod
kartik tyagi,Kartik Tyagi
shreyas gopal,S Gopal
jagadeesha suchith,N Jagadeesan
aiden markram,AK Markram
marco jansen,M Jansen
romario shepherd,R Shepherd
glenn phillips,GD Phillips
fazalhaq farooqi,Fazalhaq Farooqi
sean abbott,SA Abbott
ravikumar samarth,Vijaykumar Vyshak
shashank singh,Shashank Singh
saurabh dubey,Harsh Dubey
ajinkya rahane,Umran Malik
bhagath varma,Karim Janat
kyle jamieson,KA Jamieson
ajay jadav mandal,R Sanjay Yadav
nishant sindhu,M Prasidh Krishna
shaik rasheed,SK Rasheed
ben stokes,BA Stokes
philip salt,GD Phillips
ishant sharma,Abhishek Sharma
rilee rossouw,RR Rossouw
mukesh kumar,Mukesh Kumar
shivam mavi,Shivam Mavi
srikar bharat,KS Bharat
urvil patel,Urvil Patel
mohit sharma,Ankit Sharma
joshua little,J Little
odean smith,DR Smith
kulwant khejroliya,K Khejroliya
shakib al hasan,Shakib Al Hasan
vaibhav arora,
n jagadeesan,N Jagadeesan
david wiese,D Wiese
mandeep singh,Ramandeep Singh
litton das,Liton Das
suyash sharma,Suyash Sharma
amit mishra,A Mishra
nicholas pooran,N Pooran
romario shepherd,R Shepherd
daniel sams,Basil Thampi
swapnil singh,Swapnil Singh
yudhvir singh charak,Yuvraj Singh
prerak mankad,PN Mankad
yash thakur,Yash Thakur
naveen-ul-haq,Naveen-ul-Haq
jaydev unadkat,JD Unadkat
jhye richardson,JA Richardson
raghav goyal,Yash Dayal
cameron green,KA Jamieson
vishnu vinod,Vishnu Vinod
duan jansen,D Jansen
shams mulani,SZ Mulani
harpreet singh bhatia,Harpreet Singh
shivam singh,Shivam Singh
vidhwath kaverappa,V Kaverappa
mohit rathee,Mohit Rathee
sam curran,TK Curran
sikandar raza,Sikandar Raza
jason holder,JO Holder
adam zampa,A Zampa
abdul razzaq,Abdul Samad
akash vashist,Akash Madhwal
donovan ferreira,D Ferreira
kunal singh rathore,Harpreet Singh
murugan ashwin,Umran Malik
km asif,KM Asif
sonu yadav,J Yadav
himanshu sharma,Abhishek Sharma
avinash singh,Akash Singh
manoj bhandage,MS Bhandage
will jacks,WG Jacks
reece topley,RJW Topley
rajan kumar,Monu Kumar
sanvir singh,Sanvir Singh
harry brook,HC Brook
heinrich klaasen,H Klaasen
akeal hosein,AJ Hosein
mayank markande,Mayank Dagar
adil rashid,Rashid Khan
anmolpreet singh,Anmolpreet Singh
vivrant sharma,Vivrant Sharma
samarth vyas,Suyash Sharma
nitish kumar reddy,Nithish Kumar Reddy
mayank agarawal,Mayank Dagar
mayank dagar,Mayank Dagar
mustafizur rahman,Mustafizur Rahman
daryl mitchell,DJ Mitchell
sameer rizvi,Sameer Rizvi
rachin ravindra,R Ravindra
shardul thakur,Arshad Khan
ricky bhui,
sumit kumar,Sumit Kumar
swastik chikara,Atharva Taide
jhye richardson,JA Richardson
shai hope,R Sai Kishore
rasikh dar salam,Rasikh Salam
kumar kushagra,Kumar Kushagra
tristan stubbs,T Stubbs
harry brook,HC Brook
kartik tyagi,Kartik Tyagi
spencer johnson,MG Johnson
manav suthar,MJ Suthar
robin minz,R Minz
sushant mishra,Ishan Kishan
azmatullah omarzai,Azmatullah Omarzai
shahrukh khan,M Shahrukh Khan
umesh yadav,Kuldeep Yadav
mujeeb ur rahman,Mujeeb Ur Rahman
gus atkinson,JL Pattinson
angkrish raghuvanshi,A Raghuvanshi
sherfane rutherford,SE Rutherford
ramandeep singh,Ramandeep Singh
srikar bharat,KS Bharat
chetan sakariya,C Sakariya
sakib hussain,Gulbadin Naib
ashton turner,AJ Turner
david willey,DJ Willey
manimaran siddharth,M Siddharth
shivam mavi,Shivam Mavi
arshin kulkarni,DS Kulkarni
arshad khan,Arshad Khan
dilshan madushanka,Ishan Kishan
shreyas gopal,S Gopal
shivalik sharma,Shivam Sharma
anshul kamboj,A Kamboj
mohammad nabi,Mohammad Nabi
naman dhir,Naman Dhir
nuwan thushara,N Thushara
gerald coetzee,G Coetzee
chris woakes,CR Woakes
tanay thyagarajan,T Natarajan
vishwanath singh,Virat Singh
ashutosh sharma,Ashutosh Sharma
shashank singh,Shashank Singh
rilee rossouw,RR Rossouw
prince choudhary,Mukesh Choudhary
harshal patel,YS Chahal
shubham dubey,Harsh Dubey
rovman powell,R Powell
abid mushtaq,
nandre burger,N Burger
tom kohler-cadmore,T Kohler-Cadmore
lockie ferguson,LH Ferguson
tom curran,TK Curran
saurav chauhan,Saurav Chauhan
alzarri joseph,AS Joseph
swapnil singh,Swapnil Singh
yash dayal,Yash Dayal
jhatavedh subramanyan,Suryansh Shedge
akash maharaj singh,Akash Singh
jaydev unadkat,JD Unadkat
wanindu hasaranga,Atharva Taide
pat cummins,PJ Cummins
travis head,Suryansh Shedge
ravichandran ashwin,R Ravindra
devon conway,DP Conway
khaleel ahmed,Shahbaz Ahmed
rachin ravindra,R Ravindra
anshul kamboj,A Kamboj
rahul tripathi,RA Tripathi
sam curran,TK Curran
gurjapneet singh,Anureet Singh
nathan ellis,IK Pathan
jamie overton,J Overton
vijay shankar,V Shankar
vansh bedi,Harsh Dubey
andre siddarth c,M Siddharth
shreyas gopal,S Gopal
ramakrishna ghosh,Ashutosh Sharma
kamlesh nagarkoti,KL Nagarkoti
mukesh choudhary,Mukesh Choudhary
shaik rasheed,SK Rasheed
kl rahul,KL Rahul
jake fraser-mcgurk,J Fraser-McGurk
mukesh kumar,Mukesh Kumar
harry brook,HC Brook
ashutosh sharma,Ashutosh Sharma
mohit sharma,Ankit Sharma
faf du plessis,F du Plessis
sameer rizvi,Sameer Rizvi
donovan ferreira,D Ferreira
dushmantha chameera,PVD Chameera
vipraj nigam,Yuvraj Singh
karun nair,Imran Tahir
madhav tiwari,M Tiwari
tripurana vijay,
manvanth kumar l,R Vinay Kumar
ajay jadav mandal,R Sanjay Yadav
darshan nalkande,DG Nalkande
jos buttler,JC Buttler
kagiso rabada,K Rabada
prasidh krishna,M Prasidh Krishna
washington sundar,Washington Sundar
sherfane rutherford,SE Rutherford
gerald coetzee,G Coetzee
glenn phillips,GD Phillips
ravisrinivasan sai kishore,R Sai Kishore
mahipal lomror,MK Lomror
gurnoor brar,Gurnoor Brar
arshad khan,Arshad Khan
karim janat,Karim Janat
jayant yadav,R Sanjay Yadav
ishant sharma,Abhishek Sharma
kumar kushagra,Kumar Kushagra
kulwant khejroliya,K Khejroliya
manav suthar,MJ Suthar
anuj rawat,Anuj Rawat
nishant sindhu,M Prasidh Krishna
venkatesh iyer,
anrich nortje,A Nortje
quinton de kock,
angkrish raghuvanshi,A Raghuvanshi
spencer johnson,MG Johnson
moeen ali,Umran Malik
rahmanullah gurbaz,Rahmanullah Gurbaz
vaibhav arora,
ajinkya rahane,Umran Malik
rovman powell,R Powell
umran malik,Umran Malik
anukul roy,S Kaul
luvnith sisodia,
mayank markande,Mayank Dagar
rishabh pant,Ishan Kishan
avesh khan,Avesh Khan
akash deep,Akash Deep
david miller,DA Miller
abdul samad,Abdul Samad
mitchell marsh,DJ Mitchell
shahbaz ahmed,Shahbaz Ahmed
aiden markram,AK Markram
matthew breetzke,MP Breetzke
shamar joseph,Ashutosh Sharma
manimaran siddharth,M Siddharth
arshin kulkarni,DS Kulkarni
rs hangargekar,RS Hangargekar
yuvraj chaudhary,Saurav Chauhan
prince yadav,Prince Yadav
akash maharaj singh,Akash Singh
digvesh singh,Akash Singh
himmat singh,Simarjeet Singh
aryan juyal,Suyash Sharma
deepak chahar,DL Chahar
will jacks,WG Jacks
naman dhir,Naman Dhir
am ghazanfar,
mitchell santner,MJ Santner
ryan rickelton,RD Rickelton
lizaad williams,LB Williams
reece topley,RJW Topley
robin minz,R Minz
karn sharma,Sandeep Sharma
vignesh puthur,V Puthur
arjun tendulkar,Arjun Tendulkar
bevon jacobs,
penmetsa raju,
raj bawa,KA Maharaj
krishnan shrijith,M Prasidh Krishna
ashwani kumar,Ashwani Kumar
yuzvendra chahal,Saurav Chauhan
arshdeep singh,Arshdeep Singh
marcus stoinis,MP Stoinis
marco jansen,M Jansen
priyansh arya,Priyansh Arya
josh inglis,JP Inglis
azmatullah omarzai,Azmatullah Omarzai
lockie ferguson,LH Ferguson
vijaykumar vyshak,Vijaykumar Vyshak
yash thakur,Yash Thakur
aaron hardie,F Behardien
vishnu vinod,Vishnu Vinod
xavier bartlett,XC Bartlett
praveen dubey,P Dubey
pyla avinash,S Badrinath
suryansh shedge,Suryansh Shedge
musheer khan,Musheer Khan
tushar deshpande,TU Deshpande
wanindu hasaranga,Atharva Taide
maheesh theekshana,M Theekshana
nitish rana,M Pathirana
fazalhaq farooqi,Fazalhaq Farooqi
kwena maphaka,KT Maphaka
akash madhwal,Akash Madhwal
vaibhav suryavanshi,V Suryavanshi
shubham dubey,Harsh Dubey
yudhvir singh charak,Yuvraj Singh
ashok sharma,Abhishek Sharma
kunal singh rathore,Harpreet Singh
josh hazlewood,JR Hazlewood
philip salt,GD Phillips
jitesh sharma,Abhishek Sharma
bhuvneshwar kumar,Ashwani Kumar
liam livingstone,LS Livingstone
rasikh dar salam,Rasikh Salam
krunal pandya,KH Pandya
tim david,Shivam Mavi
jacob bethell,JG Bethell
suyash sharma,Suyash Sharma
devdutt padikkal,D Padikkal
nuwan thushara,N Thushara
romario shepherd,R Shepherd
lungi ngidi,L Ngidi
swapnil singh,Swapnil Singh
mohit rathee,Mohit Rathee
abhinandan singh,Harbhajan Singh
swastik chikara,Atharva Taide
manoj bhandage,MS Bhandage
ishan kishan,Ishan Kishan
mohammed shami,Mohammed Shami
harshal patel,YS Chahal
abhinav manohar,A Manohar
rahul chahar,DL Chahar
adam zampa,A Zampa
simarjeet singh,Simarjeet Singh
eshan malinga,E Malinga
brydon carse,Harsh Dubey
jaydev unadkat,JD Unadkat
kamindu mendis,BKG Mendis
zeeshan ansari,Zeeshan Ansari
sachin baby,Sachin Baby
aniket verma,Aniket Verma
atharva taide,Atharva Taide
