season,player,runs,price,price_per_run
2013,NLTC Perera,235,39150000,166595.74
2013,DJG Sammy,174,24650000,141666.67
2013,MC Henriques,165,17400000,105454.55
2014,RV Uthappa,660,50000000,75757.58
2014,DR Smith,566,45000000,79505.3
2014,DA Warner,528,55000000,104166.67
2014,V Sehwag,455,32000000,70329.67
2014,JP Duminy,410,22000000,53658.54
2014,RG Sharma,390,19000000,48717.95
2014,WP Saha,362,22000000,60773.48
2014,KK Nair,330,7500000,22727.27
2014,KD Karthik,325,125000000,384615.38
2014,AJ Finch,309,40000000,129449.84
2014,F du Plessis,303,47500000,156765.68
2014,KP Pietersen,294,90000000,306122.45
2014,YK Pathan,268,32500000,121268.66
2014,CJ Anderson,265,45000000,169811.32
2014,GJ Bailey,257,32500000,126459.14
2014,NV Ojha,232,5000000,21551.72
2014,Shakib Al Hasan,229,28000000,122270.74
2014,MEK Hussey,209,50000000,239234.45
2014,M Vijay,207,50000000,241545.89
2014,PA Patel,205,14000000,68292.68
2014,KL Rahul,166,10000000,60240.96
2014,SA Yadav,164,7000000,42682.93
2014,Q de Kock,153,35000000,228758.17
2014,MK Tiwary,152,28000000,184210.53
2014,SPD Smith,152,40000000,263157.89
2014,JH Kallis,151,55000000,364238.41
2015,RG Sharma,482,3000000,6224.07
2015,M Vijay,251,30000000,119521.91
2015,EJG Morgan,187,15000000,80213.9
2016,AJ Finch,393,10000000,25445.29
2016,KK Nair,357,40000000,112044.82
2016,KD Karthik,335,23000000,68656.72
2016,DR Smith,324,23000000,70987.65
2016,SV Samson,291,42000000,144329.9
2016,JC Buttler,255,38000000,149019.61
2016,KH Pandya,237,20000000,84388.19
2016,RR Pant,198,19000000,95959.6
2016,CH Morris,195,70000000,358974.36
2016,SR Watson,179,95000000,530726.26
2016,NLTC Perera,150,10000000,66666.67
2017,RA Tripathi,391,1000000,2557.54
2017,MK Tiwary,324,5000000,15432.1
2017,BA Stokes,316,145000000,458860.76
2018,KL Rahul,659,110000000,166919.58
2018,SR Watson,555,40000000,72072.07
2018,JC Buttler,548,44000000,80291.97
2018,SA Yadav,512,32000000,62500.0
2018,KD Karthik,498,74000000,148594.38
2018,CA Lynn,491,96000000,195519.35
2018,SV Samson,441,80000000,181405.9
2018,E Lewis,382,38000000,99476.44
2018,AM Rahane,370,40000000,108108.11
2018,CH Gayle,368,20000000,54347.83
2018,RV Uthappa,351,64000000,182336.18
2018,N Rana,304,34000000,111842.11
2018,KK Nair,301,56000000,186046.51
2018,Ishan Kishan,275,62000000,225454.55
2018,YK Pathan,260,19000000,73076.92
2018,Mandeep Singh,252,14000000,55555.56
2018,PP Shaw,245,12000000,48979.59
2018,Shakib Al Hasan,239,20000000,83682.01
2018,KH Pandya,228,88000000,385964.91
2018,RA Tripathi,226,34000000,150442.48
2018,V Shankar,212,32000000,150943.4
2018,Shubman Gill,203,18000000,88669.95
2018,Q de Kock,201,28000000,139303.48
2018,BA Stokes,196,125000000,637755.1
2018,F du Plessis,162,16000000,98765.43
2018,PA Patel,153,17000000,111111.11
2019,JM Bairstow,445,22000000,49438.2
2019,CA Ingram,184,64000000,347826.09
2019,SN Khan,180,2500000,13888.89
2019,N Pooran,168,42000000,250000.0
2019,R Parag,160,2000000,12500.0
2020,SA Yadav,480,2000000,4166.67
2020,EJG Morgan,419,52500000,125298.33
2020,MP Stoinis,352,48000000,136363.64
2020,AJ Finch,268,44000000,164179.1
2020,RA Tripathi,230,6000000,26086.96
2020,RV Uthappa,196,30000000,153061.22
2020,SM Curran,186,55000000,295698.92
2020,SO Hetmyer,185,77500000,418918.92
2021,VR Iyer,370,2000000,5405.41
2021,MM Ali,357,70000000,196078.43
2021,KS Bharat,191,2000000,10471.2
2021,SPD Smith,152,22000000,144736.84
2022,Q de Kock,508,67500000,132874.02
2022,DA Miller,481,30000000,62370.06
2022,F du Plessis,468,70000000,149572.65
2022,LS Livingstone,437,115000000,263157.89
2022,DA Warner,432,62500000,144675.93
2022,Abhishek Sharma,426,5500000,12910.8
2022,Ishan Kishan,418,152500000,364832.54
2022,RA Tripathi,413,85000000,205811.14
2022,Tilak Varma,397,2000000,5037.78
2022,AK Markram,381,26000000,68241.47
2022,D Padikkal,376,77500000,206117.02
2022,N Rana,361,80000000,221606.65
2022,KD Karthik,330,55000000,166666.67
2022,WP Saha,317,19000000,59936.91
2022,SO Hetmyer,314,85000000,270700.64
2022,N Pooran,306,107500000,351307.19
2022,SA Yadav,303,5000000,16501.65
2022,JM Bairstow,253,67500000,266798.42
2022,DP Conway,252,10000000,39682.54
2022,MR Marsh,251,65000000,258964.14
2022,R Powell,250,28000000,112000.0
2022,JM Sharma,234,2000000,8547.01
2022,RV Uthappa,230,20000000,86956.52
2022,Shahbaz Ahmed,219,24000000,109589.04
2022,R Tewatia,217,90000000,414746.54
2022,PBB Rajapaksa,206,5000000,24271.84
2022,R Ashwin,191,50000000,261780.1
2022,TH David,186,82500000,443548.39
2022,R Parag,183,38000000,207650.27
2022,KH Pandya,183,82500000,450819.67
2022,AR Patel,182,2000000,10989.01
2022,RK Singh,174,5500000,31609.2
2022,SW Billings,169,20000000,118343.2
2022,Lalit Yadav,161,6500000,40372.67
2022,D Brevis,161,30000000,186335.4
2022,A Badoni,161,2000000,12422.36
2022,MS Wade,157,24000000,152866.24
2023,SA Yadav,605,2000000,3305.79
2023,H Klaasen,448,52500000,117187.5
2023,N Pooran,358,160000000,446927.37
2023,Tilak Varma,343,2000000,5830.9
2023,AM Rahane,326,5000000,15337.42
2023,SM Curran,276,185000000,670289.86
2023,MA Agarwal,270,82500000,305555.56
2023,PD Salt,218,20000000,91743.12
2023,RR Rossouw,209,46000000,220095.69
2023,HC Brook,190,132500000,697368.42
2024,TM Head,567,68000000,119929.45
2024,Abhishek Sharma,484,2000000,4132.23
2024,T Stubbs,378,5000000,13227.51
2024,DJ Mitchell,318,140000000,440251.57
2024,R Ravindra,222,18000000,81081.08
2024,RR Rossouw,211,80000000,379146.92
2024,SD Hope,183,7500000,40983.61
2024,RK Singh,168,2000000,11904.76
2024,A Raghuvanshi,163,2000000,12269.94
2025,MR Marsh,627,34000000,54226.48
2025,KL Rahul,546,140000000,256410.26
2025,Priyansh Arya,545,38000000,69724.77
2025,JC Buttler,538,157500000,292750.93
2025,AK Markram,445,20000000,44943.82
2025,Abhishek Sharma,439,38000000,86560.36
2025,PD Salt,403,115000000,285359.8
2025,AM Rahane,390,15000000,38461.54
2025,RD Rickelton,388,10000000,25773.2
2025,Ishan Kishan,354,112500000,317796.61
2025,A Raghuvanshi,300,30000000,100000.0
2025,SE Rutherford,291,26000000,89347.08
2025,JP Inglis,278,26000000,93525.18
2025,RR Pant,269,270000000,1003717.47
2025,JM Sharma,261,110000000,421455.94
2025,Naman Dhir,252,52500000,208333.33
2025,V Suryavanshi,252,11000000,43650.79
2025,D Padikkal,247,20000000,80971.66
2025,Aniket Verma,236,3000000,12711.86
2025,WG Jacks,233,52500000,225321.89
2025,N Rana,217,42000000,193548.39
2025,F du Plessis,202,20000000,99009.9
2025,KK Nair,198,5000000,25252.53
2025,R Ravindra,191,40000000,209424.08
2025,TH David,187,30000000,160427.81
2025,M Shahrukh Khan,179,3000000,16759.78
2025,Abdul Samad,164,42000000,256097.56
2025,MP Stoinis,160,110000000,687500.0
2025,DP Conway,156,62500000,400641.03
2025,DA Miller,153,75000000,490196.08
2025,Q de Kock,152,36000000,236842.11
